map_name,map_category,trial,algorithm,algorithm_group,is_foam,start_x,start_y,goal_x,goal_y,goal_found,total_time,total_distance,total_steps,smoothness_of_trajectory,obstacle_clearance,distance_to_goal,original_distance_to_goal,map_obstacles_percentage,memory_kib,error
vin test 8x8 -3,non_urban,1,Potential Field,classical,False,1,7,7,0,True,0.044894,10.656854152679443,10.0,0.31415926193612514,1.5650281539872886,0.0,9.219544410705566,26.5625,134.318,
Uniform Random Fill,non_urban,1,A*,classical,False,,,,,False,,,,,,,,,,Map 'Uniform Random Fill' has fewer than 2 valid positions
Uniform Random Fill,non_urban,2,A*,classical,False,,,,,False,,,,,,,,,,Map 'Uniform Random Fill' has fewer than 2 valid positions
Uniform Random Fill,non_urban,3,A*,classical,False,,,,,False,,,,,,,,,,Map 'Uniform Random Fill' has fewer than 2 valid positions
Uniform Random Fill,non_urban,4,A*,classical,False,,,,,False,,,,,,,,,,Map 'Uniform Random Fill' has fewer than 2 valid positions
Uniform Random Fill,non_urban,5,A*,classical,False,,,,,False,,,,,,,,,,Map 'Uniform Random Fill' has fewer than 2 valid positions
Uniform Random Fill,non_urban,6,A*,classical,False,,,,,False,,,,,,,,,,Map 'Uniform Random Fill' has fewer than 2 valid positions
Uniform Random Fill,non_urban,7,A*,classical,False,,,,,False,,,,,,,,,,Map 'Uniform Random Fill' has fewer than 2 valid positions
Uniform Random Fill,non_urban,8,A*,classical,False,,,,,False,,,,,,,,,,Map 'Uniform Random Fill' has fewer than 2 valid positions
Uniform Random Fill,non_urban,9,A*,classical,False,,,,,False,,,,,,,,,,Map 'Uniform Random Fill' has fewer than 2 valid positions
Uniform Random Fill,non_urban,10,A*,classical,False,,,,,False,,,,,,,,,,Map 'Uniform Random Fill' has fewer than 2 valid positions
Uniform Random Fill,non_urban,1,SPRM,classical,False,,,,,False,,,,,,,,,,Map 'Uniform Random Fill' has fewer than 2 valid positions
Uniform Random Fill,non_urban,2,SPRM,classical,False,,,,,False,,,,,,,,,,Map 'Uniform Random Fill' has fewer than 2 valid positions
Uniform Random Fill,non_urban,3,SPRM,classical,False,,,,,False,,,,,,,,,,Map 'Uniform Random Fill' has fewer than 2 valid positions
Uniform Random Fill,non_urban,4,SPRM,classical,False,,,,,False,,,,,,,,,,Map 'Uniform Random Fill' has fewer than 2 valid positions
Uniform Random Fill,non_urban,5,SPRM,classical,False,,,,,False,,,,,,,,,,Map 'Uniform Random Fill' has fewer than 2 valid positions
Uniform Random Fill,non_urban,6,SPRM,classical,False,,,,,False,,,,,,,,,,Map 'Uniform Random Fill' has fewer than 2 valid positions
Uniform Random Fill,non_urban,7,SPRM,classical,False,,,,,False,,,,,,,,,,Map 'Uniform Random Fill' has fewer than 2 valid positions
Uniform Random Fill,non_urban,8,SPRM,classical,False,,,,,False,,,,,,,,,,Map 'Uniform Random Fill' has fewer than 2 valid positions
Uniform Random Fill,non_urban,9,SPRM,classical,False,,,,,False,,,,,,,,,,Map 'Uniform Random Fill' has fewer than 2 valid positions
Uniform Random Fill,non_urban,10,SPRM,classical,False,,,,,False,,,,,,,,,,Map 'Uniform Random Fill' has fewer than 2 valid positions
Uniform Random Fill,non_urban,1,RT,classical,False,,,,,False,,,,,,,,,,Map 'Uniform Random Fill' has fewer than 2 valid positions
Uniform Random Fill,non_urban,2,RT,classical,False,,,,,False,,,,,,,,,,Map 'Uniform Random Fill' has fewer than 2 valid positions
Uniform Random Fill,non_urban,3,RT,classical,False,,,,,False,,,,,,,,,,Map 'Uniform Random Fill' has fewer than 2 valid positions
Uniform Random Fill,non_urban,4,RT,classical,False,,,,,False,,,,,,,,,,Map 'Uniform Random Fill' has fewer than 2 valid positions
Uniform Random Fill,non_urban,5,RT,classical,False,,,,,False,,,,,,,,,,Map 'Uniform Random Fill' has fewer than 2 valid positions
Uniform Random Fill,non_urban,6,RT,classical,False,,,,,False,,,,,,,,,,Map 'Uniform Random Fill' has fewer than 2 valid positions
Uniform Random Fill,non_urban,7,RT,classical,False,,,,,False,,,,,,,,,,Map 'Uniform Random Fill' has fewer than 2 valid positions
Uniform Random Fill,non_urban,8,RT,classical,False,,,,,False,,,,,,,,,,Map 'Uniform Random Fill' has fewer than 2 valid positions
Uniform Random Fill,non_urban,9,RT,classical,False,,,,,False,,,,,,,,,,Map 'Uniform Random Fill' has fewer than 2 valid positions
Uniform Random Fill,non_urban,10,RT,classical,False,,,,,False,,,,,,,,,,Map 'Uniform Random Fill' has fewer than 2 valid positions
Uniform Random Fill,non_urban,1,RRT,classical,False,,,,,False,,,,,,,,,,Map 'Uniform Random Fill' has fewer than 2 valid positions
Uniform Random Fill,non_urban,2,RRT,classical,False,,,,,False,,,,,,,,,,Map 'Uniform Random Fill' has fewer than 2 valid positions
Uniform Random Fill,non_urban,3,RRT,classical,False,,,,,False,,,,,,,,,,Map 'Uniform Random Fill' has fewer than 2 valid positions
Uniform Random Fill,non_urban,4,RRT,classical,False,,,,,False,,,,,,,,,,Map 'Uniform Random Fill' has fewer than 2 valid positions
Uniform Random Fill,non_urban,5,RRT,classical,False,,,,,False,,,,,,,,,,Map 'Uniform Random Fill' has fewer than 2 valid positions
Uniform Random Fill,non_urban,6,RRT,classical,False,,,,,False,,,,,,,,,,Map 'Uniform Random Fill' has fewer than 2 valid positions
Uniform Random Fill,non_urban,7,RRT,classical,False,,,,,False,,,,,,,,,,Map 'Uniform Random Fill' has fewer than 2 valid positions
Uniform Random Fill,non_urban,8,RRT,classical,False,,,,,False,,,,,,,,,,Map 'Uniform Random Fill' has fewer than 2 valid positions
Uniform Random Fill,non_urban,9,RRT,classical,False,,,,,False,,,,,,,,,,Map 'Uniform Random Fill' has fewer than 2 valid positions
Uniform Random Fill,non_urban,10,RRT,classical,False,,,,,False,,,,,,,,,,Map 'Uniform Random Fill' has fewer than 2 valid positions
Uniform Random Fill,non_urban,1,RRT*,classical,False,,,,,False,,,,,,,,,,Map 'Uniform Random Fill' has fewer than 2 valid positions
Uniform Random Fill,non_urban,2,RRT*,classical,False,,,,,False,,,,,,,,,,Map 'Uniform Random Fill' has fewer than 2 valid positions
Uniform Random Fill,non_urban,3,RRT*,classical,False,,,,,False,,,,,,,,,,Map 'Uniform Random Fill' has fewer than 2 valid positions
Uniform Random Fill,non_urban,4,RRT*,classical,False,,,,,False,,,,,,,,,,Map 'Uniform Random Fill' has fewer than 2 valid positions
Uniform Random Fill,non_urban,5,RRT*,classical,False,,,,,False,,,,,,,,,,Map 'Uniform Random Fill' has fewer than 2 valid positions
Uniform Random Fill,non_urban,6,RRT*,classical,False,,,,,False,,,,,,,,,,Map 'Uniform Random Fill' has fewer than 2 valid positions
Uniform Random Fill,non_urban,7,RRT*,classical,False,,,,,False,,,,,,,,,,Map 'Uniform Random Fill' has fewer than 2 valid positions
Uniform Random Fill,non_urban,8,RRT*,classical,False,,,,,False,,,,,,,,,,Map 'Uniform Random Fill' has fewer than 2 valid positions
Uniform Random Fill,non_urban,9,RRT*,classical,False,,,,,False,,,,,,,,,,Map 'Uniform Random Fill' has fewer than 2 valid positions
Uniform Random Fill,non_urban,10,RRT*,classical,False,,,,,False,,,,,,,,,,Map 'Uniform Random Fill' has fewer than 2 valid positions
Uniform Random Fill,non_urban,1,RRT-Connect,classical,False,,,,,False,,,,,,,,,,Map 'Uniform Random Fill' has fewer than 2 valid positions
Uniform Random Fill,non_urban,2,RRT-Connect,classical,False,,,,,False,,,,,,,,,,Map 'Uniform Random Fill' has fewer than 2 valid positions
Uniform Random Fill,non_urban,3,RRT-Connect,classical,False,,,,,False,,,,,,,,,,Map 'Uniform Random Fill' has fewer than 2 valid positions
Uniform Random Fill,non_urban,4,RRT-Connect,classical,False,,,,,False,,,,,,,,,,Map 'Uniform Random Fill' has fewer than 2 valid positions
Uniform Random Fill,non_urban,5,RRT-Connect,classical,False,,,,,False,,,,,,,,,,Map 'Uniform Random Fill' has fewer than 2 valid positions
Uniform Random Fill,non_urban,6,RRT-Connect,classical,False,,,,,False,,,,,,,,,,Map 'Uniform Random Fill' has fewer than 2 valid positions
Uniform Random Fill,non_urban,7,RRT-Connect,classical,False,,,,,False,,,,,,,,,,Map 'Uniform Random Fill' has fewer than 2 valid positions
Uniform Random Fill,non_urban,8,RRT-Connect,classical,False,,,,,False,,,,,,,,,,Map 'Uniform Random Fill' has fewer than 2 valid positions
Uniform Random Fill,non_urban,9,RRT-Connect,classical,False,,,,,False,,,,,,,,,,Map 'Uniform Random Fill' has fewer than 2 valid positions
Uniform Random Fill,non_urban,10,RRT-Connect,classical,False,,,,,False,,,,,,,,,,Map 'Uniform Random Fill' has fewer than 2 valid positions
Uniform Random Fill,non_urban,1,Wave-front,classical,False,,,,,False,,,,,,,,,,Map 'Uniform Random Fill' has fewer than 2 valid positions
Uniform Random Fill,non_urban,2,Wave-front,classical,False,,,,,False,,,,,,,,,,Map 'Uniform Random Fill' has fewer than 2 valid positions
Uniform Random Fill,non_urban,3,Wave-front,classical,False,,,,,False,,,,,,,,,,Map 'Uniform Random Fill' has fewer than 2 valid positions
Uniform Random Fill,non_urban,4,Wave-front,classical,False,,,,,False,,,,,,,,,,Map 'Uniform Random Fill' has fewer than 2 valid positions
Uniform Random Fill,non_urban,5,Wave-front,classical,False,,,,,False,,,,,,,,,,Map 'Uniform Random Fill' has fewer than 2 valid positions
Uniform Random Fill,non_urban,6,Wave-front,classical,False,,,,,False,,,,,,,,,,Map 'Uniform Random Fill' has fewer than 2 valid positions
Uniform Random Fill,non_urban,7,Wave-front,classical,False,,,,,False,,,,,,,,,,Map 'Uniform Random Fill' has fewer than 2 valid positions
Uniform Random Fill,non_urban,8,Wave-front,classical,False,,,,,False,,,,,,,,,,Map 'Uniform Random Fill' has fewer than 2 valid positions
Uniform Random Fill,non_urban,9,Wave-front,classical,False,,,,,False,,,,,,,,,,Map 'Uniform Random Fill' has fewer than 2 valid positions
Uniform Random Fill,non_urban,10,Wave-front,classical,False,,,,,False,,,,,,,,,,Map 'Uniform Random Fill' has fewer than 2 valid positions
Uniform Random Fill,non_urban,1,Dijkstra,classical,False,,,,,False,,,,,,,,,,Map 'Uniform Random Fill' has fewer than 2 valid positions
Uniform Random Fill,non_urban,2,Dijkstra,classical,False,,,,,False,,,,,,,,,,Map 'Uniform Random Fill' has fewer than 2 valid positions
Uniform Random Fill,non_urban,3,Dijkstra,classical,False,,,,,False,,,,,,,,,,Map 'Uniform Random Fill' has fewer than 2 valid positions
Uniform Random Fill,non_urban,4,Dijkstra,classical,False,,,,,False,,,,,,,,,,Map 'Uniform Random Fill' has fewer than 2 valid positions
Uniform Random Fill,non_urban,5,Dijkstra,classical,False,,,,,False,,,,,,,,,,Map 'Uniform Random Fill' has fewer than 2 valid positions
Uniform Random Fill,non_urban,6,Dijkstra,classical,False,,,,,False,,,,,,,,,,Map 'Uniform Random Fill' has fewer than 2 valid positions
Uniform Random Fill,non_urban,7,Dijkstra,classical,False,,,,,False,,,,,,,,,,Map 'Uniform Random Fill' has fewer than 2 valid positions
Uniform Random Fill,non_urban,8,Dijkstra,classical,False,,,,,False,,,,,,,,,,Map 'Uniform Random Fill' has fewer than 2 valid positions
Uniform Random Fill,non_urban,9,Dijkstra,classical,False,,,,,False,,,,,,,,,,Map 'Uniform Random Fill' has fewer than 2 valid positions
Uniform Random Fill,non_urban,10,Dijkstra,classical,False,,,,,False,,,,,,,,,,Map 'Uniform Random Fill' has fewer than 2 valid positions
Uniform Random Fill,non_urban,1,Potential Field,classical,False,,,,,False,,,,,,,,,,Map 'Uniform Random Fill' has fewer than 2 valid positions
Uniform Random Fill,non_urban,2,Potential Field,classical,False,,,,,False,,,,,,,,,,Map 'Uniform Random Fill' has fewer than 2 valid positions
Uniform Random Fill,non_urban,3,Potential Field,classical,False,,,,,False,,,,,,,,,,Map 'Uniform Random Fill' has fewer than 2 valid positions
Uniform Random Fill,non_urban,4,Potential Field,classical,False,,,,,False,,,,,,,,,,Map 'Uniform Random Fill' has fewer than 2 valid positions
Uniform Random Fill,non_urban,5,Potential Field,classical,False,,,,,False,,,,,,,,,,Map 'Uniform Random Fill' has fewer than 2 valid positions
Uniform Random Fill,non_urban,6,Potential Field,classical,False,,,,,False,,,,,,,,,,Map 'Uniform Random Fill' has fewer than 2 valid positions
Uniform Random Fill,non_urban,7,Potential Field,classical,False,,,,,False,,,,,,,,,,Map 'Uniform Random Fill' has fewer than 2 valid positions
Uniform Random Fill,non_urban,8,Potential Field,classical,False,,,,,False,,,,,,,,,,Map 'Uniform Random Fill' has fewer than 2 valid positions
Uniform Random Fill,non_urban,9,Potential Field,classical,False,,,,,False,,,,,,,,,,Map 'Uniform Random Fill' has fewer than 2 valid positions
Uniform Random Fill,non_urban,10,Potential Field,classical,False,,,,,False,,,,,,,,,,Map 'Uniform Random Fill' has fewer than 2 valid positions
Uniform Random Fill,non_urban,1,Probabilistic Foam (GBPF),classical,True,,,,,False,,,,,,,,,,Map 'Uniform Random Fill' has fewer than 2 valid positions
Uniform Random Fill,non_urban,2,Probabilistic Foam (GBPF),classical,True,,,,,False,,,,,,,,,,Map 'Uniform Random Fill' has fewer than 2 valid positions
Uniform Random Fill,non_urban,3,Probabilistic Foam (GBPF),classical,True,,,,,False,,,,,,,,,,Map 'Uniform Random Fill' has fewer than 2 valid positions
Uniform Random Fill,non_urban,4,Probabilistic Foam (GBPF),classical,True,,,,,False,,,,,,,,,,Map 'Uniform Random Fill' has fewer than 2 valid positions
Uniform Random Fill,non_urban,5,Probabilistic Foam (GBPF),classical,True,,,,,False,,,,,,,,,,Map 'Uniform Random Fill' has fewer than 2 valid positions
Uniform Random Fill,non_urban,6,Probabilistic Foam (GBPF),classical,True,,,,,False,,,,,,,,,,Map 'Uniform Random Fill' has fewer than 2 valid positions
Uniform Random Fill,non_urban,7,Probabilistic Foam (GBPF),classical,True,,,,,False,,,,,,,,,,Map 'Uniform Random Fill' has fewer than 2 valid positions
Uniform Random Fill,non_urban,8,Probabilistic Foam (GBPF),classical,True,,,,,False,,,,,,,,,,Map 'Uniform Random Fill' has fewer than 2 valid positions
Uniform Random Fill,non_urban,9,Probabilistic Foam (GBPF),classical,True,,,,,False,,,,,,,,,,Map 'Uniform Random Fill' has fewer than 2 valid positions
Uniform Random Fill,non_urban,10,Probabilistic Foam (GBPF),classical,True,,,,,False,,,,,,,,,,Map 'Uniform Random Fill' has fewer than 2 valid positions
Uniform Random Fill,non_urban,1,Probabilistic Foam (PFM),classical,True,,,,,False,,,,,,,,,,Map 'Uniform Random Fill' has fewer than 2 valid positions
Uniform Random Fill,non_urban,2,Probabilistic Foam (PFM),classical,True,,,,,False,,,,,,,,,,Map 'Uniform Random Fill' has fewer than 2 valid positions
Uniform Random Fill,non_urban,3,Probabilistic Foam (PFM),classical,True,,,,,False,,,,,,,,,,Map 'Uniform Random Fill' has fewer than 2 valid positions
Uniform Random Fill,non_urban,4,Probabilistic Foam (PFM),classical,True,,,,,False,,,,,,,,,,Map 'Uniform Random Fill' has fewer than 2 valid positions
Uniform Random Fill,non_urban,5,Probabilistic Foam (PFM),classical,True,,,,,False,,,,,,,,,,Map 'Uniform Random Fill' has fewer than 2 valid positions
Uniform Random Fill,non_urban,6,Probabilistic Foam (PFM),classical,True,,,,,False,,,,,,,,,,Map 'Uniform Random Fill' has fewer than 2 valid positions
Uniform Random Fill,non_urban,7,Probabilistic Foam (PFM),classical,True,,,,,False,,,,,,,,,,Map 'Uniform Random Fill' has fewer than 2 valid positions
Uniform Random Fill,non_urban,8,Probabilistic Foam (PFM),classical,True,,,,,False,,,,,,,,,,Map 'Uniform Random Fill' has fewer than 2 valid positions
Uniform Random Fill,non_urban,9,Probabilistic Foam (PFM),classical,True,,,,,False,,,,,,,,,,Map 'Uniform Random Fill' has fewer than 2 valid positions
Uniform Random Fill,non_urban,10,Probabilistic Foam (PFM),classical,True,,,,,False,,,,,,,,,,Map 'Uniform Random Fill' has fewer than 2 valid positions
Uniform Random Fill,non_urban,1,Probabilistic Foam (RBPF),classical,True,,,,,False,,,,,,,,,,Map 'Uniform Random Fill' has fewer than 2 valid positions
Uniform Random Fill,non_urban,2,Probabilistic Foam (RBPF),classical,True,,,,,False,,,,,,,,,,Map 'Uniform Random Fill' has fewer than 2 valid positions
Uniform Random Fill,non_urban,3,Probabilistic Foam (RBPF),classical,True,,,,,False,,,,,,,,,,Map 'Uniform Random Fill' has fewer than 2 valid positions
Uniform Random Fill,non_urban,4,Probabilistic Foam (RBPF),classical,True,,,,,False,,,,,,,,,,Map 'Uniform Random Fill' has fewer than 2 valid positions
Uniform Random Fill,non_urban,5,Probabilistic Foam (RBPF),classical,True,,,,,False,,,,,,,,,,Map 'Uniform Random Fill' has fewer than 2 valid positions
Uniform Random Fill,non_urban,6,Probabilistic Foam (RBPF),classical,True,,,,,False,,,,,,,,,,Map 'Uniform Random Fill' has fewer than 2 valid positions
Uniform Random Fill,non_urban,7,Probabilistic Foam (RBPF),classical,True,,,,,False,,,,,,,,,,Map 'Uniform Random Fill' has fewer than 2 valid positions
Uniform Random Fill,non_urban,8,Probabilistic Foam (RBPF),classical,True,,,,,False,,,,,,,,,,Map 'Uniform Random Fill' has fewer than 2 valid positions
Uniform Random Fill,non_urban,9,Probabilistic Foam (RBPF),classical,True,,,,,False,,,,,,,,,,Map 'Uniform Random Fill' has fewer than 2 valid positions
Uniform Random Fill,non_urban,10,Probabilistic Foam (RBPF),classical,True,,,,,False,,,,,,,,,,Map 'Uniform Random Fill' has fewer than 2 valid positions
Uniform Random Fill,non_urban,1,Probabilistic Foam (HPF),classical,True,,,,,False,,,,,,,,,,Map 'Uniform Random Fill' has fewer than 2 valid positions
Uniform Random Fill,non_urban,2,Probabilistic Foam (HPF),classical,True,,,,,False,,,,,,,,,,Map 'Uniform Random Fill' has fewer than 2 valid positions
Uniform Random Fill,non_urban,3,Probabilistic Foam (HPF),classical,True,,,,,False,,,,,,,,,,Map 'Uniform Random Fill' has fewer than 2 valid positions
Uniform Random Fill,non_urban,4,Probabilistic Foam (HPF),classical,True,,,,,False,,,,,,,,,,Map 'Uniform Random Fill' has fewer than 2 valid positions
Uniform Random Fill,non_urban,5,Probabilistic Foam (HPF),classical,True,,,,,False,,,,,,,,,,Map 'Uniform Random Fill' has fewer than 2 valid positions
Uniform Random Fill,non_urban,6,Probabilistic Foam (HPF),classical,True,,,,,False,,,,,,,,,,Map 'Uniform Random Fill' has fewer than 2 valid positions
Uniform Random Fill,non_urban,7,Probabilistic Foam (HPF),classical,True,,,,,False,,,,,,,,,,Map 'Uniform Random Fill' has fewer than 2 valid positions
Uniform Random Fill,non_urban,8,Probabilistic Foam (HPF),classical,True,,,,,False,,,,,,,,,,Map 'Uniform Random Fill' has fewer than 2 valid positions
Uniform Random Fill,non_urban,9,Probabilistic Foam (HPF),classical,True,,,,,False,,,,,,,,,,Map 'Uniform Random Fill' has fewer than 2 valid positions
Uniform Random Fill,non_urban,10,Probabilistic Foam (HPF),classical,True,,,,,False,,,,,,,,,,Map 'Uniform Random Fill' has fewer than 2 valid positions
Block,non_urban,1,A*,classical,False,,,,,False,,,,,,,,,,Map 'Block' has fewer than 2 valid positions
Block,non_urban,2,A*,classical,False,,,,,False,,,,,,,,,,Map 'Block' has fewer than 2 valid positions
Block,non_urban,3,A*,classical,False,,,,,False,,,,,,,,,,Map 'Block' has fewer than 2 valid positions
Block,non_urban,4,A*,classical,False,,,,,False,,,,,,,,,,Map 'Block' has fewer than 2 valid positions
Block,non_urban,5,A*,classical,False,,,,,False,,,,,,,,,,Map 'Block' has fewer than 2 valid positions
Block,non_urban,6,A*,classical,False,,,,,False,,,,,,,,,,Map 'Block' has fewer than 2 valid positions
Block,non_urban,7,A*,classical,False,,,,,False,,,,,,,,,,Map 'Block' has fewer than 2 valid positions
Block,non_urban,8,A*,classical,False,,,,,False,,,,,,,,,,Map 'Block' has fewer than 2 valid positions
Block,non_urban,9,A*,classical,False,,,,,False,,,,,,,,,,Map 'Block' has fewer than 2 valid positions
Block,non_urban,10,A*,classical,False,,,,,False,,,,,,,,,,Map 'Block' has fewer than 2 valid positions
Block,non_urban,1,SPRM,classical,False,,,,,False,,,,,,,,,,Map 'Block' has fewer than 2 valid positions
Block,non_urban,2,SPRM,classical,False,,,,,False,,,,,,,,,,Map 'Block' has fewer than 2 valid positions
Block,non_urban,3,SPRM,classical,False,,,,,False,,,,,,,,,,Map 'Block' has fewer than 2 valid positions
Block,non_urban,4,SPRM,classical,False,,,,,False,,,,,,,,,,Map 'Block' has fewer than 2 valid positions
Block,non_urban,5,SPRM,classical,False,,,,,False,,,,,,,,,,Map 'Block' has fewer than 2 valid positions
Block,non_urban,6,SPRM,classical,False,,,,,False,,,,,,,,,,Map 'Block' has fewer than 2 valid positions
Block,non_urban,7,SPRM,classical,False,,,,,False,,,,,,,,,,Map 'Block' has fewer than 2 valid positions
Block,non_urban,8,SPRM,classical,False,,,,,False,,,,,,,,,,Map 'Block' has fewer than 2 valid positions
Block,non_urban,9,SPRM,classical,False,,,,,False,,,,,,,,,,Map 'Block' has fewer than 2 valid positions
Block,non_urban,10,SPRM,classical,False,,,,,False,,,,,,,,,,Map 'Block' has fewer than 2 valid positions
Block,non_urban,1,RT,classical,False,,,,,False,,,,,,,,,,Map 'Block' has fewer than 2 valid positions
Block,non_urban,2,RT,classical,False,,,,,False,,,,,,,,,,Map 'Block' has fewer than 2 valid positions
Block,non_urban,3,RT,classical,False,,,,,False,,,,,,,,,,Map 'Block' has fewer than 2 valid positions
Block,non_urban,4,RT,classical,False,,,,,False,,,,,,,,,,Map 'Block' has fewer than 2 valid positions
Block,non_urban,5,RT,classical,False,,,,,False,,,,,,,,,,Map 'Block' has fewer than 2 valid positions
Block,non_urban,6,RT,classical,False,,,,,False,,,,,,,,,,Map 'Block' has fewer than 2 valid positions
Block,non_urban,7,RT,classical,False,,,,,False,,,,,,,,,,Map 'Block' has fewer than 2 valid positions
Block,non_urban,8,RT,classical,False,,,,,False,,,,,,,,,,Map 'Block' has fewer than 2 valid positions
Block,non_urban,9,RT,classical,False,,,,,False,,,,,,,,,,Map 'Block' has fewer than 2 valid positions
Block,non_urban,10,RT,classical,False,,,,,False,,,,,,,,,,Map 'Block' has fewer than 2 valid positions
Block,non_urban,1,RRT,classical,False,,,,,False,,,,,,,,,,Map 'Block' has fewer than 2 valid positions
Block,non_urban,2,RRT,classical,False,,,,,False,,,,,,,,,,Map 'Block' has fewer than 2 valid positions
Block,non_urban,3,RRT,classical,False,,,,,False,,,,,,,,,,Map 'Block' has fewer than 2 valid positions
Block,non_urban,4,RRT,classical,False,,,,,False,,,,,,,,,,Map 'Block' has fewer than 2 valid positions
Block,non_urban,5,RRT,classical,False,,,,,False,,,,,,,,,,Map 'Block' has fewer than 2 valid positions
Block,non_urban,6,RRT,classical,False,,,,,False,,,,,,,,,,Map 'Block' has fewer than 2 valid positions
Block,non_urban,7,RRT,classical,False,,,,,False,,,,,,,,,,Map 'Block' has fewer than 2 valid positions
Block,non_urban,8,RRT,classical,False,,,,,False,,,,,,,,,,Map 'Block' has fewer than 2 valid positions
Block,non_urban,9,RRT,classical,False,,,,,False,,,,,,,,,,Map 'Block' has fewer than 2 valid positions
Block,non_urban,10,RRT,classical,False,,,,,False,,,,,,,,,,Map 'Block' has fewer than 2 valid positions
Block,non_urban,1,RRT*,classical,False,,,,,False,,,,,,,,,,Map 'Block' has fewer than 2 valid positions
Block,non_urban,2,RRT*,classical,False,,,,,False,,,,,,,,,,Map 'Block' has fewer than 2 valid positions
Block,non_urban,3,RRT*,classical,False,,,,,False,,,,,,,,,,Map 'Block' has fewer than 2 valid positions
Block,non_urban,4,RRT*,classical,False,,,,,False,,,,,,,,,,Map 'Block' has fewer than 2 valid positions
Block,non_urban,5,RRT*,classical,False,,,,,False,,,,,,,,,,Map 'Block' has fewer than 2 valid positions
Block,non_urban,6,RRT*,classical,False,,,,,False,,,,,,,,,,Map 'Block' has fewer than 2 valid positions
Block,non_urban,7,RRT*,classical,False,,,,,False,,,,,,,,,,Map 'Block' has fewer than 2 valid positions
Block,non_urban,8,RRT*,classical,False,,,,,False,,,,,,,,,,Map 'Block' has fewer than 2 valid positions
Block,non_urban,9,RRT*,classical,False,,,,,False,,,,,,,,,,Map 'Block' has fewer than 2 valid positions
Block,non_urban,10,RRT*,classical,False,,,,,False,,,,,,,,,,Map 'Block' has fewer than 2 valid positions
Block,non_urban,1,RRT-Connect,classical,False,,,,,False,,,,,,,,,,Map 'Block' has fewer than 2 valid positions
Block,non_urban,2,RRT-Connect,classical,False,,,,,False,,,,,,,,,,Map 'Block' has fewer than 2 valid positions
Block,non_urban,3,RRT-Connect,classical,False,,,,,False,,,,,,,,,,Map 'Block' has fewer than 2 valid positions
Block,non_urban,4,RRT-Connect,classical,False,,,,,False,,,,,,,,,,Map 'Block' has fewer than 2 valid positions
Block,non_urban,5,RRT-Connect,classical,False,,,,,False,,,,,,,,,,Map 'Block' has fewer than 2 valid positions
Block,non_urban,6,RRT-Connect,classical,False,,,,,False,,,,,,,,,,Map 'Block' has fewer than 2 valid positions
Block,non_urban,7,RRT-Connect,classical,False,,,,,False,,,,,,,,,,Map 'Block' has fewer than 2 valid positions
Block,non_urban,8,RRT-Connect,classical,False,,,,,False,,,,,,,,,,Map 'Block' has fewer than 2 valid positions
Block,non_urban,9,RRT-Connect,classical,False,,,,,False,,,,,,,,,,Map 'Block' has fewer than 2 valid positions
Block,non_urban,10,RRT-Connect,classical,False,,,,,False,,,,,,,,,,Map 'Block' has fewer than 2 valid positions
Block,non_urban,1,Wave-front,classical,False,,,,,False,,,,,,,,,,Map 'Block' has fewer than 2 valid positions
Block,non_urban,2,Wave-front,classical,False,,,,,False,,,,,,,,,,Map 'Block' has fewer than 2 valid positions
Block,non_urban,3,Wave-front,classical,False,,,,,False,,,,,,,,,,Map 'Block' has fewer than 2 valid positions
Block,non_urban,4,Wave-front,classical,False,,,,,False,,,,,,,,,,Map 'Block' has fewer than 2 valid positions
Block,non_urban,5,Wave-front,classical,False,,,,,False,,,,,,,,,,Map 'Block' has fewer than 2 valid positions
Block,non_urban,6,Wave-front,classical,False,,,,,False,,,,,,,,,,Map 'Block' has fewer than 2 valid positions
Block,non_urban,7,Wave-front,classical,False,,,,,False,,,,,,,,,,Map 'Block' has fewer than 2 valid positions
Block,non_urban,8,Wave-front,classical,False,,,,,False,,,,,,,,,,Map 'Block' has fewer than 2 valid positions
Block,non_urban,9,Wave-front,classical,False,,,,,False,,,,,,,,,,Map 'Block' has fewer than 2 valid positions
Block,non_urban,10,Wave-front,classical,False,,,,,False,,,,,,,,,,Map 'Block' has fewer than 2 valid positions
Block,non_urban,1,Dijkstra,classical,False,,,,,False,,,,,,,,,,Map 'Block' has fewer than 2 valid positions
Block,non_urban,2,Dijkstra,classical,False,,,,,False,,,,,,,,,,Map 'Block' has fewer than 2 valid positions
Block,non_urban,3,Dijkstra,classical,False,,,,,False,,,,,,,,,,Map 'Block' has fewer than 2 valid positions
Block,non_urban,4,Dijkstra,classical,False,,,,,False,,,,,,,,,,Map 'Block' has fewer than 2 valid positions
Block,non_urban,5,Dijkstra,classical,False,,,,,False,,,,,,,,,,Map 'Block' has fewer than 2 valid positions
Block,non_urban,6,Dijkstra,classical,False,,,,,False,,,,,,,,,,Map 'Block' has fewer than 2 valid positions
Block,non_urban,7,Dijkstra,classical,False,,,,,False,,,,,,,,,,Map 'Block' has fewer than 2 valid positions
Block,non_urban,8,Dijkstra,classical,False,,,,,False,,,,,,,,,,Map 'Block' has fewer than 2 valid positions
Block,non_urban,9,Dijkstra,classical,False,,,,,False,,,,,,,,,,Map 'Block' has fewer than 2 valid positions
Block,non_urban,10,Dijkstra,classical,False,,,,,False,,,,,,,,,,Map 'Block' has fewer than 2 valid positions
Block,non_urban,1,Potential Field,classical,False,,,,,False,,,,,,,,,,Map 'Block' has fewer than 2 valid positions
Block,non_urban,2,Potential Field,classical,False,,,,,False,,,,,,,,,,Map 'Block' has fewer than 2 valid positions
Block,non_urban,3,Potential Field,classical,False,,,,,False,,,,,,,,,,Map 'Block' has fewer than 2 valid positions
Block,non_urban,4,Potential Field,classical,False,,,,,False,,,,,,,,,,Map 'Block' has fewer than 2 valid positions
Block,non_urban,5,Potential Field,classical,False,,,,,False,,,,,,,,,,Map 'Block' has fewer than 2 valid positions
Block,non_urban,6,Potential Field,classical,False,,,,,False,,,,,,,,,,Map 'Block' has fewer than 2 valid positions
Block,non_urban,7,Potential Field,classical,False,,,,,False,,,,,,,,,,Map 'Block' has fewer than 2 valid positions
Block,non_urban,8,Potential Field,classical,False,,,,,False,,,,,,,,,,Map 'Block' has fewer than 2 valid positions
Block,non_urban,9,Potential Field,classical,False,,,,,False,,,,,,,,,,Map 'Block' has fewer than 2 valid positions
Block,non_urban,10,Potential Field,classical,False,,,,,False,,,,,,,,,,Map 'Block' has fewer than 2 valid positions
Block,non_urban,1,Probabilistic Foam (GBPF),classical,True,,,,,False,,,,,,,,,,Map 'Block' has fewer than 2 valid positions
Block,non_urban,2,Probabilistic Foam (GBPF),classical,True,,,,,False,,,,,,,,,,Map 'Block' has fewer than 2 valid positions
Block,non_urban,3,Probabilistic Foam (GBPF),classical,True,,,,,False,,,,,,,,,,Map 'Block' has fewer than 2 valid positions
Block,non_urban,4,Probabilistic Foam (GBPF),classical,True,,,,,False,,,,,,,,,,Map 'Block' has fewer than 2 valid positions
Block,non_urban,5,Probabilistic Foam (GBPF),classical,True,,,,,False,,,,,,,,,,Map 'Block' has fewer than 2 valid positions
Block,non_urban,6,Probabilistic Foam (GBPF),classical,True,,,,,False,,,,,,,,,,Map 'Block' has fewer than 2 valid positions
Block,non_urban,7,Probabilistic Foam (GBPF),classical,True,,,,,False,,,,,,,,,,Map 'Block' has fewer than 2 valid positions
Block,non_urban,8,Probabilistic Foam (GBPF),classical,True,,,,,False,,,,,,,,,,Map 'Block' has fewer than 2 valid positions
Block,non_urban,9,Probabilistic Foam (GBPF),classical,True,,,,,False,,,,,,,,,,Map 'Block' has fewer than 2 valid positions
Block,non_urban,10,Probabilistic Foam (GBPF),classical,True,,,,,False,,,,,,,,,,Map 'Block' has fewer than 2 valid positions
Block,non_urban,1,Probabilistic Foam (PFM),classical,True,,,,,False,,,,,,,,,,Map 'Block' has fewer than 2 valid positions
Block,non_urban,2,Probabilistic Foam (PFM),classical,True,,,,,False,,,,,,,,,,Map 'Block' has fewer than 2 valid positions
Block,non_urban,3,Probabilistic Foam (PFM),classical,True,,,,,False,,,,,,,,,,Map 'Block' has fewer than 2 valid positions
Block,non_urban,4,Probabilistic Foam (PFM),classical,True,,,,,False,,,,,,,,,,Map 'Block' has fewer than 2 valid positions
Block,non_urban,5,Probabilistic Foam (PFM),classical,True,,,,,False,,,,,,,,,,Map 'Block' has fewer than 2 valid positions
Block,non_urban,6,Probabilistic Foam (PFM),classical,True,,,,,False,,,,,,,,,,Map 'Block' has fewer than 2 valid positions
Block,non_urban,7,Probabilistic Foam (PFM),classical,True,,,,,False,,,,,,,,,,Map 'Block' has fewer than 2 valid positions
Block,non_urban,8,Probabilistic Foam (PFM),classical,True,,,,,False,,,,,,,,,,Map 'Block' has fewer than 2 valid positions
Block,non_urban,9,Probabilistic Foam (PFM),classical,True,,,,,False,,,,,,,,,,Map 'Block' has fewer than 2 valid positions
Block,non_urban,10,Probabilistic Foam (PFM),classical,True,,,,,False,,,,,,,,,,Map 'Block' has fewer than 2 valid positions
Block,non_urban,1,Probabilistic Foam (RBPF),classical,True,,,,,False,,,,,,,,,,Map 'Block' has fewer than 2 valid positions
Block,non_urban,2,Probabilistic Foam (RBPF),classical,True,,,,,False,,,,,,,,,,Map 'Block' has fewer than 2 valid positions
Block,non_urban,3,Probabilistic Foam (RBPF),classical,True,,,,,False,,,,,,,,,,Map 'Block' has fewer than 2 valid positions
Block,non_urban,4,Probabilistic Foam (RBPF),classical,True,,,,,False,,,,,,,,,,Map 'Block' has fewer than 2 valid positions
Block,non_urban,5,Probabilistic Foam (RBPF),classical,True,,,,,False,,,,,,,,,,Map 'Block' has fewer than 2 valid positions
Block,non_urban,6,Probabilistic Foam (RBPF),classical,True,,,,,False,,,,,,,,,,Map 'Block' has fewer than 2 valid positions
Block,non_urban,7,Probabilistic Foam (RBPF),classical,True,,,,,False,,,,,,,,,,Map 'Block' has fewer than 2 valid positions
Block,non_urban,8,Probabilistic Foam (RBPF),classical,True,,,,,False,,,,,,,,,,Map 'Block' has fewer than 2 valid positions
Block,non_urban,9,Probabilistic Foam (RBPF),classical,True,,,,,False,,,,,,,,,,Map 'Block' has fewer than 2 valid positions
Block,non_urban,10,Probabilistic Foam (RBPF),classical,True,,,,,False,,,,,,,,,,Map 'Block' has fewer than 2 valid positions
Block,non_urban,1,Probabilistic Foam (HPF),classical,True,,,,,False,,,,,,,,,,Map 'Block' has fewer than 2 valid positions
Block,non_urban,2,Probabilistic Foam (HPF),classical,True,,,,,False,,,,,,,,,,Map 'Block' has fewer than 2 valid positions
Block,non_urban,3,Probabilistic Foam (HPF),classical,True,,,,,False,,,,,,,,,,Map 'Block' has fewer than 2 valid positions
Block,non_urban,4,Probabilistic Foam (HPF),classical,True,,,,,False,,,,,,,,,,Map 'Block' has fewer than 2 valid positions
Block,non_urban,5,Probabilistic Foam (HPF),classical,True,,,,,False,,,,,,,,,,Map 'Block' has fewer than 2 valid positions
Block,non_urban,6,Probabilistic Foam (HPF),classical,True,,,,,False,,,,,,,,,,Map 'Block' has fewer than 2 valid positions
Block,non_urban,7,Probabilistic Foam (HPF),classical,True,,,,,False,,,,,,,,,,Map 'Block' has fewer than 2 valid positions
Block,non_urban,8,Probabilistic Foam (HPF),classical,True,,,,,False,,,,,,,,,,Map 'Block' has fewer than 2 valid positions
Block,non_urban,9,Probabilistic Foam (HPF),classical,True,,,,,False,,,,,,,,,,Map 'Block' has fewer than 2 valid positions
Block,non_urban,10,Probabilistic Foam (HPF),classical,True,,,,,False,,,,,,,,,,Map 'Block' has fewer than 2 valid positions
House,non_urban,1,A*,classical,False,9,26,9,4,True,0.144077,30.284270763397217,23.0,0.23903421843401051,2.782608695652174,0.0,22.0,10.841836734693878,251.438,
House,non_urban,2,A*,classical,False,27,0,11,11,True,0.076742,21.727921843528748,19.0,0.12401023722666399,2.494649770403588,0.0,19.416488647460938,10.841836734693878,96.788,
House,non_urban,3,A*,classical,False,6,10,10,9,True,0.005802,4.414213538169861,5.0,0.31415927220468765,1.6,0.0,4.123105525970459,10.841836734693878,23.313,
House,non_urban,4,A*,classical,False,11,5,26,3,True,0.035327,16.656854152679443,16.0,0.3926990902558596,2.7438154089298896,0.0,15.132745742797852,10.841836734693878,67.441,
House,non_urban,5,A*,classical,False,21,27,22,22,True,0.005736,5.414213538169861,6.0,0.13089969104719623,6.333333333333333,0.0,5.099019527435303,10.841836734693878,22.697,
House,non_urban,6,A*,classical,False,10,3,14,24,True,0.3975,39.62741661071777,34.0,0.36959913974333364,1.8871258135343638,0.0,21.3775577545166,10.841836734693878,330.423,
House,non_urban,7,A*,classical,False,6,17,6,1,True,0.041412,17.656854152679443,17.0,0.23099945478916983,2.360142205580733,0.0,16.0,10.841836734693878,141.001,
House,non_urban,8,A*,classical,False,4,1,17,3,True,0.044351,16.899494767189026,15.0,0.2617993889401008,1.920837280002751,0.0,13.152946472167969,10.841836734693878,121.945,
House,non_urban,9,A*,classical,False,5,9,22,9,True,0.033529,18.656854152679443,18.0,0.1308996967519532,1.0230118645762831,0.0,17.0,10.841836734693878,64.409,
House,non_urban,10,A*,classical,False,7,21,26,24,True,0.282136,50.28427076339722,43.0,0.18265073567382517,2.049242950454649,0.0,19.235383987426758,10.841836734693878,279.017,
House,non_urban,1,SPRM,classical,False,9,26,9,4,True,1.634551,41.21320307254791,36.0,0.3708824646226058,3.1885731393311465,0.0,22.0,10.841836734693878,1949.375,
House,non_urban,2,SPRM,classical,False,27,0,11,11,True,0.985647,23.14213538169861,20.0,0.5890486319609354,3.479799780313205,0.0,19.416488647460938,10.841836734693878,814.494,
House,non_urban,3,SPRM,classical,False,6,10,10,9,True,0.010214,4.414213538169861,5.0,0.31415927220468765,1.6,0.0,4.123105525970459,10.841836734693878,14.026,
House,non_urban,4,SPRM,classical,False,11,5,26,3,True,0.104071,17.485281229019165,16.0,0.34361170397387714,2.290061645299216,0.0,15.132745742797852,10.841836734693878,158.374,
House,non_urban,5,SPRM,classical,False,21,27,22,22,True,0.010145,5.414213538169861,6.0,0.26179938209439246,6.333333333333333,0.0,5.099019527435303,10.841836734693878,14.578,
House,non_urban,6,SPRM,classical,False,10,3,14,24,True,4.082391,79.28427076339722,72.0,0.41451569734865346,3.242931965560201,0.0,21.3775577545166,10.841836734693878,2137.222,
House,non_urban,7,SPRM,classical,False,6,17,6,1,True,0.078272,18.485281229019165,17.0,0.41579901862050567,2.5307920022206294,0.0,16.0,10.841836734693878,88.578,
House,non_urban,8,SPRM,classical,False,4,1,17,3,True,3.725124,44.55634891986847,41.0,0.4405892182048365,1.911958228737881,0.0,13.152946472167969,10.841836734693878,2170.118,
House,non_urban,9,SPRM,classical,False,5,9,22,9,True,1.196436,24.899494767189026,23.0,0.47806845323819325,1.9070918027825172,0.0,17.0,10.841836734693878,1687.278,
House,non_urban,10,SPRM,classical,False,7,21,26,24,True,3.94721,98.76955199241638,89.0,0.42358552594212356,2.4831007203582423,0.0,19.235383987426758,10.841836734693878,2160.483,
Uniform Random Fill,non_urban,1,Wave-front,classical,False,,,,,False,,,,,,,,,,Map 'Uniform Random Fill' has fewer than 2 valid positions
Uniform Random Fill,non_urban,2,Wave-front,classical,False,,,,,False,,,,,,,,,,Map 'Uniform Random Fill' has fewer than 2 valid positions
Uniform Random Fill,non_urban,3,Wave-front,classical,False,,,,,False,,,,,,,,,,Map 'Uniform Random Fill' has fewer than 2 valid positions
Uniform Random Fill,non_urban,4,Wave-front,classical,False,,,,,False,,,,,,,,,,Map 'Uniform Random Fill' has fewer than 2 valid positions
Uniform Random Fill,non_urban,5,Wave-front,classical,False,,,,,False,,,,,,,,,,Map 'Uniform Random Fill' has fewer than 2 valid positions
Uniform Random Fill,non_urban,6,Wave-front,classical,False,,,,,False,,,,,,,,,,Map 'Uniform Random Fill' has fewer than 2 valid positions
Uniform Random Fill,non_urban,7,Wave-front,classical,False,,,,,False,,,,,,,,,,Map 'Uniform Random Fill' has fewer than 2 valid positions
Uniform Random Fill,non_urban,8,Wave-front,classical,False,,,,,False,,,,,,,,,,Map 'Uniform Random Fill' has fewer than 2 valid positions
Uniform Random Fill,non_urban,9,Wave-front,classical,False,,,,,False,,,,,,,,,,Map 'Uniform Random Fill' has fewer than 2 valid positions
Uniform Random Fill,non_urban,10,Wave-front,classical,False,,,,,False,,,,,,,,,,Map 'Uniform Random Fill' has fewer than 2 valid positions
House,non_urban,1,RRT,classical,False,9,26,9,4,True,7.992485,37.79898953437805,33.0,0.3093992770085181,2.6214315307485236,0.0,22.0,10.841836734693878,626.028,
House,non_urban,2,RRT,classical,False,27,0,11,11,True,1.319034,30.213203072547913,25.0,0.5340707586405441,2.7864169925443365,0.0,19.416488647460938,10.841836734693878,256.301,
House,non_urban,3,RRT,classical,False,6,10,10,9,True,0.12054,12.899494767189026,11.0,0.49979883592045005,1.4545454545454546,0.0,4.123105525970459,10.841836734693878,86.894,
House,non_urban,4,RRT,classical,False,11,5,26,3,True,1.060637,20.656854152679443,20.0,0.35342917267313817,2.134945435870697,0.0,15.132745742797852,10.841836734693878,231.71,
House,non_urban,5,RRT,classical,False,21,27,22,22,True,0.081483,9.656854152679443,9.0,0.5235987717951276,5.888888888888889,0.0,5.099019527435303,10.841836734693878,58.714,
House,non_urban,6,RRT,classical,False,10,3,14,24,True,34.007209,56.94112491607666,48.0,0.6217735438836963,3.0255610977149843,0.0,21.3775577545166,10.841836734693878,979.985,
House,non_urban,7,RRT,classical,False,6,17,6,1,True,3.261943,18.242640614509583,18.0,0.3054326162466292,2.5347288000045847,0.0,16.0,10.841836734693878,300.73,
House,non_urban,8,RRT,classical,False,4,1,17,3,True,2.281585,37.38477599620819,33.0,0.5235987787099846,2.6726025700025837,0.0,13.152946472167969,10.841836734693878,313.978,
House,non_urban,9,RRT,classical,False,5,9,22,9,True,8.586314,35.14213538169861,32.0,0.6381360141782786,2.696773859849748,0.0,17.0,10.841836734693878,544.974,
House,non_urban,10,RRT,classical,False,7,21,26,24,True,12.389548,68.28427076339722,61.0,0.46351366964064933,2.8239948531687964,0.0,19.235383987426758,10.841836734693878,609.024,
Uniform Random Fill,non_urban,1,A*,classical,False,,,,,False,,,,,,,,,,Map 'Uniform Random Fill' has fewer than 2 valid positions
Uniform Random Fill,non_urban,2,A*,classical,False,,,,,False,,,,,,,,,,Map 'Uniform Random Fill' has fewer than 2 valid positions
Uniform Random Fill,non_urban,3,A*,classical,False,,,,,False,,,,,,,,,,Map 'Uniform Random Fill' has fewer than 2 valid positions
Uniform Random Fill,non_urban,4,A*,classical,False,,,,,False,,,,,,,,,,Map 'Uniform Random Fill' has fewer than 2 valid positions
Uniform Random Fill,non_urban,5,A*,classical,False,,,,,False,,,,,,,,,,Map 'Uniform Random Fill' has fewer than 2 valid positions
Uniform Random Fill,non_urban,6,A*,classical,False,,,,,False,,,,,,,,,,Map 'Uniform Random Fill' has fewer than 2 valid positions
Uniform Random Fill,non_urban,7,A*,classical,False,,,,,False,,,,,,,,,,Map 'Uniform Random Fill' has fewer than 2 valid positions
Uniform Random Fill,non_urban,8,A*,classical,False,,,,,False,,,,,,,,,,Map 'Uniform Random Fill' has fewer than 2 valid positions
Uniform Random Fill,non_urban,9,A*,classical,False,,,,,False,,,,,,,,,,Map 'Uniform Random Fill' has fewer than 2 valid positions
Uniform Random Fill,non_urban,10,A*,classical,False,,,,,False,,,,,,,,,,Map 'Uniform Random Fill' has fewer than 2 valid positions
House,non_urban,1,RRT-Connect,classical,False,,,,,False,,,,,,,,,,name 'n' is not defined
House,non_urban,2,RRT-Connect,classical,False,,,,,False,,,,,,,,,,name 'n' is not defined
House,non_urban,3,RRT-Connect,classical,False,,,,,False,,,,,,,,,,name 'n' is not defined
House,non_urban,4,RRT-Connect,classical,False,,,,,False,,,,,,,,,,name 'n' is not defined
House,non_urban,5,RRT-Connect,classical,False,,,,,False,,,,,,,,,,name 'n' is not defined
House,non_urban,6,RRT-Connect,classical,False,,,,,False,,,,,,,,,,name 'n' is not defined
House,non_urban,7,RRT-Connect,classical,False,,,,,False,,,,,,,,,,name 'n' is not defined
House,non_urban,8,RRT-Connect,classical,False,,,,,False,,,,,,,,,,name 'n' is not defined
House,non_urban,9,RRT-Connect,classical,False,,,,,False,,,,,,,,,,name 'n' is not defined
House,non_urban,10,RRT-Connect,classical,False,,,,,False,,,,,,,,,,name 'n' is not defined
Uniform Random Fill,non_urban,1,SPRM,classical,False,,,,,False,,,,,,,,,,Map 'Uniform Random Fill' has fewer than 2 valid positions
Uniform Random Fill,non_urban,2,SPRM,classical,False,,,,,False,,,,,,,,,,Map 'Uniform Random Fill' has fewer than 2 valid positions
Uniform Random Fill,non_urban,3,SPRM,classical,False,,,,,False,,,,,,,,,,Map 'Uniform Random Fill' has fewer than 2 valid positions
Uniform Random Fill,non_urban,4,SPRM,classical,False,,,,,False,,,,,,,,,,Map 'Uniform Random Fill' has fewer than 2 valid positions
Uniform Random Fill,non_urban,5,SPRM,classical,False,,,,,False,,,,,,,,,,Map 'Uniform Random Fill' has fewer than 2 valid positions
Uniform Random Fill,non_urban,6,SPRM,classical,False,,,,,False,,,,,,,,,,Map 'Uniform Random Fill' has fewer than 2 valid positions
Uniform Random Fill,non_urban,7,SPRM,classical,False,,,,,False,,,,,,,,,,Map 'Uniform Random Fill' has fewer than 2 valid positions
Uniform Random Fill,non_urban,8,SPRM,classical,False,,,,,False,,,,,,,,,,Map 'Uniform Random Fill' has fewer than 2 valid positions
Uniform Random Fill,non_urban,9,SPRM,classical,False,,,,,False,,,,,,,,,,Map 'Uniform Random Fill' has fewer than 2 valid positions
Uniform Random Fill,non_urban,10,SPRM,classical,False,,,,,False,,,,,,,,,,Map 'Uniform Random Fill' has fewer than 2 valid positions
House,non_urban,1,Wave-front,classical,False,9,26,9,4,True,0.232626,30.284270763397217,23.0,0.13659098196229172,2.8543600669509948,0.0,22.0,10.841836734693878,117.478,
House,non_urban,2,Wave-front,classical,False,27,0,11,11,True,0.203253,21.727921843528748,19.0,0.16534698356938604,3.9691691348617417,0.0,19.416488647460938,10.841836734693878,29.671,
House,non_urban,3,Wave-front,classical,False,6,10,10,9,True,0.012239,4.414213538169861,5.0,0.15707963610234382,1.8,0.0,4.123105525970459,10.841836734693878,17.993,
House,non_urban,4,Wave-front,classical,False,11,5,26,3,True,0.082886,16.656854152679443,16.0,0.14726215884594734,2.378039198596316,0.0,15.132745742797852,10.841836734693878,23.009,
House,non_urban,5,Wave-front,classical,False,21,27,22,22,True,0.024758,5.414213538169861,6.0,0.13089969104719623,6.333333333333333,0.0,5.099019527435303,10.841836734693878,19.057,
House,non_urban,6,Wave-front,classical,False,10,3,14,24,True,0.163109,39.62741661071777,34.0,0.20789951434386192,1.6346026830159257,0.0,21.3775577545166,10.841836734693878,33.487,
House,non_urban,7,Wave-front,classical,False,6,17,6,1,True,0.134711,17.656854152679443,17.0,0.1385996728735019,2.4734486575024146,0.0,16.0,10.841836734693878,124.375,
House,non_urban,8,Wave-front,classical,False,4,1,17,3,True,0.130063,16.899494767189026,15.0,0.2617993889401008,1.920837280002751,0.0,13.152946472167969,10.841836734693878,29.799,
House,non_urban,9,Wave-front,classical,False,5,9,22,9,True,0.153215,18.656854152679443,18.0,0.1308996967519532,1.0230118645762831,0.0,17.0,10.841836734693878,32.791,
House,non_urban,10,Wave-front,classical,False,7,21,26,24,True,0.295426,50.28427076339722,43.0,0.18265073567382517,2.049242950454649,0.0,19.235383987426758,10.841836734693878,38.957,
Uniform Random Fill,non_urban,1,RT,classical,False,,,,,False,,,,,,,,,,Map 'Uniform Random Fill' has fewer than 2 valid positions
Uniform Random Fill,non_urban,2,RT,classical,False,,,,,False,,,,,,,,,,Map 'Uniform Random Fill' has fewer than 2 valid positions
Uniform Random Fill,non_urban,3,RT,classical,False,,,,,False,,,,,,,,,,Map 'Uniform Random Fill' has fewer than 2 valid positions
Uniform Random Fill,non_urban,4,RT,classical,False,,,,,False,,,,,,,,,,Map 'Uniform Random Fill' has fewer than 2 valid positions
Uniform Random Fill,non_urban,5,RT,classical,False,,,,,False,,,,,,,,,,Map 'Uniform Random Fill' has fewer than 2 valid positions
Uniform Random Fill,non_urban,6,RT,classical,False,,,,,False,,,,,,,,,,Map 'Uniform Random Fill' has fewer than 2 valid positions
Uniform Random Fill,non_urban,7,RT,classical,False,,,,,False,,,,,,,,,,Map 'Uniform Random Fill' has fewer than 2 valid positions
Uniform Random Fill,non_urban,8,RT,classical,False,,,,,False,,,,,,,,,,Map 'Uniform Random Fill' has fewer than 2 valid positions
Uniform Random Fill,non_urban,9,RT,classical,False,,,,,False,,,,,,,,,,Map 'Uniform Random Fill' has fewer than 2 valid positions
Uniform Random Fill,non_urban,10,RT,classical,False,,,,,False,,,,,,,,,,Map 'Uniform Random Fill' has fewer than 2 valid positions
Uniform Random Fill,non_urban,1,RRT,classical,False,,,,,False,,,,,,,,,,Map 'Uniform Random Fill' has fewer than 2 valid positions
Uniform Random Fill,non_urban,2,RRT,classical,False,,,,,False,,,,,,,,,,Map 'Uniform Random Fill' has fewer than 2 valid positions
Uniform Random Fill,non_urban,3,RRT,classical,False,,,,,False,,,,,,,,,,Map 'Uniform Random Fill' has fewer than 2 valid positions
Uniform Random Fill,non_urban,4,RRT,classical,False,,,,,False,,,,,,,,,,Map 'Uniform Random Fill' has fewer than 2 valid positions
Uniform Random Fill,non_urban,5,RRT,classical,False,,,,,False,,,,,,,,,,Map 'Uniform Random Fill' has fewer than 2 valid positions
Uniform Random Fill,non_urban,6,RRT,classical,False,,,,,False,,,,,,,,,,Map 'Uniform Random Fill' has fewer than 2 valid positions
Uniform Random Fill,non_urban,7,RRT,classical,False,,,,,False,,,,,,,,,,Map 'Uniform Random Fill' has fewer than 2 valid positions
Uniform Random Fill,non_urban,8,RRT,classical,False,,,,,False,,,,,,,,,,Map 'Uniform Random Fill' has fewer than 2 valid positions
Uniform Random Fill,non_urban,9,RRT,classical,False,,,,,False,,,,,,,,,,Map 'Uniform Random Fill' has fewer than 2 valid positions
Uniform Random Fill,non_urban,10,RRT,classical,False,,,,,False,,,,,,,,,,Map 'Uniform Random Fill' has fewer than 2 valid positions
House,non_urban,1,Dijkstra,classical,False,9,26,9,4,True,0.145625,30.284270763397217,23.0,0.13659098196229172,2.8543600669509948,0.0,22.0,10.841836734693878,277.521,
House,non_urban,2,Dijkstra,classical,False,27,0,11,11,True,0.109259,21.727921843528748,19.0,0.16534698356938604,3.9691691348617417,0.0,19.416488647460938,10.841836734693878,109.193,
House,non_urban,3,Dijkstra,classical,False,6,10,10,9,True,0.021017,4.414213538169861,5.0,0.15707963610234382,1.8,0.0,4.123105525970459,10.841836734693878,41.745,
House,non_urban,4,Dijkstra,classical,False,11,5,26,3,True,0.182273,16.656854152679443,16.0,0.14726215884594734,2.378039198596316,0.0,15.132745742797852,10.841836734693878,196.808,
House,non_urban,5,Dijkstra,classical,False,21,27,22,22,True,0.030823,5.414213538169861,6.0,0.13089969104719623,6.333333333333333,0.0,5.099019527435303,10.841836734693878,40.649,
House,non_urban,6,Dijkstra,classical,False,10,3,14,24,True,0.353128,39.62741661071777,34.0,0.20789951434386192,1.6346026830159257,0.0,21.3775577545166,10.841836734693878,311.897,
House,non_urban,7,Dijkstra,classical,False,6,17,6,1,True,0.154907,17.656854152679443,17.0,0.1385996728735019,2.4734486575024146,0.0,16.0,10.841836734693878,330.441,
House,non_urban,8,Dijkstra,classical,False,4,1,17,3,True,0.114856,16.899494767189026,15.0,0.2617993889401008,1.920837280002751,0.0,13.152946472167969,10.841836734693878,117.985,
House,non_urban,9,Dijkstra,classical,False,5,9,22,9,True,0.180131,18.656854152679443,18.0,0.1308996967519532,1.0230118645762831,0.0,17.0,10.841836734693878,201.161,
House,non_urban,10,Dijkstra,classical,False,7,21,26,24,True,0.281582,50.28427076339722,43.0,0.18265073567382517,2.049242950454649,0.0,19.235383987426758,10.841836734693878,258.753,
Uniform Random Fill,non_urban,1,RRT*,classical,False,,,,,False,,,,,,,,,,Map 'Uniform Random Fill' has fewer than 2 valid positions
Uniform Random Fill,non_urban,2,RRT*,classical,False,,,,,False,,,,,,,,,,Map 'Uniform Random Fill' has fewer than 2 valid positions
Uniform Random Fill,non_urban,3,RRT*,classical,False,,,,,False,,,,,,,,,,Map 'Uniform Random Fill' has fewer than 2 valid positions
Uniform Random Fill,non_urban,4,RRT*,classical,False,,,,,False,,,,,,,,,,Map 'Uniform Random Fill' has fewer than 2 valid positions
Uniform Random Fill,non_urban,5,RRT*,classical,False,,,,,False,,,,,,,,,,Map 'Uniform Random Fill' has fewer than 2 valid positions
Uniform Random Fill,non_urban,6,RRT*,classical,False,,,,,False,,,,,,,,,,Map 'Uniform Random Fill' has fewer than 2 valid positions
Uniform Random Fill,non_urban,7,RRT*,classical,False,,,,,False,,,,,,,,,,Map 'Uniform Random Fill' has fewer than 2 valid positions
Uniform Random Fill,non_urban,8,RRT*,classical,False,,,,,False,,,,,,,,,,Map 'Uniform Random Fill' has fewer than 2 valid positions
Uniform Random Fill,non_urban,9,RRT*,classical,False,,,,,False,,,,,,,,,,Map 'Uniform Random Fill' has fewer than 2 valid positions
Uniform Random Fill,non_urban,10,RRT*,classical,False,,,,,False,,,,,,,,,,Map 'Uniform Random Fill' has fewer than 2 valid positions
Uniform Random Fill,non_urban,1,RRT-Connect,classical,False,,,,,False,,,,,,,,,,Map 'Uniform Random Fill' has fewer than 2 valid positions
Uniform Random Fill,non_urban,2,RRT-Connect,classical,False,,,,,False,,,,,,,,,,Map 'Uniform Random Fill' has fewer than 2 valid positions
Uniform Random Fill,non_urban,3,RRT-Connect,classical,False,,,,,False,,,,,,,,,,Map 'Uniform Random Fill' has fewer than 2 valid positions
Uniform Random Fill,non_urban,4,RRT-Connect,classical,False,,,,,False,,,,,,,,,,Map 'Uniform Random Fill' has fewer than 2 valid positions
Uniform Random Fill,non_urban,5,RRT-Connect,classical,False,,,,,False,,,,,,,,,,Map 'Uniform Random Fill' has fewer than 2 valid positions
Uniform Random Fill,non_urban,6,RRT-Connect,classical,False,,,,,False,,,,,,,,,,Map 'Uniform Random Fill' has fewer than 2 valid positions
Uniform Random Fill,non_urban,7,RRT-Connect,classical,False,,,,,False,,,,,,,,,,Map 'Uniform Random Fill' has fewer than 2 valid positions
Uniform Random Fill,non_urban,8,RRT-Connect,classical,False,,,,,False,,,,,,,,,,Map 'Uniform Random Fill' has fewer than 2 valid positions
Uniform Random Fill,non_urban,9,RRT-Connect,classical,False,,,,,False,,,,,,,,,,Map 'Uniform Random Fill' has fewer than 2 valid positions
Uniform Random Fill,non_urban,10,RRT-Connect,classical,False,,,,,False,,,,,,,,,,Map 'Uniform Random Fill' has fewer than 2 valid positions
Uniform Random Fill,non_urban,1,Wave-front,classical,False,,,,,False,,,,,,,,,,Map 'Uniform Random Fill' has fewer than 2 valid positions
Uniform Random Fill,non_urban,2,Wave-front,classical,False,,,,,False,,,,,,,,,,Map 'Uniform Random Fill' has fewer than 2 valid positions
Uniform Random Fill,non_urban,3,Wave-front,classical,False,,,,,False,,,,,,,,,,Map 'Uniform Random Fill' has fewer than 2 valid positions
Uniform Random Fill,non_urban,4,Wave-front,classical,False,,,,,False,,,,,,,,,,Map 'Uniform Random Fill' has fewer than 2 valid positions
Uniform Random Fill,non_urban,5,Wave-front,classical,False,,,,,False,,,,,,,,,,Map 'Uniform Random Fill' has fewer than 2 valid positions
Uniform Random Fill,non_urban,6,Wave-front,classical,False,,,,,False,,,,,,,,,,Map 'Uniform Random Fill' has fewer than 2 valid positions
Uniform Random Fill,non_urban,7,Wave-front,classical,False,,,,,False,,,,,,,,,,Map 'Uniform Random Fill' has fewer than 2 valid positions
Uniform Random Fill,non_urban,8,Wave-front,classical,False,,,,,False,,,,,,,,,,Map 'Uniform Random Fill' has fewer than 2 valid positions
Uniform Random Fill,non_urban,9,Wave-front,classical,False,,,,,False,,,,,,,,,,Map 'Uniform Random Fill' has fewer than 2 valid positions
Uniform Random Fill,non_urban,10,Wave-front,classical,False,,,,,False,,,,,,,,,,Map 'Uniform Random Fill' has fewer than 2 valid positions
Uniform Random Fill,non_urban,1,Dijkstra,classical,False,,,,,False,,,,,,,,,,Map 'Uniform Random Fill' has fewer than 2 valid positions
Uniform Random Fill,non_urban,2,Dijkstra,classical,False,,,,,False,,,,,,,,,,Map 'Uniform Random Fill' has fewer than 2 valid positions
Uniform Random Fill,non_urban,3,Dijkstra,classical,False,,,,,False,,,,,,,,,,Map 'Uniform Random Fill' has fewer than 2 valid positions
Uniform Random Fill,non_urban,4,Dijkstra,classical,False,,,,,False,,,,,,,,,,Map 'Uniform Random Fill' has fewer than 2 valid positions
Uniform Random Fill,non_urban,5,Dijkstra,classical,False,,,,,False,,,,,,,,,,Map 'Uniform Random Fill' has fewer than 2 valid positions
Uniform Random Fill,non_urban,6,Dijkstra,classical,False,,,,,False,,,,,,,,,,Map 'Uniform Random Fill' has fewer than 2 valid positions
Uniform Random Fill,non_urban,7,Dijkstra,classical,False,,,,,False,,,,,,,,,,Map 'Uniform Random Fill' has fewer than 2 valid positions
Uniform Random Fill,non_urban,8,Dijkstra,classical,False,,,,,False,,,,,,,,,,Map 'Uniform Random Fill' has fewer than 2 valid positions
Uniform Random Fill,non_urban,9,Dijkstra,classical,False,,,,,False,,,,,,,,,,Map 'Uniform Random Fill' has fewer than 2 valid positions
Uniform Random Fill,non_urban,10,Dijkstra,classical,False,,,,,False,,,,,,,,,,Map 'Uniform Random Fill' has fewer than 2 valid positions
Uniform Random Fill,non_urban,1,Potential Field,classical,False,,,,,False,,,,,,,,,,Map 'Uniform Random Fill' has fewer than 2 valid positions
Uniform Random Fill,non_urban,2,Potential Field,classical,False,,,,,False,,,,,,,,,,Map 'Uniform Random Fill' has fewer than 2 valid positions
Uniform Random Fill,non_urban,3,Potential Field,classical,False,,,,,False,,,,,,,,,,Map 'Uniform Random Fill' has fewer than 2 valid positions
Uniform Random Fill,non_urban,4,Potential Field,classical,False,,,,,False,,,,,,,,,,Map 'Uniform Random Fill' has fewer than 2 valid positions
Uniform Random Fill,non_urban,5,Potential Field,classical,False,,,,,False,,,,,,,,,,Map 'Uniform Random Fill' has fewer than 2 valid positions
Uniform Random Fill,non_urban,6,Potential Field,classical,False,,,,,False,,,,,,,,,,Map 'Uniform Random Fill' has fewer than 2 valid positions
Uniform Random Fill,non_urban,7,Potential Field,classical,False,,,,,False,,,,,,,,,,Map 'Uniform Random Fill' has fewer than 2 valid positions
Uniform Random Fill,non_urban,8,Potential Field,classical,False,,,,,False,,,,,,,,,,Map 'Uniform Random Fill' has fewer than 2 valid positions
Uniform Random Fill,non_urban,9,Potential Field,classical,False,,,,,False,,,,,,,,,,Map 'Uniform Random Fill' has fewer than 2 valid positions
Uniform Random Fill,non_urban,10,Potential Field,classical,False,,,,,False,,,,,,,,,,Map 'Uniform Random Fill' has fewer than 2 valid positions
Uniform Random Fill,non_urban,1,Probabilistic Foam (GBPF),classical,True,,,,,False,,,,,,,,,,Map 'Uniform Random Fill' has fewer than 2 valid positions
Uniform Random Fill,non_urban,2,Probabilistic Foam (GBPF),classical,True,,,,,False,,,,,,,,,,Map 'Uniform Random Fill' has fewer than 2 valid positions
Uniform Random Fill,non_urban,3,Probabilistic Foam (GBPF),classical,True,,,,,False,,,,,,,,,,Map 'Uniform Random Fill' has fewer than 2 valid positions
Uniform Random Fill,non_urban,4,Probabilistic Foam (GBPF),classical,True,,,,,False,,,,,,,,,,Map 'Uniform Random Fill' has fewer than 2 valid positions
Uniform Random Fill,non_urban,5,Probabilistic Foam (GBPF),classical,True,,,,,False,,,,,,,,,,Map 'Uniform Random Fill' has fewer than 2 valid positions
Uniform Random Fill,non_urban,6,Probabilistic Foam (GBPF),classical,True,,,,,False,,,,,,,,,,Map 'Uniform Random Fill' has fewer than 2 valid positions
Uniform Random Fill,non_urban,7,Probabilistic Foam (GBPF),classical,True,,,,,False,,,,,,,,,,Map 'Uniform Random Fill' has fewer than 2 valid positions
Uniform Random Fill,non_urban,8,Probabilistic Foam (GBPF),classical,True,,,,,False,,,,,,,,,,Map 'Uniform Random Fill' has fewer than 2 valid positions
Uniform Random Fill,non_urban,9,Probabilistic Foam (GBPF),classical,True,,,,,False,,,,,,,,,,Map 'Uniform Random Fill' has fewer than 2 valid positions
Uniform Random Fill,non_urban,10,Probabilistic Foam (GBPF),classical,True,,,,,False,,,,,,,,,,Map 'Uniform Random Fill' has fewer than 2 valid positions
House,non_urban,1,Potential Field,classical,False,9,26,9,4,True,1.984858,43.21320307254791,38.0,0.3720307062754854,2.1052631578947367,0.0,22.0,10.841836734693878,390.844,
House,non_urban,2,Potential Field,classical,False,27,0,11,11,True,1.994119,21.727921843528748,19.0,0.12401023722666399,2.494649770403588,0.0,19.416488647460938,10.841836734693878,307.538,
House,non_urban,3,Potential Field,classical,False,6,10,10,9,True,1.964649,4.414213538169861,5.0,0.15707963610234382,1.2,0.0,4.123105525970459,10.841836734693878,306.327,
House,non_urban,4,Potential Field,classical,False,11,5,26,3,True,2.009818,27.727921843528748,25.0,0.40840704291296065,2.7744126674941585,0.0,15.132745742797852,10.841836734693878,349.015,
House,non_urban,5,Potential Field,classical,False,21,27,22,22,True,1.960046,5.414213538169861,6.0,0.13089969104719623,6.333333333333333,0.0,5.099019527435303,10.841836734693878,414.871,
House,non_urban,6,Potential Field,classical,False,10,3,14,24,False,2.057009,77.28427076339722,70.0,0.6170985552437113,1.873746823716691,15.81138801574707,21.3775577545166,10.841836734693878,364.989,
House,non_urban,7,Potential Field,classical,False,6,17,6,1,True,2.000564,18.242640614509583,18.0,0.2617993858975638,1.9349126180414546,0.0,16.0,10.841836734693878,340.751,
House,non_urban,8,Potential Field,classical,False,4,1,17,3,True,2.069718,80.94112491607666,72.0,0.6872233884565017,1.9129020203442242,0.0,13.152946472167969,10.841836734693878,377.541,
House,non_urban,9,Potential Field,classical,False,5,9,22,9,False,2.079082,60.28427076339722,53.0,0.5038403292986344,1.8679245283018868,8.5440034866333,17.0,10.841836734693878,373.639,
House,non_urban,10,Potential Field,classical,False,7,21,26,24,False,2.073771,128.7401144504547,114.0,0.6682773775893136,4.068593558646999,26.172504425048828,19.235383987426758,10.841836734693878,435.693,
Uniform Random Fill,non_urban,1,Probabilistic Foam (PFM),classical,True,,,,,False,,,,,,,,,,Map 'Uniform Random Fill' has fewer than 2 valid positions
Uniform Random Fill,non_urban,2,Probabilistic Foam (PFM),classical,True,,,,,False,,,,,,,,,,Map 'Uniform Random Fill' has fewer than 2 valid positions
Uniform Random Fill,non_urban,3,Probabilistic Foam (PFM),classical,True,,,,,False,,,,,,,,,,Map 'Uniform Random Fill' has fewer than 2 valid positions
Uniform Random Fill,non_urban,4,Probabilistic Foam (PFM),classical,True,,,,,False,,,,,,,,,,Map 'Uniform Random Fill' has fewer than 2 valid positions
Uniform Random Fill,non_urban,5,Probabilistic Foam (PFM),classical,True,,,,,False,,,,,,,,,,Map 'Uniform Random Fill' has fewer than 2 valid positions
Uniform Random Fill,non_urban,6,Probabilistic Foam (PFM),classical,True,,,,,False,,,,,,,,,,Map 'Uniform Random Fill' has fewer than 2 valid positions
Uniform Random Fill,non_urban,7,Probabilistic Foam (PFM),classical,True,,,,,False,,,,,,,,,,Map 'Uniform Random Fill' has fewer than 2 valid positions
Uniform Random Fill,non_urban,8,Probabilistic Foam (PFM),classical,True,,,,,False,,,,,,,,,,Map 'Uniform Random Fill' has fewer than 2 valid positions
Uniform Random Fill,non_urban,9,Probabilistic Foam (PFM),classical,True,,,,,False,,,,,,,,,,Map 'Uniform Random Fill' has fewer than 2 valid positions
Uniform Random Fill,non_urban,10,Probabilistic Foam (PFM),classical,True,,,,,False,,,,,,,,,,Map 'Uniform Random Fill' has fewer than 2 valid positions
Uniform Random Fill,non_urban,1,Probabilistic Foam (RBPF),classical,True,,,,,False,,,,,,,,,,Map 'Uniform Random Fill' has fewer than 2 valid positions
Uniform Random Fill,non_urban,2,Probabilistic Foam (RBPF),classical,True,,,,,False,,,,,,,,,,Map 'Uniform Random Fill' has fewer than 2 valid positions
Uniform Random Fill,non_urban,3,Probabilistic Foam (RBPF),classical,True,,,,,False,,,,,,,,,,Map 'Uniform Random Fill' has fewer than 2 valid positions
Uniform Random Fill,non_urban,4,Probabilistic Foam (RBPF),classical,True,,,,,False,,,,,,,,,,Map 'Uniform Random Fill' has fewer than 2 valid positions
Uniform Random Fill,non_urban,5,Probabilistic Foam (RBPF),classical,True,,,,,False,,,,,,,,,,Map 'Uniform Random Fill' has fewer than 2 valid positions
Uniform Random Fill,non_urban,6,Probabilistic Foam (RBPF),classical,True,,,,,False,,,,,,,,,,Map 'Uniform Random Fill' has fewer than 2 valid positions
Uniform Random Fill,non_urban,7,Probabilistic Foam (RBPF),classical,True,,,,,False,,,,,,,,,,Map 'Uniform Random Fill' has fewer than 2 valid positions
Uniform Random Fill,non_urban,8,Probabilistic Foam (RBPF),classical,True,,,,,False,,,,,,,,,,Map 'Uniform Random Fill' has fewer than 2 valid positions
Uniform Random Fill,non_urban,9,Probabilistic Foam (RBPF),classical,True,,,,,False,,,,,,,,,,Map 'Uniform Random Fill' has fewer than 2 valid positions
Uniform Random Fill,non_urban,10,Probabilistic Foam (RBPF),classical,True,,,,,False,,,,,,,,,,Map 'Uniform Random Fill' has fewer than 2 valid positions
Uniform Random Fill,non_urban,1,Probabilistic Foam (HPF),classical,True,,,,,False,,,,,,,,,,Map 'Uniform Random Fill' has fewer than 2 valid positions
Uniform Random Fill,non_urban,2,Probabilistic Foam (HPF),classical,True,,,,,False,,,,,,,,,,Map 'Uniform Random Fill' has fewer than 2 valid positions
Uniform Random Fill,non_urban,3,Probabilistic Foam (HPF),classical,True,,,,,False,,,,,,,,,,Map 'Uniform Random Fill' has fewer than 2 valid positions
Uniform Random Fill,non_urban,4,Probabilistic Foam (HPF),classical,True,,,,,False,,,,,,,,,,Map 'Uniform Random Fill' has fewer than 2 valid positions
Uniform Random Fill,non_urban,5,Probabilistic Foam (HPF),classical,True,,,,,False,,,,,,,,,,Map 'Uniform Random Fill' has fewer than 2 valid positions
Uniform Random Fill,non_urban,6,Probabilistic Foam (HPF),classical,True,,,,,False,,,,,,,,,,Map 'Uniform Random Fill' has fewer than 2 valid positions
Uniform Random Fill,non_urban,7,Probabilistic Foam (HPF),classical,True,,,,,False,,,,,,,,,,Map 'Uniform Random Fill' has fewer than 2 valid positions
Uniform Random Fill,non_urban,8,Probabilistic Foam (HPF),classical,True,,,,,False,,,,,,,,,,Map 'Uniform Random Fill' has fewer than 2 valid positions
Uniform Random Fill,non_urban,9,Probabilistic Foam (HPF),classical,True,,,,,False,,,,,,,,,,Map 'Uniform Random Fill' has fewer than 2 valid positions
Uniform Random Fill,non_urban,10,Probabilistic Foam (HPF),classical,True,,,,,False,,,,,,,,,,Map 'Uniform Random Fill' has fewer than 2 valid positions
Block,non_urban,1,A*,classical,False,,,,,False,,,,,,,,,,Map 'Block' has fewer than 2 valid positions
Block,non_urban,2,A*,classical,False,,,,,False,,,,,,,,,,Map 'Block' has fewer than 2 valid positions
Block,non_urban,3,A*,classical,False,,,,,False,,,,,,,,,,Map 'Block' has fewer than 2 valid positions
Block,non_urban,4,A*,classical,False,,,,,False,,,,,,,,,,Map 'Block' has fewer than 2 valid positions
Block,non_urban,5,A*,classical,False,,,,,False,,,,,,,,,,Map 'Block' has fewer than 2 valid positions
Block,non_urban,6,A*,classical,False,,,,,False,,,,,,,,,,Map 'Block' has fewer than 2 valid positions
Block,non_urban,7,A*,classical,False,,,,,False,,,,,,,,,,Map 'Block' has fewer than 2 valid positions
Block,non_urban,8,A*,classical,False,,,,,False,,,,,,,,,,Map 'Block' has fewer than 2 valid positions
Block,non_urban,9,A*,classical,False,,,,,False,,,,,,,,,,Map 'Block' has fewer than 2 valid positions
Block,non_urban,10,A*,classical,False,,,,,False,,,,,,,,,,Map 'Block' has fewer than 2 valid positions
Block,non_urban,1,SPRM,classical,False,,,,,False,,,,,,,,,,Map 'Block' has fewer than 2 valid positions
Block,non_urban,2,SPRM,classical,False,,,,,False,,,,,,,,,,Map 'Block' has fewer than 2 valid positions
Block,non_urban,3,SPRM,classical,False,,,,,False,,,,,,,,,,Map 'Block' has fewer than 2 valid positions
Block,non_urban,4,SPRM,classical,False,,,,,False,,,,,,,,,,Map 'Block' has fewer than 2 valid positions
Block,non_urban,5,SPRM,classical,False,,,,,False,,,,,,,,,,Map 'Block' has fewer than 2 valid positions
Block,non_urban,6,SPRM,classical,False,,,,,False,,,,,,,,,,Map 'Block' has fewer than 2 valid positions
Block,non_urban,7,SPRM,classical,False,,,,,False,,,,,,,,,,Map 'Block' has fewer than 2 valid positions
Block,non_urban,8,SPRM,classical,False,,,,,False,,,,,,,,,,Map 'Block' has fewer than 2 valid positions
Block,non_urban,9,SPRM,classical,False,,,,,False,,,,,,,,,,Map 'Block' has fewer than 2 valid positions
Block,non_urban,10,SPRM,classical,False,,,,,False,,,,,,,,,,Map 'Block' has fewer than 2 valid positions
Block,non_urban,1,RT,classical,False,,,,,False,,,,,,,,,,Map 'Block' has fewer than 2 valid positions
Block,non_urban,2,RT,classical,False,,,,,False,,,,,,,,,,Map 'Block' has fewer than 2 valid positions
Block,non_urban,3,RT,classical,False,,,,,False,,,,,,,,,,Map 'Block' has fewer than 2 valid positions
Block,non_urban,4,RT,classical,False,,,,,False,,,,,,,,,,Map 'Block' has fewer than 2 valid positions
Block,non_urban,5,RT,classical,False,,,,,False,,,,,,,,,,Map 'Block' has fewer than 2 valid positions
Block,non_urban,6,RT,classical,False,,,,,False,,,,,,,,,,Map 'Block' has fewer than 2 valid positions
Block,non_urban,7,RT,classical,False,,,,,False,,,,,,,,,,Map 'Block' has fewer than 2 valid positions
Block,non_urban,8,RT,classical,False,,,,,False,,,,,,,,,,Map 'Block' has fewer than 2 valid positions
Block,non_urban,9,RT,classical,False,,,,,False,,,,,,,,,,Map 'Block' has fewer than 2 valid positions
Block,non_urban,10,RT,classical,False,,,,,False,,,,,,,,,,Map 'Block' has fewer than 2 valid positions
Block,non_urban,1,RRT,classical,False,,,,,False,,,,,,,,,,Map 'Block' has fewer than 2 valid positions
Block,non_urban,2,RRT,classical,False,,,,,False,,,,,,,,,,Map 'Block' has fewer than 2 valid positions
Block,non_urban,3,RRT,classical,False,,,,,False,,,,,,,,,,Map 'Block' has fewer than 2 valid positions
Block,non_urban,4,RRT,classical,False,,,,,False,,,,,,,,,,Map 'Block' has fewer than 2 valid positions
Block,non_urban,5,RRT,classical,False,,,,,False,,,,,,,,,,Map 'Block' has fewer than 2 valid positions
Block,non_urban,6,RRT,classical,False,,,,,False,,,,,,,,,,Map 'Block' has fewer than 2 valid positions
Block,non_urban,7,RRT,classical,False,,,,,False,,,,,,,,,,Map 'Block' has fewer than 2 valid positions
Block,non_urban,8,RRT,classical,False,,,,,False,,,,,,,,,,Map 'Block' has fewer than 2 valid positions
Block,non_urban,9,RRT,classical,False,,,,,False,,,,,,,,,,Map 'Block' has fewer than 2 valid positions
Block,non_urban,10,RRT,classical,False,,,,,False,,,,,,,,,,Map 'Block' has fewer than 2 valid positions
Block,non_urban,1,RRT*,classical,False,,,,,False,,,,,,,,,,Map 'Block' has fewer than 2 valid positions
Block,non_urban,2,RRT*,classical,False,,,,,False,,,,,,,,,,Map 'Block' has fewer than 2 valid positions
Block,non_urban,3,RRT*,classical,False,,,,,False,,,,,,,,,,Map 'Block' has fewer than 2 valid positions
Block,non_urban,4,RRT*,classical,False,,,,,False,,,,,,,,,,Map 'Block' has fewer than 2 valid positions
Block,non_urban,5,RRT*,classical,False,,,,,False,,,,,,,,,,Map 'Block' has fewer than 2 valid positions
Block,non_urban,6,RRT*,classical,False,,,,,False,,,,,,,,,,Map 'Block' has fewer than 2 valid positions
Block,non_urban,7,RRT*,classical,False,,,,,False,,,,,,,,,,Map 'Block' has fewer than 2 valid positions
Block,non_urban,8,RRT*,classical,False,,,,,False,,,,,,,,,,Map 'Block' has fewer than 2 valid positions
Block,non_urban,9,RRT*,classical,False,,,,,False,,,,,,,,,,Map 'Block' has fewer than 2 valid positions
Block,non_urban,10,RRT*,classical,False,,,,,False,,,,,,,,,,Map 'Block' has fewer than 2 valid positions
Block,non_urban,1,RRT-Connect,classical,False,,,,,False,,,,,,,,,,Map 'Block' has fewer than 2 valid positions
Block,non_urban,2,RRT-Connect,classical,False,,,,,False,,,,,,,,,,Map 'Block' has fewer than 2 valid positions
Block,non_urban,3,RRT-Connect,classical,False,,,,,False,,,,,,,,,,Map 'Block' has fewer than 2 valid positions
Block,non_urban,4,RRT-Connect,classical,False,,,,,False,,,,,,,,,,Map 'Block' has fewer than 2 valid positions
Block,non_urban,5,RRT-Connect,classical,False,,,,,False,,,,,,,,,,Map 'Block' has fewer than 2 valid positions
Block,non_urban,6,RRT-Connect,classical,False,,,,,False,,,,,,,,,,Map 'Block' has fewer than 2 valid positions
Block,non_urban,7,RRT-Connect,classical,False,,,,,False,,,,,,,,,,Map 'Block' has fewer than 2 valid positions
Block,non_urban,8,RRT-Connect,classical,False,,,,,False,,,,,,,,,,Map 'Block' has fewer than 2 valid positions
Block,non_urban,9,RRT-Connect,classical,False,,,,,False,,,,,,,,,,Map 'Block' has fewer than 2 valid positions
Block,non_urban,10,RRT-Connect,classical,False,,,,,False,,,,,,,,,,Map 'Block' has fewer than 2 valid positions
Block,non_urban,1,Wave-front,classical,False,,,,,False,,,,,,,,,,Map 'Block' has fewer than 2 valid positions
Block,non_urban,2,Wave-front,classical,False,,,,,False,,,,,,,,,,Map 'Block' has fewer than 2 valid positions
Block,non_urban,3,Wave-front,classical,False,,,,,False,,,,,,,,,,Map 'Block' has fewer than 2 valid positions
Block,non_urban,4,Wave-front,classical,False,,,,,False,,,,,,,,,,Map 'Block' has fewer than 2 valid positions
Block,non_urban,5,Wave-front,classical,False,,,,,False,,,,,,,,,,Map 'Block' has fewer than 2 valid positions
Block,non_urban,6,Wave-front,classical,False,,,,,False,,,,,,,,,,Map 'Block' has fewer than 2 valid positions
Block,non_urban,7,Wave-front,classical,False,,,,,False,,,,,,,,,,Map 'Block' has fewer than 2 valid positions
Block,non_urban,8,Wave-front,classical,False,,,,,False,,,,,,,,,,Map 'Block' has fewer than 2 valid positions
Block,non_urban,9,Wave-front,classical,False,,,,,False,,,,,,,,,,Map 'Block' has fewer than 2 valid positions
Block,non_urban,10,Wave-front,classical,False,,,,,False,,,,,,,,,,Map 'Block' has fewer than 2 valid positions
Block,non_urban,1,Dijkstra,classical,False,,,,,False,,,,,,,,,,Map 'Block' has fewer than 2 valid positions
Block,non_urban,2,Dijkstra,classical,False,,,,,False,,,,,,,,,,Map 'Block' has fewer than 2 valid positions
Block,non_urban,3,Dijkstra,classical,False,,,,,False,,,,,,,,,,Map 'Block' has fewer than 2 valid positions
Block,non_urban,4,Dijkstra,classical,False,,,,,False,,,,,,,,,,Map 'Block' has fewer than 2 valid positions
Block,non_urban,5,Dijkstra,classical,False,,,,,False,,,,,,,,,,Map 'Block' has fewer than 2 valid positions
Block,non_urban,6,Dijkstra,classical,False,,,,,False,,,,,,,,,,Map 'Block' has fewer than 2 valid positions
Block,non_urban,7,Dijkstra,classical,False,,,,,False,,,,,,,,,,Map 'Block' has fewer than 2 valid positions
Block,non_urban,8,Dijkstra,classical,False,,,,,False,,,,,,,,,,Map 'Block' has fewer than 2 valid positions
Block,non_urban,9,Dijkstra,classical,False,,,,,False,,,,,,,,,,Map 'Block' has fewer than 2 valid positions
Block,non_urban,10,Dijkstra,classical,False,,,,,False,,,,,,,,,,Map 'Block' has fewer than 2 valid positions
Block,non_urban,1,Potential Field,classical,False,,,,,False,,,,,,,,,,Map 'Block' has fewer than 2 valid positions
Block,non_urban,2,Potential Field,classical,False,,,,,False,,,,,,,,,,Map 'Block' has fewer than 2 valid positions
Block,non_urban,3,Potential Field,classical,False,,,,,False,,,,,,,,,,Map 'Block' has fewer than 2 valid positions
Block,non_urban,4,Potential Field,classical,False,,,,,False,,,,,,,,,,Map 'Block' has fewer than 2 valid positions
Block,non_urban,5,Potential Field,classical,False,,,,,False,,,,,,,,,,Map 'Block' has fewer than 2 valid positions
Block,non_urban,6,Potential Field,classical,False,,,,,False,,,,,,,,,,Map 'Block' has fewer than 2 valid positions
Block,non_urban,7,Potential Field,classical,False,,,,,False,,,,,,,,,,Map 'Block' has fewer than 2 valid positions
Block,non_urban,8,Potential Field,classical,False,,,,,False,,,,,,,,,,Map 'Block' has fewer than 2 valid positions
Block,non_urban,9,Potential Field,classical,False,,,,,False,,,,,,,,,,Map 'Block' has fewer than 2 valid positions
Block,non_urban,10,Potential Field,classical,False,,,,,False,,,,,,,,,,Map 'Block' has fewer than 2 valid positions
Block,non_urban,1,Probabilistic Foam (GBPF),classical,True,,,,,False,,,,,,,,,,Map 'Block' has fewer than 2 valid positions
Block,non_urban,2,Probabilistic Foam (GBPF),classical,True,,,,,False,,,,,,,,,,Map 'Block' has fewer than 2 valid positions
Block,non_urban,3,Probabilistic Foam (GBPF),classical,True,,,,,False,,,,,,,,,,Map 'Block' has fewer than 2 valid positions
Block,non_urban,4,Probabilistic Foam (GBPF),classical,True,,,,,False,,,,,,,,,,Map 'Block' has fewer than 2 valid positions
Block,non_urban,5,Probabilistic Foam (GBPF),classical,True,,,,,False,,,,,,,,,,Map 'Block' has fewer than 2 valid positions
Block,non_urban,6,Probabilistic Foam (GBPF),classical,True,,,,,False,,,,,,,,,,Map 'Block' has fewer than 2 valid positions
Block,non_urban,7,Probabilistic Foam (GBPF),classical,True,,,,,False,,,,,,,,,,Map 'Block' has fewer than 2 valid positions
Block,non_urban,8,Probabilistic Foam (GBPF),classical,True,,,,,False,,,,,,,,,,Map 'Block' has fewer than 2 valid positions
Block,non_urban,9,Probabilistic Foam (GBPF),classical,True,,,,,False,,,,,,,,,,Map 'Block' has fewer than 2 valid positions
Block,non_urban,10,Probabilistic Foam (GBPF),classical,True,,,,,False,,,,,,,,,,Map 'Block' has fewer than 2 valid positions
Block,non_urban,1,Probabilistic Foam (PFM),classical,True,,,,,False,,,,,,,,,,Map 'Block' has fewer than 2 valid positions
Block,non_urban,2,Probabilistic Foam (PFM),classical,True,,,,,False,,,,,,,,,,Map 'Block' has fewer than 2 valid positions
Block,non_urban,3,Probabilistic Foam (PFM),classical,True,,,,,False,,,,,,,,,,Map 'Block' has fewer than 2 valid positions
Block,non_urban,4,Probabilistic Foam (PFM),classical,True,,,,,False,,,,,,,,,,Map 'Block' has fewer than 2 valid positions
Block,non_urban,5,Probabilistic Foam (PFM),classical,True,,,,,False,,,,,,,,,,Map 'Block' has fewer than 2 valid positions
Block,non_urban,6,Probabilistic Foam (PFM),classical,True,,,,,False,,,,,,,,,,Map 'Block' has fewer than 2 valid positions
Block,non_urban,7,Probabilistic Foam (PFM),classical,True,,,,,False,,,,,,,,,,Map 'Block' has fewer than 2 valid positions
Block,non_urban,8,Probabilistic Foam (PFM),classical,True,,,,,False,,,,,,,,,,Map 'Block' has fewer than 2 valid positions
Block,non_urban,9,Probabilistic Foam (PFM),classical,True,,,,,False,,,,,,,,,,Map 'Block' has fewer than 2 valid positions
Block,non_urban,10,Probabilistic Foam (PFM),classical,True,,,,,False,,,,,,,,,,Map 'Block' has fewer than 2 valid positions
Block,non_urban,1,Probabilistic Foam (RBPF),classical,True,,,,,False,,,,,,,,,,Map 'Block' has fewer than 2 valid positions
Block,non_urban,2,Probabilistic Foam (RBPF),classical,True,,,,,False,,,,,,,,,,Map 'Block' has fewer than 2 valid positions
Block,non_urban,3,Probabilistic Foam (RBPF),classical,True,,,,,False,,,,,,,,,,Map 'Block' has fewer than 2 valid positions
Block,non_urban,4,Probabilistic Foam (RBPF),classical,True,,,,,False,,,,,,,,,,Map 'Block' has fewer than 2 valid positions
Block,non_urban,5,Probabilistic Foam (RBPF),classical,True,,,,,False,,,,,,,,,,Map 'Block' has fewer than 2 valid positions
Block,non_urban,6,Probabilistic Foam (RBPF),classical,True,,,,,False,,,,,,,,,,Map 'Block' has fewer than 2 valid positions
Block,non_urban,7,Probabilistic Foam (RBPF),classical,True,,,,,False,,,,,,,,,,Map 'Block' has fewer than 2 valid positions
Block,non_urban,8,Probabilistic Foam (RBPF),classical,True,,,,,False,,,,,,,,,,Map 'Block' has fewer than 2 valid positions
Block,non_urban,9,Probabilistic Foam (RBPF),classical,True,,,,,False,,,,,,,,,,Map 'Block' has fewer than 2 valid positions
Block,non_urban,10,Probabilistic Foam (RBPF),classical,True,,,,,False,,,,,,,,,,Map 'Block' has fewer than 2 valid positions
Block,non_urban,1,Probabilistic Foam (HPF),classical,True,,,,,False,,,,,,,,,,Map 'Block' has fewer than 2 valid positions
Block,non_urban,2,Probabilistic Foam (HPF),classical,True,,,,,False,,,,,,,,,,Map 'Block' has fewer than 2 valid positions
Block,non_urban,3,Probabilistic Foam (HPF),classical,True,,,,,False,,,,,,,,,,Map 'Block' has fewer than 2 valid positions
Block,non_urban,4,Probabilistic Foam (HPF),classical,True,,,,,False,,,,,,,,,,Map 'Block' has fewer than 2 valid positions
Block,non_urban,5,Probabilistic Foam (HPF),classical,True,,,,,False,,,,,,,,,,Map 'Block' has fewer than 2 valid positions
Block,non_urban,6,Probabilistic Foam (HPF),classical,True,,,,,False,,,,,,,,,,Map 'Block' has fewer than 2 valid positions
Block,non_urban,7,Probabilistic Foam (HPF),classical,True,,,,,False,,,,,,,,,,Map 'Block' has fewer than 2 valid positions
Block,non_urban,8,Probabilistic Foam (HPF),classical,True,,,,,False,,,,,,,,,,Map 'Block' has fewer than 2 valid positions
Block,non_urban,9,Probabilistic Foam (HPF),classical,True,,,,,False,,,,,,,,,,Map 'Block' has fewer than 2 valid positions
Block,non_urban,10,Probabilistic Foam (HPF),classical,True,,,,,False,,,,,,,,,,Map 'Block' has fewer than 2 valid positions
House,non_urban,1,A*,classical,False,9,26,9,4,True,0.151228,30.284270763397217,23.0,0.23903421843401051,2.782608695652174,0.0,22.0,10.841836734693878,251.438,
House,non_urban,2,A*,classical,False,27,0,11,11,True,0.07582,21.727921843528748,19.0,0.12401023722666399,2.494649770403588,0.0,19.416488647460938,10.841836734693878,96.788,
House,non_urban,3,A*,classical,False,6,10,10,9,True,0.006769,4.414213538169861,5.0,0.31415927220468765,1.6,0.0,4.123105525970459,10.841836734693878,23.313,
House,non_urban,4,A*,classical,False,11,5,26,3,True,0.035373,16.656854152679443,16.0,0.3926990902558596,2.7438154089298896,0.0,15.132745742797852,10.841836734693878,67.441,
House,non_urban,5,A*,classical,False,21,27,22,22,True,0.004342,5.414213538169861,6.0,0.13089969104719623,6.333333333333333,0.0,5.099019527435303,10.841836734693878,22.697,
House,non_urban,6,A*,classical,False,10,3,14,24,True,0.371737,39.62741661071777,34.0,0.36959913974333364,1.8871258135343638,0.0,21.3775577545166,10.841836734693878,330.423,
House,non_urban,7,A*,classical,False,6,17,6,1,True,0.039095,17.656854152679443,17.0,0.23099945478916983,2.360142205580733,0.0,16.0,10.841836734693878,141.001,
House,non_urban,8,A*,classical,False,4,1,17,3,True,0.04585,16.899494767189026,15.0,0.2617993889401008,1.920837280002751,0.0,13.152946472167969,10.841836734693878,121.945,
House,non_urban,9,A*,classical,False,5,9,22,9,True,0.034808,18.656854152679443,18.0,0.1308996967519532,1.0230118645762831,0.0,17.0,10.841836734693878,64.409,
House,non_urban,10,A*,classical,False,7,21,26,24,True,0.290884,50.28427076339722,43.0,0.18265073567382517,2.049242950454649,0.0,19.235383987426758,10.841836734693878,279.017,
House,non_urban,1,SPRM,classical,False,9,26,9,4,True,1.540577,41.21320307254791,36.0,0.3708824646226058,3.1885731393311465,0.0,22.0,10.841836734693878,1949.375,
House,non_urban,2,SPRM,classical,False,27,0,11,11,True,0.87464,23.14213538169861,20.0,0.5890486319609354,3.479799780313205,0.0,19.416488647460938,10.841836734693878,814.494,
House,non_urban,3,SPRM,classical,False,6,10,10,9,True,0.008277,4.414213538169861,5.0,0.31415927220468765,1.6,0.0,4.123105525970459,10.841836734693878,14.026,
House,non_urban,4,SPRM,classical,False,11,5,26,3,True,0.109703,17.485281229019165,16.0,0.34361170397387714,2.290061645299216,0.0,15.132745742797852,10.841836734693878,158.374,
House,non_urban,5,SPRM,classical,False,21,27,22,22,True,0.008332,5.414213538169861,6.0,0.26179938209439246,6.333333333333333,0.0,5.099019527435303,10.841836734693878,14.578,
House,non_urban,6,SPRM,classical,False,10,3,14,24,True,3.503454,79.28427076339722,72.0,0.41451569734865346,3.242931965560201,0.0,21.3775577545166,10.841836734693878,2137.222,
House,non_urban,7,SPRM,classical,False,6,17,6,1,True,0.07442,18.485281229019165,17.0,0.41579901862050567,2.5307920022206294,0.0,16.0,10.841836734693878,88.578,
House,non_urban,8,SPRM,classical,False,4,1,17,3,True,3.443751,44.55634891986847,41.0,0.4405892182048365,1.911958228737881,0.0,13.152946472167969,10.841836734693878,2170.118,
House,non_urban,9,SPRM,classical,False,5,9,22,9,True,1.123755,24.899494767189026,23.0,0.47806845323819325,1.9070918027825172,0.0,17.0,10.841836734693878,1687.278,
House,non_urban,10,SPRM,classical,False,7,21,26,24,True,3.566466,98.76955199241638,89.0,0.42358552594212356,2.4831007203582423,0.0,19.235383987426758,10.841836734693878,2160.483,
House,non_urban,1,Probabilistic Foam (PFM),classical,True,9,26,9,4,True,0.38149,39.21320307254791,34.0,0.6236985349778115,3.5147255236788757,0.0,22.0,10.841836734693878,175.443,
House,non_urban,2,Probabilistic Foam (PFM),classical,True,27,0,11,11,False,0.453061,0.0,1.0,0.0,8.0,19.416488647460938,19.416488647460938,10.841836734693878,78.217,
House,non_urban,3,Probabilistic Foam (PFM),classical,True,6,10,10,9,True,0.022609,5.2426406145095825,5.0,0.15707963610234382,1.6,0.0,4.123105525970459,10.841836734693878,26.297,
House,non_urban,4,Probabilistic Foam (PFM),classical,True,11,5,26,3,True,0.408757,17.485281229019165,16.0,0.3926990902558596,2.957203756578208,0.0,15.132745742797852,10.841836734693878,102.361,
House,non_urban,5,Probabilistic Foam (PFM),classical,True,21,27,22,22,False,1.398139,0.0,1.0,0.0,8.0,5.099019527435303,5.099019527435303,10.841836734693878,146.319,
House,non_urban,6,Probabilistic Foam (PFM),classical,True,10,3,14,24,True,1.420818,50.11269783973694,42.0,0.5235987772282296,3.046561656938117,0.0,21.3775577545166,10.841836734693878,174.205,
House,non_urban,7,Probabilistic Foam (PFM),classical,True,6,17,6,1,True,0.218058,22.485281229019165,21.0,0.3739991221674952,2.900551367315907,0.0,16.0,10.841836734693878,231.385,
House,non_urban,8,Probabilistic Foam (PFM),classical,True,4,1,17,3,True,0.215874,18.313708305358887,16.0,0.44178647439855817,2.0807042415412713,0.0,13.152946472167969,10.841836734693878,74.761,
House,non_urban,9,Probabilistic Foam (PFM),classical,True,5,9,22,9,True,0.76835,27.97056245803833,24.0,0.5890486225480864,1.9704694943608476,0.0,17.0,10.841836734693878,132.233,
House,non_urban,10,Probabilistic Foam (PFM),classical,True,7,21,26,24,False,0.059149,0.0,1.0,0.0,3.0,19.235383987426758,19.235383987426758,10.841836734693878,21.089,
House,non_urban,1,Probabilistic Foam (RBPF),classical,True,9,26,9,4,True,0.210103,40.62741661071777,35.0,0.5834386366446345,3.6884929815737744,0.0,22.0,10.841836734693878,158.574,
House,non_urban,2,Probabilistic Foam (RBPF),classical,True,27,0,11,11,True,0.270901,26.79898953437805,22.0,0.5354987501047517,3.581706326018957,0.0,19.416488647460938,10.841836734693878,84.694,
House,non_urban,3,Probabilistic Foam (RBPF),classical,True,6,10,10,9,True,0.06129,11.242640614509583,11.0,0.7139983241379454,2.727272727272727,0.0,4.123105525970459,10.841836734693878,45.596,
House,non_urban,4,Probabilistic Foam (RBPF),classical,True,11,5,26,3,True,0.076482,18.071067690849304,17.0,0.46199892568588874,3.0483942631633414,0.0,15.132745742797852,10.841836734693878,55.276,
House,non_urban,5,Probabilistic Foam (RBPF),classical,True,21,27,22,22,False,1.147018,0.0,1.0,0.0,8.0,5.099019527435303,5.099019527435303,10.841836734693878,138.89,
House,non_urban,6,Probabilistic Foam (RBPF),classical,True,10,3,14,24,False,0.616632,0.0,1.0,0.0,3.1622776601683795,21.3775577545166,21.3775577545166,10.841836734693878,98.804,
House,non_urban,7,Probabilistic Foam (RBPF),classical,True,6,17,6,1,True,0.166164,25.313708305358887,23.0,0.5805116807807272,3.1220900654235764,0.0,16.0,10.841836734693878,221.266,
House,non_urban,8,Probabilistic Foam (RBPF),classical,True,4,1,17,3,True,0.553953,19.485281229019165,18.0,0.43633231680175366,2.1245911492844045,0.0,13.152946472167969,10.841836734693878,110.81,
House,non_urban,9,Probabilistic Foam (RBPF),classical,True,5,9,22,9,False,0.413966,0.0,1.0,0.0,1.0,17.0,17.0,10.841836734693878,81.764,
House,non_urban,10,Probabilistic Foam (RBPF),classical,True,7,21,26,24,True,1.092645,76.42640614509583,65.0,0.44707279728030896,3.220293035631312,0.0,19.235383987426758,10.841836734693878,177.7,
House,non_urban,1,Probabilistic Foam (HPF),classical,True,9,26,9,4,True,0.147491,38.38477599620819,34.0,0.461998919645558,3.3803632757781403,0.0,22.0,10.841836734693878,150.006,
House,non_urban,2,Probabilistic Foam (HPF),classical,True,27,0,11,11,True,0.092893,24.55634891986847,21.0,0.26179938698418415,3.7537346249879135,0.0,19.416488647460938,10.841836734693878,57.793,
House,non_urban,3,Probabilistic Foam (HPF),classical,True,6,10,10,9,True,0.003027,5.2426406145095825,5.0,0.15707963610234382,2.0,0.0,4.123105525970459,10.841836734693878,17.809,
House,non_urban,4,Probabilistic Foam (HPF),classical,True,11,5,26,3,True,0.05428,21.727921843528748,19.0,0.5373776952493781,3.8724469064495515,0.0,15.132745742797852,10.841836734693878,51.507,
House,non_urban,5,Probabilistic Foam (HPF),classical,True,21,27,22,22,False,1.269388,0.0,1.0,0.0,8.0,5.099019527435303,5.099019527435303,10.841836734693878,153.879,
House,non_urban,6,Probabilistic Foam (HPF),classical,True,10,3,14,24,True,0.885759,50.455843687057495,44.0,0.4997988304750003,2.5448862906389667,0.0,21.3775577545166,10.841836734693878,163.577,
House,non_urban,7,Probabilistic Foam (HPF),classical,True,6,17,6,1,True,0.07543,23.899494767189026,22.0,0.5711986565098393,3.03673052294283,0.0,16.0,10.841836734693878,147.441,
House,non_urban,8,Probabilistic Foam (HPF),classical,True,4,1,17,3,True,0.060719,19.14213538169861,16.0,0.3436117018345933,2.0289275462446343,0.0,13.152946472167969,10.841836734693878,79.679,
House,non_urban,9,Probabilistic Foam (HPF),classical,True,5,9,22,9,True,0.234087,25.485281229019165,24.0,0.7199483164476611,1.808925565098879,0.0,17.0,10.841836734693878,92.811,
House,non_urban,10,Probabilistic Foam (HPF),classical,True,7,21,26,24,True,0.658778,70.76955199241638,61.0,0.4506382896322606,3.2081084496304153,0.0,19.235383987426758,10.841836734693878,152.957,
Long Wall,non_urban,1,A*,classical,False,9,22,15,3,True,0.038845,21.485281229019165,20.0,0.19634953657079435,2.5839651892666735,0.0,19.92485809326172,7.670454545454546,159.078,
Long Wall,non_urban,2,A*,classical,False,25,0,15,25,True,0.095318,29.14213538169861,26.0,0.5437371781960461,4.56981321531266,0.0,26.925823211669922,7.670454545454546,141.913,
Long Wall,non_urban,3,A*,classical,False,18,8,19,7,True,0.001999,1.4142135381698608,2.0,0.0,1.618033988749895,0.0,1.4142135381698608,7.670454545454546,15.265,
Long Wall,non_urban,4,A*,classical,False,30,6,10,4,True,0.032066,20.82842707633972,21.0,0.14959965343080364,5.476298396267826,0.0,20.099750518798828,7.670454545454546,68.796,
Long Wall,non_urban,5,A*,classical,False,10,25,5,3,True,0.055543,24.071067690849304,23.0,0.3414774549057293,4.174786183540895,0.0,22.56102752685547,7.670454545454546,93.889,
Long Wall,non_urban,6,A*,classical,False,14,23,14,25,True,0.002572,2.0,3.0,0.0,6.08428328525216,0.0,2.0,7.670454545454546,18.361,
Long Wall,non_urban,7,A*,classical,False,4,30,12,19,True,0.024646,14.313708305358887,12.0,0.26179938209439246,8.270751253472824,0.0,13.601470947265625,7.670454545454546,100.961,
Long Wall,non_urban,8,A*,classical,False,23,2,25,20,True,0.040728,18.82842707633972,19.0,0.1240102336236596,5.115829445269607,0.0,18.11077117919922,7.670454545454546,116.521,
Long Wall,non_urban,9,A*,classical,False,25,14,32,0,True,0.038997,16.899494767189026,15.0,0.5235987641887849,10.451286761931533,0.0,15.65247631072998,7.670454545454546,94.599,
Long Wall,non_urban,10,A*,classical,False,30,0,29,2,True,0.002631,2.414213538169861,3.0,0.26179938209439246,13.708647089752638,0.0,2.2360680103302,7.670454545454546,18.625,
Long Wall,non_urban,1,SPRM,classical,False,9,22,15,3,True,0.133479,24.79898953437805,20.0,0.314159258513271,3.9239234486005294,0.0,19.92485809326172,7.670454545454546,561.531,
Long Wall,non_urban,2,SPRM,classical,False,25,0,15,25,True,0.093565,29.14213538169861,26.0,0.3322838311198058,5.347440411942824,0.0,26.925823211669922,7.670454545454546,437.073,
Long Wall,non_urban,3,SPRM,classical,False,18,8,19,7,True,0.009646,1.4142135381698608,2.0,0.0,1.618033988749895,0.0,1.4142135381698608,7.670454545454546,12.97,
Long Wall,non_urban,4,SPRM,classical,False,30,6,10,4,True,0.081192,21.656854152679443,21.0,0.2991993068616073,5.519948405768461,0.0,20.099750518798828,7.670454545454546,151.113,
Long Wall,non_urban,5,SPRM,classical,False,10,25,5,3,True,0.158666,24.071067690849304,23.0,0.3414774549057293,6.171065524510678,0.0,22.56102752685547,7.670454545454546,485.906,
Long Wall,non_urban,6,SPRM,classical,False,14,23,14,25,True,0.007325,2.0,3.0,0.0,6.08428328525216,0.0,2.0,7.670454545454546,13.466,
Long Wall,non_urban,7,SPRM,classical,False,4,30,12,19,True,0.005949,14.313708305358887,12.0,0.3926990731415887,8.544833494727007,0.0,13.601470947265625,7.670454545454546,24.042,
Long Wall,non_urban,8,SPRM,classical,False,23,2,25,20,True,0.076928,23.79898953437805,19.0,0.4133674454121986,8.744086088164584,0.0,18.11077117919922,7.670454545454546,196.622,
Long Wall,non_urban,9,SPRM,classical,False,25,14,32,0,True,0.147095,20.41421353816986,21.0,0.14959964854101196,11.53866869924859,0.0,15.65247631072998,7.670454545454546,515.03,
Long Wall,non_urban,10,SPRM,classical,False,30,0,29,2,True,0.007405,2.414213538169861,3.0,0.26179938209439246,13.961662541912034,0.0,2.2360680103302,7.670454545454546,13.466,
House,non_urban,1,RRT,classical,False,9,26,9,4,True,0.661581,45.21320307254791,40.0,0.6479534835193249,3.871926357557181,0.0,22.0,10.841836734693878,252.626,
House,non_urban,2,RRT,classical,False,27,0,11,11,True,4.594985,43.38477599620819,39.0,0.5034603598357281,2.184448341198408,0.0,19.416488647460938,10.841836734693878,434.879,
House,non_urban,3,RRT,classical,False,6,10,10,9,True,2.226462,8.41421353816986,9.0,0.7853981614958626,2.4444444444444446,0.0,4.123105525970459,10.841836734693878,331.982,
House,non_urban,4,RRT,classical,False,11,5,26,3,True,0.106702,18.071067690849304,17.0,0.36959914175677716,3.077368241485372,0.0,15.132745742797852,10.841836734693878,81.082,
House,non_urban,5,RRT,classical,False,21,27,22,22,True,1.098581,7.656854152679443,7.0,0.560998680806347,6.0,0.0,5.099019527435303,10.841836734693878,225.594,
House,non_urban,6,RRT,classical,False,10,3,14,24,True,49.564551,61.62741661071777,56.0,0.6170985532877946,3.3426589953572328,0.0,21.3775577545166,10.841836734693878,834.097,
House,non_urban,7,RRT,classical,False,6,17,6,1,True,0.495508,33.21320307254791,28.0,0.5890486170470709,2.0763976242224103,0.0,16.0,10.841836734693878,218.058,
House,non_urban,8,RRT,classical,False,4,1,17,3,True,0.975752,23.14213538169861,20.0,0.6283185341408128,1.7768315528622778,0.0,13.152946472167969,10.841836734693878,272.066,
House,non_urban,9,RRT,classical,False,5,9,22,9,True,0.131149,25.727921843528748,23.0,0.6146594411532749,1.8925227814306662,0.0,17.0,10.841836734693878,100.194,
House,non_urban,10,RRT,classical,False,7,21,26,24,True,0.531823,77.01219260692596,66.0,0.6187985493495082,3.037104626661452,0.0,19.235383987426758,10.841836734693878,166.684,
House,non_urban,1,RRT-Connect,classical,False,,,,,False,,,,,,,,,,name 'n' is not defined
House,non_urban,2,RRT-Connect,classical,False,,,,,False,,,,,,,,,,name 'n' is not defined
House,non_urban,3,RRT-Connect,classical,False,,,,,False,,,,,,,,,,name 'n' is not defined
House,non_urban,4,RRT-Connect,classical,False,,,,,False,,,,,,,,,,name 'n' is not defined
House,non_urban,5,RRT-Connect,classical,False,,,,,False,,,,,,,,,,name 'n' is not defined
House,non_urban,6,RRT-Connect,classical,False,,,,,False,,,,,,,,,,name 'n' is not defined
House,non_urban,7,RRT-Connect,classical,False,,,,,False,,,,,,,,,,name 'n' is not defined
House,non_urban,8,RRT-Connect,classical,False,,,,,False,,,,,,,,,,name 'n' is not defined
House,non_urban,9,RRT-Connect,classical,False,,,,,False,,,,,,,,,,name 'n' is not defined
House,non_urban,10,RRT-Connect,classical,False,,,,,False,,,,,,,,,,name 'n' is not defined
House,non_urban,1,Wave-front,classical,False,9,26,9,4,True,0.217555,30.284270763397217,23.0,0.13659098196229172,2.8543600669509948,0.0,22.0,10.841836734693878,117.478,
House,non_urban,2,Wave-front,classical,False,27,0,11,11,True,0.189827,21.727921843528748,19.0,0.16534698356938604,3.9691691348617417,0.0,19.416488647460938,10.841836734693878,29.671,
House,non_urban,3,Wave-front,classical,False,6,10,10,9,True,0.01293,4.414213538169861,5.0,0.15707963610234382,1.8,0.0,4.123105525970459,10.841836734693878,17.993,
House,non_urban,4,Wave-front,classical,False,11,5,26,3,True,0.08,16.656854152679443,16.0,0.14726215884594734,2.378039198596316,0.0,15.132745742797852,10.841836734693878,23.009,
House,non_urban,5,Wave-front,classical,False,21,27,22,22,True,0.022659,5.414213538169861,6.0,0.13089969104719623,6.333333333333333,0.0,5.099019527435303,10.841836734693878,19.057,
House,non_urban,6,Wave-front,classical,False,10,3,14,24,True,0.144214,39.62741661071777,34.0,0.20789951434386192,1.6346026830159257,0.0,21.3775577545166,10.841836734693878,33.487,
House,non_urban,7,Wave-front,classical,False,6,17,6,1,True,0.125244,17.656854152679443,17.0,0.1385996728735019,2.4734486575024146,0.0,16.0,10.841836734693878,124.375,
House,non_urban,8,Wave-front,classical,False,4,1,17,3,True,0.119567,16.899494767189026,15.0,0.2617993889401008,1.920837280002751,0.0,13.152946472167969,10.841836734693878,29.799,
House,non_urban,9,Wave-front,classical,False,5,9,22,9,True,0.145204,18.656854152679443,18.0,0.1308996967519532,1.0230118645762831,0.0,17.0,10.841836734693878,32.791,
House,non_urban,10,Wave-front,classical,False,7,21,26,24,True,0.258941,50.28427076339722,43.0,0.18265073567382517,2.049242950454649,0.0,19.235383987426758,10.841836734693878,38.957,
House,non_urban,1,Dijkstra,classical,False,9,26,9,4,True,0.125978,30.284270763397217,23.0,0.13659098196229172,2.8543600669509948,0.0,22.0,10.841836734693878,277.521,
House,non_urban,2,Dijkstra,classical,False,27,0,11,11,True,0.094307,21.727921843528748,19.0,0.16534698356938604,3.9691691348617417,0.0,19.416488647460938,10.841836734693878,109.193,
House,non_urban,3,Dijkstra,classical,False,6,10,10,9,True,0.021255,4.414213538169861,5.0,0.15707963610234382,1.8,0.0,4.123105525970459,10.841836734693878,41.745,
House,non_urban,4,Dijkstra,classical,False,11,5,26,3,True,0.172421,16.656854152679443,16.0,0.14726215884594734,2.378039198596316,0.0,15.132745742797852,10.841836734693878,196.808,
House,non_urban,5,Dijkstra,classical,False,21,27,22,22,True,0.021973,5.414213538169861,6.0,0.13089969104719623,6.333333333333333,0.0,5.099019527435303,10.841836734693878,40.649,
House,non_urban,6,Dijkstra,classical,False,10,3,14,24,True,0.29616,39.62741661071777,34.0,0.20789951434386192,1.6346026830159257,0.0,21.3775577545166,10.841836734693878,311.897,
House,non_urban,7,Dijkstra,classical,False,6,17,6,1,True,0.14121,17.656854152679443,17.0,0.1385996728735019,2.4734486575024146,0.0,16.0,10.841836734693878,330.441,
House,non_urban,8,Dijkstra,classical,False,4,1,17,3,True,0.11107,16.899494767189026,15.0,0.2617993889401008,1.920837280002751,0.0,13.152946472167969,10.841836734693878,117.985,
House,non_urban,9,Dijkstra,classical,False,5,9,22,9,True,0.209508,18.656854152679443,18.0,0.1308996967519532,1.0230118645762831,0.0,17.0,10.841836734693878,201.161,
House,non_urban,10,Dijkstra,classical,False,7,21,26,24,True,0.262158,50.28427076339722,43.0,0.18265073567382517,2.049242950454649,0.0,19.235383987426758,10.841836734693878,258.753,
Long Wall,non_urban,1,RRT,classical,False,9,22,15,3,True,5.230983,29.38477599620819,25.0,0.439822963287721,4.16553329102696,0.0,19.92485809326172,7.670454545454546,614.814,
Long Wall,non_urban,2,RRT,classical,False,25,0,15,25,True,2.27834,55.28427076339722,48.0,0.5399612412577665,9.002544096420065,0.0,26.925823211669922,7.670454545454546,389.97,
Long Wall,non_urban,3,RRT,classical,False,18,8,19,7,True,1.422913,1.4142135381698608,2.0,0.0,1.618033988749895,0.0,1.4142135381698608,7.670454545454546,302.033,
Long Wall,non_urban,4,RRT,classical,False,30,6,10,4,True,33.638156,22.485281229019165,21.0,0.37399913357700915,6.788468742313014,0.0,20.099750518798828,7.670454545454546,999.199,
Long Wall,non_urban,5,RRT,classical,False,10,25,5,3,True,0.17271,36.21320307254791,31.0,0.4813730629200994,6.851382861329152,0.0,22.56102752685547,7.670454545454546,113.042,
Long Wall,non_urban,6,RRT,classical,False,14,23,14,25,True,3.606451,8.242640614509583,8.0,0.6872233865549157,7.460326302258045,0.0,2.0,7.670454545454546,606.926,
Long Wall,non_urban,7,RRT,classical,False,4,30,12,19,True,36.003124,19.727921843528748,17.0,0.6929983764481712,7.1881613146126915,0.0,13.601470947265625,7.670454545454546,999.414,
Long Wall,non_urban,8,RRT,classical,False,23,2,25,20,True,6.307635,29.899494767189026,28.0,0.4487989456230359,5.387631550898983,0.0,18.11077117919922,7.670454545454546,573.622,
Long Wall,non_urban,9,RRT,classical,False,25,14,32,0,True,6.781503,16.899494767189026,15.0,0.36651913493214944,11.116275631656897,0.0,15.65247631072998,7.670454545454546,593.638,
Long Wall,non_urban,10,RRT,classical,False,30,0,29,2,True,29.996184,3.0,4.0,0.7853981633974483,13.834652918202451,0.0,2.2360680103302,7.670454545454546,940.11,
House,non_urban,1,Potential Field,classical,False,9,26,9,4,True,1.928529,43.21320307254791,38.0,0.3720307062754854,2.1052631578947367,0.0,22.0,10.841836734693878,390.844,
House,non_urban,2,Potential Field,classical,False,27,0,11,11,True,1.863093,21.727921843528748,19.0,0.12401023722666399,2.494649770403588,0.0,19.416488647460938,10.841836734693878,307.538,
House,non_urban,3,Potential Field,classical,False,6,10,10,9,True,1.84637,4.414213538169861,5.0,0.15707963610234382,1.2,0.0,4.123105525970459,10.841836734693878,306.327,
House,non_urban,4,Potential Field,classical,False,11,5,26,3,True,1.902002,27.727921843528748,25.0,0.40840704291296065,2.7744126674941585,0.0,15.132745742797852,10.841836734693878,349.015,
House,non_urban,5,Potential Field,classical,False,21,27,22,22,True,1.862799,5.414213538169861,6.0,0.13089969104719623,6.333333333333333,0.0,5.099019527435303,10.841836734693878,414.871,
House,non_urban,6,Potential Field,classical,False,10,3,14,24,False,1.873181,77.28427076339722,70.0,0.6170985552437113,1.873746823716691,15.81138801574707,21.3775577545166,10.841836734693878,364.989,
House,non_urban,7,Potential Field,classical,False,6,17,6,1,True,1.855137,18.242640614509583,18.0,0.2617993858975638,1.9349126180414546,0.0,16.0,10.841836734693878,340.751,
House,non_urban,8,Potential Field,classical,False,4,1,17,3,True,1.957585,80.94112491607666,72.0,0.6872233884565017,1.9129020203442242,0.0,13.152946472167969,10.841836734693878,377.541,
House,non_urban,9,Potential Field,classical,False,5,9,22,9,False,1.870425,60.28427076339722,53.0,0.5038403292986344,1.8679245283018868,8.5440034866333,17.0,10.841836734693878,373.639,
House,non_urban,10,Potential Field,classical,False,7,21,26,24,False,1.909317,128.7401144504547,114.0,0.6682773775893136,4.068593558646999,26.172504425048828,19.235383987426758,10.841836734693878,435.693,
Long Wall,non_urban,1,RRT-Connect,classical,False,,,,,False,,,,,,,,,,name 'n' is not defined
Long Wall,non_urban,2,RRT-Connect,classical,False,,,,,False,,,,,,,,,,name 'n' is not defined
Long Wall,non_urban,3,RRT-Connect,classical,False,,,,,False,,,,,,,,,,name 'n' is not defined
Long Wall,non_urban,4,RRT-Connect,classical,False,,,,,False,,,,,,,,,,name 'n' is not defined
Long Wall,non_urban,5,RRT-Connect,classical,False,,,,,False,,,,,,,,,,name 'n' is not defined
Long Wall,non_urban,6,RRT-Connect,classical,False,,,,,False,,,,,,,,,,name 'n' is not defined
Long Wall,non_urban,7,RRT-Connect,classical,False,,,,,False,,,,,,,,,,name 'n' is not defined
Long Wall,non_urban,8,RRT-Connect,classical,False,,,,,False,,,,,,,,,,name 'n' is not defined
Long Wall,non_urban,9,RRT-Connect,classical,False,,,,,False,,,,,,,,,,name 'n' is not defined
Long Wall,non_urban,10,RRT-Connect,classical,False,,,,,False,,,,,,,,,,name 'n' is not defined
Long Wall,non_urban,1,Wave-front,classical,False,9,22,15,3,True,0.254523,21.485281229019165,20.0,0.03926990731415887,2.900446345900088,0.0,19.92485809326172,7.670454545454546,104.054,
Long Wall,non_urban,2,Wave-front,classical,False,25,0,15,25,True,0.376559,29.14213538169861,26.0,0.030207621010891438,6.273200299738386,0.0,26.925823211669922,7.670454545454546,34.119,
Long Wall,non_urban,3,Wave-front,classical,False,18,8,19,7,True,0.001125,1.4142135381698608,2.0,0.0,1.618033988749895,0.0,1.4142135381698608,7.670454545454546,13.817,
Long Wall,non_urban,4,Wave-front,classical,False,30,6,10,4,True,0.226726,20.82842707633972,21.0,0.03739991335770091,5.345201346806259,0.0,20.099750518798828,7.670454545454546,37.943,
Long Wall,non_urban,5,Wave-front,classical,False,10,25,5,3,True,0.206686,24.071067690849304,23.0,0.1024432364717188,3.839548498860226,0.0,22.56102752685547,7.670454545454546,36.919,
Long Wall,non_urban,6,Wave-front,classical,False,14,23,14,25,True,0.001998,2.0,3.0,0.0,6.08428328525216,0.0,2.0,7.670454545454546,21.049,
Long Wall,non_urban,7,Wave-front,classical,False,4,30,12,19,True,0.127195,14.313708305358887,12.0,0.06544984552359812,9.064567432242175,0.0,13.601470947265625,7.670454545454546,128.287,
Long Wall,non_urban,8,Wave-front,classical,False,23,2,25,20,True,0.22269,18.82842707633972,19.0,0.04133674454121986,5.016411406316447,0.0,18.11077117919922,7.670454545454546,33.511,
Long Wall,non_urban,9,Wave-front,classical,False,25,14,32,0,True,0.088236,16.899494767189026,15.0,0.052359876418878494,8.736787720691515,0.0,15.65247631072998,7.670454545454546,23.753,
Long Wall,non_urban,10,Wave-front,classical,False,30,0,29,2,True,0.002634,2.414213538169861,3.0,0.26179938209439246,13.961662541912034,0.0,2.2360680103302,7.670454545454546,15.961,
Long Wall,non_urban,1,Dijkstra,classical,False,9,22,15,3,True,0.293409,21.485281229019165,20.0,0.03926990731415887,2.900446345900088,0.0,19.92485809326172,7.670454545454546,406.721,
Long Wall,non_urban,2,Dijkstra,classical,False,25,0,15,25,True,0.298544,29.14213538169861,26.0,0.030207621010891438,6.273200299738386,0.0,26.925823211669922,7.670454545454546,327.024,
Long Wall,non_urban,3,Dijkstra,classical,False,18,8,19,7,True,0.00353,1.4142135381698608,2.0,0.0,1.618033988749895,0.0,1.4142135381698608,7.670454545454546,20.009,
Long Wall,non_urban,4,Dijkstra,classical,False,30,6,10,4,True,0.184037,20.82842707633972,21.0,0.03739991335770091,5.345201346806259,0.0,20.099750518798828,7.670454545454546,214.617,
Long Wall,non_urban,5,Dijkstra,classical,False,10,25,5,3,True,0.368247,24.071067690849304,23.0,0.1024432364717188,3.839548498860226,0.0,22.56102752685547,7.670454545454546,338.121,
Long Wall,non_urban,6,Dijkstra,classical,False,14,23,14,25,True,0.005925,2.0,3.0,0.0,6.08428328525216,0.0,2.0,7.670454545454546,26.553,
Long Wall,non_urban,7,Dijkstra,classical,False,4,30,12,19,True,0.100663,14.313708305358887,12.0,0.06544984552359812,9.064567432242175,0.0,13.601470947265625,7.670454545454546,217.425,
Long Wall,non_urban,8,Dijkstra,classical,False,23,2,25,20,True,0.175677,18.82842707633972,19.0,0.04133674454121986,5.016411406316447,0.0,18.11077117919922,7.670454545454546,205.001,
Long Wall,non_urban,9,Dijkstra,classical,False,25,14,32,0,True,0.231986,16.899494767189026,15.0,0.052359876418878494,8.736787720691515,0.0,15.65247631072998,7.670454545454546,241.873,
Long Wall,non_urban,10,Dijkstra,classical,False,30,0,29,2,True,0.005592,2.414213538169861,3.0,0.26179938209439246,13.961662541912034,0.0,2.2360680103302,7.670454545454546,23.553,
House,non_urban,1,Probabilistic Foam (PFM),classical,True,9,26,9,4,True,0.261581,39.21320307254791,34.0,0.6467984834768938,3.804661337422713,0.0,22.0,10.841836734693878,168.886,
House,non_urban,2,Probabilistic Foam (PFM),classical,True,27,0,11,11,True,0.219511,22.55634891986847,19.0,0.4547042079684404,3.475077165891145,0.0,19.416488647460938,10.841836734693878,80.131,
House,non_urban,3,Probabilistic Foam (PFM),classical,True,6,10,10,9,True,0.00198,5.2426406145095825,5.0,0.15707963610234382,2.0,0.0,4.123105525970459,10.841836734693878,15.001,
House,non_urban,4,Probabilistic Foam (PFM),classical,True,11,5,26,3,True,0.224673,17.485281229019165,16.0,0.2945243176918947,3.2023072522593683,0.0,15.132745742797852,10.841836734693878,85.433,
House,non_urban,5,Probabilistic Foam (PFM),classical,True,21,27,22,22,False,1.049706,0.0,1.0,0.0,8.0,5.099019527435303,5.099019527435303,10.841836734693878,137.423,
House,non_urban,6,Probabilistic Foam (PFM),classical,True,10,3,14,24,True,1.212337,51.870057225227356,45.0,0.5235987755982991,3.1579922014277626,0.0,21.3775577545166,10.841836734693878,176.959,
House,non_urban,7,Probabilistic Foam (PFM),classical,True,6,17,6,1,True,0.182962,24.727921843528748,22.0,0.4997988250295505,3.0078935404351954,0.0,16.0,10.841836734693878,229.943,
House,non_urban,8,Probabilistic Foam (PFM),classical,True,4,1,17,3,True,0.2388,18.313708305358887,16.0,0.3926990881165757,2.040061645299216,0.0,13.152946472167969,10.841836734693878,75.753,
House,non_urban,9,Probabilistic Foam (PFM),classical,True,5,9,22,9,True,0.496244,23.14213538169861,20.0,0.3926990851215783,1.5328427124746191,0.0,17.0,10.841836734693878,103.945,
House,non_urban,10,Probabilistic Foam (PFM),classical,True,7,21,26,24,False,0.055678,0.0,1.0,0.0,3.0,19.235383987426758,19.235383987426758,10.841836734693878,22.737,
House,non_urban,1,Probabilistic Foam (RBPF),classical,True,9,26,9,4,True,0.25689,50.870057225227356,44.0,0.5533487048631384,3.611616993131881,0.0,22.0,10.841836734693878,167.507,
House,non_urban,2,Probabilistic Foam (RBPF),classical,True,27,0,11,11,True,0.228624,25.14213538169861,22.0,0.49979883436460715,3.692847303959967,0.0,19.416488647460938,10.841836734693878,88.811,
House,non_urban,3,Probabilistic Foam (RBPF),classical,True,6,10,10,9,True,0.013998,6.656854152679443,6.0,0.13089969104719623,2.5,0.0,4.123105525970459,10.841836734693878,28.105,
House,non_urban,4,Probabilistic Foam (RBPF),classical,True,11,5,26,3,True,0.182311,18.899494767189026,17.0,0.5543987116284439,3.456369015672499,0.0,15.132745742797852,10.841836734693878,80.273,
House,non_urban,5,Probabilistic Foam (RBPF),classical,True,21,27,22,22,False,1.326616,0.0,1.0,0.0,8.0,5.099019527435303,5.099019527435303,10.841836734693878,149.322,
House,non_urban,6,Probabilistic Foam (RBPF),classical,True,10,3,14,24,True,1.037393,58.455843687057495,52.0,0.5437371907026288,3.2631908164190384,0.0,21.3775577545166,10.841836734693878,161.447,
House,non_urban,7,Probabilistic Foam (RBPF),classical,True,6,17,6,1,True,0.235339,24.727921843528748,22.0,0.6068985769175121,2.9014617098530513,0.0,16.0,10.841836734693878,240.919,
House,non_urban,8,Probabilistic Foam (RBPF),classical,True,4,1,17,3,True,0.451938,18.313708305358887,16.0,0.4908738606805406,1.9886957443537976,0.0,13.152946472167969,10.841836734693878,93.875,
House,non_urban,9,Probabilistic Foam (RBPF),classical,True,5,9,22,9,True,0.432909,34.21320307254791,29.0,0.6499846893102017,2.0243269457597735,0.0,17.0,10.841836734693878,112.559,
House,non_urban,10,Probabilistic Foam (RBPF),classical,True,7,21,26,24,True,0.827343,78.42640614509583,67.0,0.5392285851973995,3.15061828413877,0.0,19.235383987426758,10.841836734693878,154.881,
Long Wall,non_urban,1,Potential Field,classical,False,9,22,15,3,True,2.495089,30.213203072547913,25.0,0.3455751898411647,1.9080573395005218,0.0,19.92485809326172,7.670454545454546,465.327,
Long Wall,non_urban,2,Potential Field,classical,False,25,0,15,25,True,2.468411,37.870057225227356,31.0,0.2786896692267457,3.1586005018217755,0.0,26.925823211669922,7.670454545454546,413.655,
Long Wall,non_urban,3,Potential Field,classical,False,18,8,19,7,True,2.554733,1.4142135381698608,2.0,0.0,1.618033988749895,0.0,1.4142135381698608,7.670454545454546,403.279,
Long Wall,non_urban,4,Potential Field,classical,False,30,6,10,4,True,2.510451,20.82842707633972,21.0,0.03739991335770091,6.699084041851491,0.0,20.099750518798828,7.670454545454546,450.903,
Long Wall,non_urban,5,Potential Field,classical,False,10,25,5,3,True,2.466708,24.071067690849304,23.0,0.03414774549057293,6.652774745150701,0.0,22.56102752685547,7.670454545454546,557.495,
Long Wall,non_urban,6,Potential Field,classical,False,14,23,14,25,True,2.526195,2.0,3.0,0.0,6.08428328525216,0.0,2.0,7.670454545454546,430.983,
Long Wall,non_urban,7,Potential Field,classical,False,4,30,12,19,True,2.459151,14.313708305358887,12.0,0.06544984552359812,8.218568287688045,0.0,13.601470947265625,7.670454545454546,443.228,
Long Wall,non_urban,8,Potential Field,classical,False,23,2,25,20,True,2.49498,18.82842707633972,19.0,0.04133674454121986,6.508771515299801,0.0,18.11077117919922,7.670454545454546,463.624,
Long Wall,non_urban,9,Potential Field,classical,False,25,14,32,0,True,2.460228,16.899494767189026,15.0,0.052359876418878494,11.745841293919353,0.0,15.65247631072998,7.670454545454546,495.135,
Long Wall,non_urban,10,Potential Field,classical,False,30,0,29,2,True,2.493964,2.414213538169861,3.0,0.26179938209439246,13.708647089752638,0.0,2.2360680103302,7.670454545454546,402.583,
House,non_urban,1,Probabilistic Foam (HPF),classical,True,9,26,9,4,True,0.243924,38.041630148887634,32.0,0.5399612341268202,2.4835092463407644,0.0,22.0,10.841836734693878,159.598,
House,non_urban,2,Probabilistic Foam (HPF),classical,True,27,0,11,11,True,0.087402,23.14213538169861,20.0,0.39269908341015125,2.5199172818834086,0.0,19.416488647460938,10.841836734693878,55.459,
House,non_urban,3,Probabilistic Foam (HPF),classical,True,6,10,10,9,True,0.003108,5.2426406145095825,5.0,0.15707963610234382,2.0,0.0,4.123105525970459,10.841836734693878,17.809,
House,non_urban,4,Probabilistic Foam (HPF),classical,True,11,5,26,3,True,0.045565,19.727921843528748,17.0,0.46199892568588874,3.1985357402525527,0.0,15.132745742797852,10.841836734693878,48.953,
House,non_urban,5,Probabilistic Foam (HPF),classical,True,21,27,22,22,False,1.576641,0.0,1.0,0.0,8.0,5.099019527435303,5.099019527435303,10.841836734693878,179.823,
House,non_urban,6,Probabilistic Foam (HPF),classical,True,10,3,14,24,True,1.338059,45.62741661071777,40.0,0.43196898815716966,2.9649103997070867,0.0,21.3775577545166,10.841836734693878,188.967,
House,non_urban,7,Probabilistic Foam (HPF),classical,True,6,17,6,1,True,0.11598,23.899494767189026,22.0,0.5354987407696948,3.03673052294283,0.0,16.0,10.841836734693878,177.081,
House,non_urban,8,Probabilistic Foam (HPF),classical,True,4,1,17,3,True,0.10126,19.14213538169861,16.0,0.3436117018345933,2.0807042415412713,0.0,13.152946472167969,10.841836734693878,71.985,
House,non_urban,9,Probabilistic Foam (HPF),classical,True,5,9,22,9,True,0.203403,26.55634891986847,23.0,0.5122161912877788,1.629509072374742,0.0,17.0,10.841836734693878,77.897,
House,non_urban,10,Probabilistic Foam (HPF),classical,True,7,21,26,24,False,0.074161,0.0,1.0,0.0,3.0,19.235383987426758,19.235383987426758,10.841836734693878,20.183,
Long Wall,non_urban,1,Probabilistic Foam (GBPF),classical,True,9,22,15,3,True,0.011182,30.55634891986847,27.0,0.31997703143387934,5.964896664495724,0.0,19.92485809326172,7.670454545454546,89.511,
Long Wall,non_urban,2,Probabilistic Foam (GBPF),classical,True,25,0,15,25,True,0.01415,30.79898953437805,26.0,0.2718685890980229,6.48832239101339,0.0,26.925823211669922,7.670454545454546,51.773,
Long Wall,non_urban,3,Probabilistic Foam (GBPF),classical,True,18,8,19,7,True,0.004859,2.0,3.0,0.5235987755982988,1.74535599249993,0.0,1.4142135381698608,7.670454545454546,15.493,
Long Wall,non_urban,4,Probabilistic Foam (GBPF),classical,True,30,6,10,4,True,0.02004,24.14213538169861,21.0,0.6357985270809158,8.088353794246837,0.0,20.099750518798828,7.670454545454546,32.653,
Long Wall,non_urban,5,Probabilistic Foam (GBPF),classical,True,10,25,5,3,True,0.02384,33.14213538169861,30.0,0.6021385902266168,7.565641118636235,0.0,22.56102752685547,7.670454545454546,43.309,
Long Wall,non_urban,6,Probabilistic Foam (GBPF),classical,True,14,23,14,25,True,0.006005,9.656854152679443,9.0,0.6108652248869157,7.706456735001644,0.0,2.0,7.670454545454546,20.141,
Long Wall,non_urban,7,Probabilistic Foam (GBPF),classical,True,4,30,12,19,True,0.006091,33.97056245803833,30.0,0.5759586554400317,8.591820008609597,0.0,13.601470947265625,7.670454545454546,26.541,
Long Wall,non_urban,8,Probabilistic Foam (GBPF),classical,True,23,2,25,20,True,0.070616,23.55634891986847,20.0,0.47123889119276063,3.7994664211077724,0.0,18.11077117919922,7.670454545454546,89.49,
Long Wall,non_urban,9,Probabilistic Foam (GBPF),classical,True,25,14,32,0,True,0.004247,16.899494767189026,15.0,0.6806783934454205,10.439492296549844,0.0,15.65247631072998,7.670454545454546,31.975,
Long Wall,non_urban,10,Probabilistic Foam (GBPF),classical,True,30,0,29,2,True,0.006984,2.414213538169861,3.0,0.26179938209439246,13.961662541912034,0.0,2.2360680103302,7.670454545454546,22.157,
Long Wall,non_urban,1,A*,classical,False,9,22,15,3,True,0.050885,21.485281229019165,20.0,0.19634953657079435,2.5839651892666735,0.0,19.92485809326172,7.670454545454546,159.078,
Long Wall,non_urban,2,A*,classical,False,25,0,15,25,True,0.103763,29.14213538169861,26.0,0.5437371781960461,4.56981321531266,0.0,26.925823211669922,7.670454545454546,141.913,
Long Wall,non_urban,3,A*,classical,False,18,8,19,7,True,0.004804,1.4142135381698608,2.0,0.0,1.618033988749895,0.0,1.4142135381698608,7.670454545454546,15.265,
Long Wall,non_urban,4,A*,classical,False,30,6,10,4,True,0.031844,20.82842707633972,21.0,0.14959965343080364,5.476298396267826,0.0,20.099750518798828,7.670454545454546,68.796,
Long Wall,non_urban,5,A*,classical,False,10,25,5,3,True,0.067833,24.071067690849304,23.0,0.3414774549057293,4.174786183540895,0.0,22.56102752685547,7.670454545454546,93.889,
Long Wall,non_urban,6,A*,classical,False,14,23,14,25,True,0.003365,2.0,3.0,0.0,6.08428328525216,0.0,2.0,7.670454545454546,18.361,
Long Wall,non_urban,7,A*,classical,False,4,30,12,19,True,0.035397,14.313708305358887,12.0,0.26179938209439246,8.270751253472824,0.0,13.601470947265625,7.670454545454546,100.961,
Long Wall,non_urban,8,A*,classical,False,23,2,25,20,True,0.043674,18.82842707633972,19.0,0.1240102336236596,5.115829445269607,0.0,18.11077117919922,7.670454545454546,116.521,
Long Wall,non_urban,9,A*,classical,False,25,14,32,0,True,0.057312,16.899494767189026,15.0,0.5235987641887849,10.451286761931533,0.0,15.65247631072998,7.670454545454546,94.599,
Long Wall,non_urban,10,A*,classical,False,30,0,29,2,True,0.002001,2.414213538169861,3.0,0.26179938209439246,13.708647089752638,0.0,2.2360680103302,7.670454545454546,18.625,
Long Wall,non_urban,1,Probabilistic Foam (PFM),classical,True,9,22,15,3,True,0.232154,47.14213538169861,44.0,0.30344928923667747,8.317019389475139,0.0,19.92485809326172,7.670454545454546,129.726,
Long Wall,non_urban,2,Probabilistic Foam (PFM),classical,True,25,0,15,25,True,0.072677,40.455843687057495,34.0,0.5774986460334213,9.859077505283755,0.0,26.925823211669922,7.670454545454546,35.683,
Long Wall,non_urban,3,Probabilistic Foam (PFM),classical,True,18,8,19,7,True,0.002102,1.4142135381698608,2.0,0.0,1.618033988749895,0.0,1.4142135381698608,7.670454545454546,14.369,
Long Wall,non_urban,4,Probabilistic Foam (PFM),classical,True,30,6,10,4,True,0.066541,23.313708305358887,21.0,0.5983986137232148,7.627759863398036,0.0,20.099750518798828,7.670454545454546,34.841,
Long Wall,non_urban,5,Probabilistic Foam (PFM),classical,True,10,25,5,3,True,0.128635,29.14213538169861,26.0,0.4229067020513745,8.01264320757171,0.0,22.56102752685547,7.670454545454546,39.961,
Long Wall,non_urban,6,Probabilistic Foam (PFM),classical,True,14,23,14,25,True,0.003003,10.828427076339722,11.0,0.5711986705124246,6.74748971247869,0.0,2.0,7.670454545454546,18.897,
Long Wall,non_urban,7,Probabilistic Foam (PFM),classical,True,4,30,12,19,False,0.314729,0.0,1.0,0.0,15.264337522473747,13.601470947265625,13.601470947265625,7.670454545454546,37.337,
Long Wall,non_urban,8,Probabilistic Foam (PFM),classical,True,23,2,25,20,True,0.048597,29.899494767189026,28.0,0.30854927297655327,10.838622354890145,0.0,18.11077117919922,7.670454545454546,82.561,
Long Wall,non_urban,9,Probabilistic Foam (PFM),classical,True,25,14,32,0,True,0.01472,16.899494767189026,15.0,0.5235987641887849,10.30199455924485,0.0,15.65247631072998,7.670454545454546,43.499,
Long Wall,non_urban,10,Probabilistic Foam (PFM),classical,True,30,0,29,2,False,0.28452,0.0,1.0,0.0,14.866068747318506,2.2360680103302,2.2360680103302,7.670454545454546,63.775,
Long Wall,non_urban,1,SPRM,classical,False,9,22,15,3,True,0.144288,24.79898953437805,20.0,0.314159258513271,3.9239234486005294,0.0,19.92485809326172,7.670454545454546,561.531,
Long Wall,non_urban,2,SPRM,classical,False,25,0,15,25,True,0.09831,29.14213538169861,26.0,0.3322838311198058,5.347440411942824,0.0,26.925823211669922,7.670454545454546,437.073,
Long Wall,non_urban,3,SPRM,classical,False,18,8,19,7,True,0.014243,1.4142135381698608,2.0,0.0,1.618033988749895,0.0,1.4142135381698608,7.670454545454546,12.97,
Long Wall,non_urban,4,SPRM,classical,False,30,6,10,4,True,0.070884,21.656854152679443,21.0,0.2991993068616073,5.519948405768461,0.0,20.099750518798828,7.670454545454546,151.113,
Long Wall,non_urban,5,SPRM,classical,False,10,25,5,3,True,0.14631,24.071067690849304,23.0,0.3414774549057293,6.171065524510678,0.0,22.56102752685547,7.670454545454546,485.906,
Long Wall,non_urban,6,SPRM,classical,False,14,23,14,25,True,0.011193,2.0,3.0,0.0,6.08428328525216,0.0,2.0,7.670454545454546,13.466,
Long Wall,non_urban,7,SPRM,classical,False,4,30,12,19,True,0.009716,14.313708305358887,12.0,0.3926990731415887,8.544833494727007,0.0,13.601470947265625,7.670454545454546,24.042,
Long Wall,non_urban,8,SPRM,classical,False,23,2,25,20,True,0.080628,23.79898953437805,19.0,0.4133674454121986,8.744086088164584,0.0,18.11077117919922,7.670454545454546,196.622,
Long Wall,non_urban,9,SPRM,classical,False,25,14,32,0,True,0.15303,20.41421353816986,21.0,0.14959964854101196,11.53866869924859,0.0,15.65247631072998,7.670454545454546,515.03,
Long Wall,non_urban,10,SPRM,classical,False,30,0,29,2,True,0.023173,2.414213538169861,3.0,0.26179938209439246,13.961662541912034,0.0,2.2360680103302,7.670454545454546,13.466,
Long Wall,non_urban,1,Probabilistic Foam (RBPF),classical,True,9,22,15,3,True,0.191209,38.071067690849304,37.0,0.2971776788222045,8.104746051959886,0.0,19.92485809326172,7.670454545454546,128.901,
Long Wall,non_urban,2,Probabilistic Foam (RBPF),classical,True,25,0,15,25,True,0.066209,39.97056245803833,36.0,0.5017821585221807,8.607557700338493,0.0,26.925823211669922,7.670454545454546,35.669,
Long Wall,non_urban,3,Probabilistic Foam (RBPF),classical,True,18,8,19,7,True,0.002009,2.0,3.0,0.5235987755982988,1.74535599249993,0.0,1.4142135381698608,7.670454545454546,14.755,
Long Wall,non_urban,4,Probabilistic Foam (RBPF),classical,True,30,6,10,4,True,0.097414,23.899494767189026,22.0,0.4640989217361485,7.718395396142842,0.0,20.099750518798828,7.670454545454546,31.755,
Long Wall,non_urban,5,Probabilistic Foam (RBPF),classical,True,10,25,5,3,True,0.064208,30.313708305358887,28.0,0.4768488830862076,8.346800740132924,0.0,22.56102752685547,7.670454545454546,32.267,
Long Wall,non_urban,6,Probabilistic Foam (RBPF),classical,True,14,23,14,25,True,0.006075,9.656854152679443,9.0,0.6108652248869157,7.908007354912913,0.0,2.0,7.670454545454546,21.219,
Long Wall,non_urban,7,Probabilistic Foam (RBPF),classical,True,4,30,12,19,False,0.249062,0.0,1.0,0.0,15.264337522473747,13.601470947265625,13.601470947265625,7.670454545454546,35.211,
Long Wall,non_urban,8,Probabilistic Foam (RBPF),classical,True,23,2,25,20,True,0.039597,33.071067690849304,32.0,0.24543692713134452,11.753541767524723,0.0,18.11077117919922,7.670454545454546,87.507,
Long Wall,non_urban,9,Probabilistic Foam (RBPF),classical,True,25,14,32,0,True,0.019251,22.899494767189026,21.0,0.5609986873260693,10.180985944469231,0.0,15.65247631072998,7.670454545454546,58.301,
Long Wall,non_urban,10,Probabilistic Foam (RBPF),classical,True,30,0,29,2,False,0.341258,0.0,1.0,0.0,14.866068747318506,2.2360680103302,2.2360680103302,7.670454545454546,56.625,
Long Wall,non_urban,1,Probabilistic Foam (HPF),classical,True,9,22,15,3,True,0.046087,31.727921843528748,29.0,0.48748851049103126,5.708844367277723,0.0,19.92485809326172,7.670454545454546,112.294,
Long Wall,non_urban,2,Probabilistic Foam (HPF),classical,True,25,0,15,25,True,0.084728,43.14213538169861,40.0,0.2552544035320275,10.98113467567275,0.0,26.925823211669922,7.670454545454546,39.865,
Long Wall,non_urban,3,Probabilistic Foam (HPF),classical,True,18,8,19,7,True,0.001028,2.0,3.0,0.5235987755982988,1.5500938466242948,0.0,1.4142135381698608,7.670454545454546,13.817,
Long Wall,non_urban,4,Probabilistic Foam (HPF),classical,True,30,6,10,4,True,0.036224,25.899494767189026,24.0,0.5235987827292451,8.291970031679835,0.0,20.099750518798828,7.670454545454546,28.185,
Long Wall,non_urban,5,Probabilistic Foam (HPF),classical,True,10,25,5,3,True,0.047959,38.55634891986847,35.0,0.3590391564984288,10.53703399407143,0.0,22.56102752685547,7.670454545454546,33.307,
Long Wall,non_urban,6,Probabilistic Foam (HPF),classical,True,14,23,14,25,True,0.002002,8.828427076339722,9.0,0.3490658427925233,7.70957504621339,0.0,2.0,7.670454545454546,17.017,
Long Wall,non_urban,7,Probabilistic Foam (HPF),classical,True,4,30,12,19,False,0.253833,0.0,1.0,0.0,15.264337522473747,13.601470947265625,13.601470947265625,7.670454545454546,37.145,
Long Wall,non_urban,8,Probabilistic Foam (HPF),classical,True,23,2,25,20,True,0.023287,32.24264061450958,32.0,0.24543692927062838,11.682466958911832,0.0,18.11077117919922,7.670454545454546,70.025,
Long Wall,non_urban,9,Probabilistic Foam (HPF),classical,True,25,14,32,0,True,0.016374,17.485281229019165,16.0,0.5399612298482521,9.48807684780446,0.0,15.65247631072998,7.670454545454546,48.579,
Long Wall,non_urban,10,Probabilistic Foam (HPF),classical,True,30,0,29,2,False,0.245098,0.0,1.0,0.0,14.866068747318506,2.2360680103302,2.2360680103302,7.670454545454546,67.665,
Labyrinth,non_urban,1,A*,classical,False,9,18,19,2,True,0.042444,22.485281229019165,21.0,0.2991992970820239,2.1594852492923113,0.0,18.867961883544922,11.052631578947368,159.686,
Labyrinth,non_urban,2,A*,classical,False,12,0,7,7,True,0.010623,9.071067690849304,8.0,0.2945243048561915,3.8838834764831844,0.0,8.602325439453125,11.052631578947368,45.809,
Labyrinth,non_urban,3,A*,classical,False,11,6,19,5,True,0.010869,8.41421353816986,9.0,0.17453292900260425,2.7007928654850293,0.0,8.062257766723633,11.052631578947368,34.849,
Labyrinth,non_urban,4,A*,classical,False,14,3,14,2,True,0.001753,1.0,2.0,0.0,5.5,0.0,1.0,11.052631578947368,11.169,
Labyrinth,non_urban,5,A*,classical,False,19,15,6,2,True,0.043905,20.727921843528748,18.0,0.39269908645268825,2.2777777777777777,0.0,18.384777069091797,11.052631578947368,70.865,
Labyrinth,non_urban,6,A*,classical,False,3,17,0,12,True,0.007599,6.2426406145095825,6.0,0.3926990731415887,3.8333333333333335,0.0,5.830951690673828,11.052631578947368,24.425,
Labyrinth,non_urban,7,A*,classical,False,16,0,15,0,True,0.002096,1.0,2.0,0.0,8.031128874149275,0.0,1.0,11.052631578947368,10.281,
Labyrinth,non_urban,8,A*,classical,False,9,2,16,5,True,0.014676,8.242640614509583,8.0,0.4908738628198245,4.270284707521047,0.0,7.6157732009887695,11.052631578947368,61.297,
Labyrinth,non_urban,9,A*,classical,False,4,6,7,14,True,0.045451,17.242640614509583,17.0,0.1385996728735019,1.0,0.0,8.5440034866333,11.052631578947368,114.788,
Labyrinth,non_urban,10,A*,classical,False,10,17,13,0,True,0.064739,23.071067690849304,22.0,0.32129924477298544,2.347740069994222,0.0,17.262676239013672,11.052631578947368,112.601,
Labyrinth,non_urban,1,SPRM,classical,False,9,18,19,2,True,0.093017,23.656854152679443,23.0,0.3414774653231116,3.273066790471458,0.0,18.867961883544922,11.052631578947368,144.065,
Labyrinth,non_urban,2,SPRM,classical,False,12,0,7,7,True,0.009535,9.071067690849304,8.0,0.3926990731415887,4.258883476483184,0.0,8.602325439453125,11.052631578947368,15.943,
Labyrinth,non_urban,3,SPRM,classical,False,11,6,19,5,True,0.007921,8.41421353816986,9.0,0.17453292900260425,2.890052180305739,0.0,8.062257766723633,11.052631578947368,13.802,
Labyrinth,non_urban,4,SPRM,classical,False,14,3,14,2,True,0.008034,1.0,2.0,0.0,5.5,0.0,1.0,11.052631578947368,8.282,
Labyrinth,non_urban,5,SPRM,classical,False,19,15,6,2,True,0.11751,22.485281229019165,21.0,0.5235987853778823,3.173822930470137,0.0,18.384777069091797,11.052631578947368,193.377,
Labyrinth,non_urban,6,SPRM,classical,False,3,17,0,12,True,0.013049,6.2426406145095825,6.0,0.5235987641887849,3.5,0.0,5.830951690673828,11.052631578947368,10.696,
Labyrinth,non_urban,7,SPRM,classical,False,16,0,15,0,True,0.007825,1.0,2.0,0.0,8.031128874149275,0.0,1.0,11.052631578947368,9.402,
Labyrinth,non_urban,8,SPRM,classical,False,9,2,16,5,True,0.011345,8.242640614509583,8.0,0.5890486353837894,4.145284707521047,0.0,7.6157732009887695,11.052631578947368,15.714,
Labyrinth,non_urban,9,SPRM,classical,False,4,6,7,14,True,0.871631,43.485281229019165,42.0,0.4113990412299532,1.2816292172558617,0.0,8.5440034866333,11.052631578947368,844.678,
Labyrinth,non_urban,10,SPRM,classical,False,10,17,13,0,True,0.28789,37.65685415267944,37.0,0.25472372681925126,2.744280893768849,0.0,17.262676239013672,11.052631578947368,708.814,
Labyrinth,non_urban,1,RRT,classical,False,9,18,19,2,True,0.825714,27.55634891986847,24.0,0.6544984680716844,2.6817770219699817,0.0,18.867961883544922,11.052631578947368,277.955,
Labyrinth,non_urban,2,RRT,classical,False,12,0,7,7,True,7.514015,13.071067690849304,12.0,0.6544984694978736,4.255922317655457,0.0,8.602325439453125,11.052631578947368,405.372,
Labyrinth,non_urban,3,RRT,classical,False,11,6,19,5,True,4.70809,23.727921843528748,21.0,0.5609986791764163,3.011426899553902,0.0,8.062257766723633,11.052631578947368,359.481,
Labyrinth,non_urban,4,RRT,classical,False,14,3,14,2,True,0.472108,1.0,2.0,0.0,5.5,0.0,1.0,11.052631578947368,150.586,
Labyrinth,non_urban,5,RRT,classical,False,19,15,6,2,True,3.511764,27.071067690849304,26.0,0.362491465295521,4.324758541368484,0.0,18.384777069091797,11.052631578947368,316.364,
Labyrinth,non_urban,6,RRT,classical,False,3,17,0,12,True,0.41891,8.828427076339722,9.0,0.7853981614958626,3.6666666666666665,0.0,5.830951690673828,11.052631578947368,129.721,
Labyrinth,non_urban,7,RRT,classical,False,16,0,15,0,True,2.141401,1.0,2.0,0.0,8.031128874149275,0.0,1.0,11.052631578947368,357.137,
Labyrinth,non_urban,8,RRT,classical,False,9,2,16,5,True,0.228581,19.656854152679443,19.0,0.49604094710515373,6.133111432074509,0.0,7.6157732009887695,11.052631578947368,129.281,
Labyrinth,non_urban,9,RRT,classical,False,4,6,7,14,True,3.612267,23.485281229019165,22.0,0.46409890928940595,2.7243484011663144,0.0,8.5440034866333,11.052631578947368,314.793,
Labyrinth,non_urban,10,RRT,classical,False,10,17,13,0,True,0.739912,28.242640614509583,28.0,0.33659921655196445,2.708297287067084,0.0,17.262676239013672,11.052631578947368,189.01,
Labyrinth,non_urban,1,RRT*,classical,False,9,18,19,2,True,9.316714,22.485281229019165,21.0,0.448798948882897,2.6964141148148797,0.0,18.867961883544922,11.052631578947368,407.69,
Labyrinth,non_urban,2,RRT*,classical,False,12,0,7,7,True,5.300628,9.071067690849304,8.0,0.3926990731415887,4.258883476483184,0.0,8.602325439453125,11.052631578947368,207.255,
Labyrinth,non_urban,3,RRT*,classical,False,11,6,19,5,True,9.655567,8.41421353816986,9.0,0.17453292900260425,2.890052180305739,0.0,8.062257766723633,11.052631578947368,270.638,
Labyrinth,non_urban,4,RRT*,classical,False,14,3,14,2,True,6.583087,1.0,2.0,0.0,5.5,0.0,1.0,11.052631578947368,225.523,
Labyrinth,non_urban,5,RRT*,classical,False,19,15,6,2,True,7.611112,21.313708305358887,19.0,0.7440614179554776,2.5789473684210527,0.0,18.384777069091797,11.052631578947368,257.427,
Labyrinth,non_urban,6,RRT*,classical,False,3,17,0,12,True,3.349516,6.2426406145095825,6.0,0.5235987641887849,3.5,0.0,5.830951690673828,11.052631578947368,145.695,
Labyrinth,non_urban,7,RRT*,classical,False,16,0,15,0,True,0.958354,1.0,2.0,0.0,8.031128874149275,0.0,1.0,11.052631578947368,193.223,
Labyrinth,non_urban,8,RRT*,classical,False,9,2,16,5,True,0.060225,8.242640614509583,8.0,0.5890486353837894,4.145284707521047,0.0,7.6157732009887695,11.052631578947368,28.96,
Labyrinth,non_urban,9,RRT*,classical,False,4,6,7,14,True,22.837009,17.242640614509583,17.0,0.1385996728735019,1.0,0.0,8.5440034866333,11.052631578947368,420.751,
Labyrinth,non_urban,10,RRT*,classical,False,10,17,13,0,True,7.982213,23.071067690849304,22.0,0.3212992463288283,2.409090909090909,0.0,17.262676239013672,11.052631578947368,277.805,
Labyrinth,non_urban,1,RRT-Connect,classical,False,,,,,False,,,,,,,,,,name 'n' is not defined
Labyrinth,non_urban,2,RRT-Connect,classical,False,,,,,False,,,,,,,,,,name 'n' is not defined
Labyrinth,non_urban,3,RRT-Connect,classical,False,,,,,False,,,,,,,,,,name 'n' is not defined
Labyrinth,non_urban,4,RRT-Connect,classical,False,,,,,False,,,,,,,,,,name 'n' is not defined
Labyrinth,non_urban,5,RRT-Connect,classical,False,,,,,False,,,,,,,,,,name 'n' is not defined
Labyrinth,non_urban,6,RRT-Connect,classical,False,,,,,False,,,,,,,,,,name 'n' is not defined
Labyrinth,non_urban,7,RRT-Connect,classical,False,,,,,False,,,,,,,,,,name 'n' is not defined
Labyrinth,non_urban,8,RRT-Connect,classical,False,,,,,False,,,,,,,,,,name 'n' is not defined
Labyrinth,non_urban,9,RRT-Connect,classical,False,,,,,False,,,,,,,,,,name 'n' is not defined
Labyrinth,non_urban,10,RRT-Connect,classical,False,,,,,False,,,,,,,,,,name 'n' is not defined
Labyrinth,non_urban,1,Wave-front,classical,False,9,18,19,2,True,0.090127,22.485281229019165,21.0,0.11219973681324162,2.3965118857530534,0.0,18.867961883544922,11.052631578947368,130.069,
Labyrinth,non_urban,2,Wave-front,classical,False,12,0,7,7,True,0.025417,9.071067690849304,8.0,0.09817476828539717,4.383883476483184,0.0,8.602325439453125,11.052631578947368,17.183,
Labyrinth,non_urban,3,Wave-front,classical,False,11,6,19,5,True,0.036661,8.41421353816986,9.0,0.08726646450130213,2.6300051530788853,0.0,8.062257766723633,11.052631578947368,17.063,
Labyrinth,non_urban,4,Wave-front,classical,False,14,3,14,2,True,0.001021,1.0,2.0,0.0,5.5,0.0,1.0,11.052631578947368,8.192,
Labyrinth,non_urban,5,Wave-front,classical,False,19,15,6,2,True,0.097626,20.727921843528748,18.0,0.13089969485036754,2.3333333333333335,0.0,18.384777069091797,11.052631578947368,22.095,
Labyrinth,non_urban,6,Wave-front,classical,False,3,17,0,12,True,0.016901,6.2426406145095825,6.0,0.13089969104719623,3.0,0.0,5.830951690673828,11.052631578947368,16.719,
Labyrinth,non_urban,7,Wave-front,classical,False,16,0,15,0,True,0.002444,1.0,2.0,0.0,8.031128874149275,0.0,1.0,11.052631578947368,11.07,
Labyrinth,non_urban,8,Wave-front,classical,False,9,2,16,5,True,0.042311,8.242640614509583,8.0,0.0981747725639649,4.895284707521047,0.0,7.6157732009887695,11.052631578947368,59.16,
Labyrinth,non_urban,9,Wave-front,classical,False,4,6,7,14,True,0.079825,17.242640614509583,17.0,0.1385996728735019,1.0,0.0,8.5440034866333,11.052631578947368,70.343,
Labyrinth,non_urban,10,Wave-front,classical,False,10,17,13,0,True,0.102583,23.071067690849304,22.0,0.1070997487762761,2.5470311063296234,0.0,17.262676239013672,11.052631578947368,23.999,
Labyrinth,non_urban,1,Dijkstra,classical,False,9,18,19,2,True,0.127398,22.485281229019165,21.0,0.11219973681324162,2.3965118857530534,0.0,18.867961883544922,11.052631578947368,236.389,
Labyrinth,non_urban,2,Dijkstra,classical,False,12,0,7,7,True,0.049011,9.071067690849304,8.0,0.09817476828539717,4.383883476483184,0.0,8.602325439453125,11.052631578947368,60.323,
Labyrinth,non_urban,3,Dijkstra,classical,False,11,6,19,5,True,0.052843,8.41421353816986,9.0,0.08726646450130213,2.6300051530788853,0.0,8.062257766723633,11.052631578947368,61.888,
Labyrinth,non_urban,4,Dijkstra,classical,False,14,3,14,2,True,0.001978,1.0,2.0,0.0,5.5,0.0,1.0,11.052631578947368,12.176,
Labyrinth,non_urban,5,Dijkstra,classical,False,19,15,6,2,True,0.109094,20.727921843528748,18.0,0.13089969485036754,2.3333333333333335,0.0,18.384777069091797,11.052631578947368,110.536,
Labyrinth,non_urban,6,Dijkstra,classical,False,3,17,0,12,True,0.021403,6.2426406145095825,6.0,0.13089969104719623,3.0,0.0,5.830951690673828,11.052631578947368,32.16,
Labyrinth,non_urban,7,Dijkstra,classical,False,16,0,15,0,True,0.002095,1.0,2.0,0.0,8.031128874149275,0.0,1.0,11.052631578947368,9.672,
Labyrinth,non_urban,8,Dijkstra,classical,False,9,2,16,5,True,0.043634,8.242640614509583,8.0,0.0981747725639649,4.895284707521047,0.0,7.6157732009887695,11.052631578947368,103.36,
Labyrinth,non_urban,9,Dijkstra,classical,False,4,6,7,14,True,0.081763,17.242640614509583,17.0,0.1385996728735019,1.0,0.0,8.5440034866333,11.052631578947368,145.304,
Labyrinth,non_urban,10,Dijkstra,classical,False,10,17,13,0,True,0.135155,23.071067690849304,22.0,0.1070997487762761,2.5470311063296234,0.0,17.262676239013672,11.052631578947368,127.087,
Labyrinth,non_urban,1,Potential Field,classical,False,9,18,19,2,True,0.499131,22.485281229019165,21.0,0.11219973844317217,3.2793486961176406,0.0,18.867961883544922,11.052631578947368,263.366,
Labyrinth,non_urban,2,Potential Field,classical,False,12,0,7,7,True,0.481258,9.071067690849304,8.0,0.09817476828539717,3.7588834764831844,0.0,8.602325439453125,11.052631578947368,154.039,
Labyrinth,non_urban,3,Potential Field,classical,False,11,6,19,5,True,0.492304,8.41421353816986,9.0,0.08726646450130213,3.3344966247501833,0.0,8.062257766723633,11.052631578947368,159.018,
Labyrinth,non_urban,4,Potential Field,classical,False,14,3,14,2,True,0.487408,1.0,2.0,0.0,5.5,0.0,1.0,11.052631578947368,156.911,
Labyrinth,non_urban,5,Potential Field,classical,False,19,15,6,2,True,0.497402,20.727921843528748,18.0,0.1308996929487819,2.4444444444444446,0.0,18.384777069091797,11.052631578947368,170.327,
Labyrinth,non_urban,6,Potential Field,classical,False,3,17,0,12,True,0.496555,6.2426406145095825,6.0,0.13089969104719623,4.0,0.0,5.830951690673828,11.052631578947368,167.191,
Labyrinth,non_urban,7,Potential Field,classical,False,16,0,15,0,True,0.489722,1.0,2.0,0.0,8.031128874149275,0.0,1.0,11.052631578947368,262.879,
Labyrinth,non_urban,8,Potential Field,classical,False,9,2,16,5,True,0.491551,8.242640614509583,8.0,0.0981747725639649,3.5202847075210473,0.0,7.6157732009887695,11.052631578947368,173.847,
Labyrinth,non_urban,9,Potential Field,classical,False,4,6,7,14,True,0.52567,29.727921843528748,27.0,0.26179938209439246,1.5185185185185186,0.0,8.5440034866333,11.052631578947368,189.175,
Labyrinth,non_urban,10,Potential Field,classical,False,10,17,13,0,True,0.493598,23.071067690849304,22.0,0.17849958181240774,2.3181818181818183,0.0,17.262676239013672,11.052631578947368,189.724,
Labyrinth,non_urban,1,Probabilistic Foam (GBPF),classical,True,9,18,19,2,True,0.097915,26.485281229019165,25.0,0.4712388932464732,2.7432845496140255,0.0,18.867961883544922,11.052631578947368,118.108,
Labyrinth,non_urban,2,Probabilistic Foam (GBPF),classical,True,12,0,7,7,True,0.002574,9.071067690849304,8.0,0.3926990731415887,4.258883476483184,0.0,8.602325439453125,11.052631578947368,19.077,
Labyrinth,non_urban,3,Probabilistic Foam (GBPF),classical,True,11,6,19,5,True,0.011037,18.656854152679443,18.0,0.4799655376428908,6.107689961545287,0.0,8.062257766723633,11.052631578947368,40.621,
Labyrinth,non_urban,4,Probabilistic Foam (GBPF),classical,True,14,3,14,2,True,0.00265,10.41421353816986,11.0,0.4283990013284756,6.041673009135567,0.0,1.0,11.052631578947368,21.813,
Labyrinth,non_urban,5,Probabilistic Foam (GBPF),classical,True,19,15,6,2,True,0.007809,24.38477599620819,20.0,0.6283185375636672,2.4,0.0,18.384777069091797,11.052631578947368,33.869,
Labyrinth,non_urban,6,Probabilistic Foam (GBPF),classical,True,3,17,0,12,True,0.003997,7.656854152679443,7.0,0.4487989505128276,2.5714285714285716,0.0,5.830951690673828,11.052631578947368,15.429,
Labyrinth,non_urban,7,Probabilistic Foam (GBPF),classical,True,16,0,15,0,True,0.007157,1.0,2.0,0.0,8.031128874149275,0.0,1.0,11.052631578947368,16.637,
Labyrinth,non_urban,8,Probabilistic Foam (GBPF),classical,True,9,2,16,5,True,0.011622,8.242640614509583,8.0,0.4908738628198245,4.520284707521047,0.0,7.6157732009887695,11.052631578947368,34.445,
Labyrinth,non_urban,9,Probabilistic Foam (GBPF),classical,True,4,6,7,14,True,7.857771,28.313708305358887,26.0,0.54373718609494,1.6563267347017687,0.0,8.5440034866333,11.052631578947368,285.554,
Labyrinth,non_urban,10,Probabilistic Foam (GBPF),classical,True,10,17,13,0,True,0.185784,28.14213538169861,25.0,0.5969025993900651,3.1785136295965657,0.0,17.262676239013672,11.052631578947368,78.669,
Labyrinth,non_urban,1,Probabilistic Foam (PFM),classical,True,9,18,19,2,True,0.053015,28.485281229019165,27.0,0.4945099502946937,3.350764242371488,0.0,18.867961883544922,11.052631578947368,121.886,
Labyrinth,non_urban,2,Probabilistic Foam (PFM),classical,True,12,0,7,7,True,0.006911,9.071067690849304,8.0,0.09817476828539717,3.7588834764831844,0.0,8.602325439453125,11.052631578947368,25.505,
Labyrinth,non_urban,3,Probabilistic Foam (PFM),classical,True,11,6,19,5,True,0.019955,9.828427076339722,10.0,0.39269908341015125,3.601046962275165,0.0,8.062257766723633,11.052631578947368,27.041,
Labyrinth,non_urban,4,Probabilistic Foam (PFM),classical,True,14,3,14,2,True,0.002509,10.41421353816986,11.0,0.4283990013284756,6.041673009135567,0.0,1.0,11.052631578947368,14.641,
Labyrinth,non_urban,5,Probabilistic Foam (PFM),classical,True,19,15,6,2,True,0.082374,22.485281229019165,21.0,0.33659921532951653,3.3441320363054454,0.0,18.384777069091797,11.052631578947368,40.513,
Labyrinth,non_urban,6,Probabilistic Foam (PFM),classical,True,3,17,0,12,True,0.012071,8.828427076339722,9.0,0.4363323110969967,4.253931476198449,0.0,5.830951690673828,11.052631578947368,18.817,
Labyrinth,non_urban,7,Probabilistic Foam (PFM),classical,True,16,0,15,0,False,0.3514,0.0,1.0,0.0,8.06225774829855,1.0,1.0,11.052631578947368,71.579,
Labyrinth,non_urban,8,Probabilistic Foam (PFM),classical,True,9,2,16,5,True,0.001999,8.242640614509583,8.0,0.0981747725639649,4.895284707521047,0.0,7.6157732009887695,11.052631578947368,24.569,
Labyrinth,non_urban,9,Probabilistic Foam (PFM),classical,True,4,6,7,14,True,0.181852,22.899494767189026,21.0,0.6731984208794497,2.114962550589195,0.0,8.5440034866333,11.052631578947368,150.881,
Labyrinth,non_urban,10,Probabilistic Foam (PFM),classical,True,10,17,13,0,True,0.115971,30.14213538169861,27.0,0.46542113386515455,3.8806212837396092,0.0,17.262676239013672,11.052631578947368,49.287,
Labyrinth,non_urban,1,Probabilistic Foam (RBPF),classical,True,9,18,19,2,True,0.063412,25.071067690849304,24.0,0.2617993863729602,3.677736780662497,0.0,18.867961883544922,11.052631578947368,128.19,
Labyrinth,non_urban,2,Probabilistic Foam (RBPF),classical,True,12,0,7,7,True,0.003566,9.071067690849304,8.0,0.09817476828539717,3.7588834764831844,0.0,8.602325439453125,11.052631578947368,19.34,
Labyrinth,non_urban,3,Probabilistic Foam (RBPF),classical,True,11,6,19,5,True,0.009078,9.242640614509583,9.0,0.5235987870078128,3.5375424741929473,0.0,8.062257766723633,11.052631578947368,23.812,
Labyrinth,non_urban,4,Probabilistic Foam (RBPF),classical,True,14,3,14,2,True,0.003334,10.071067690849304,9.0,0.6108652439027723,6.691572803110785,0.0,1.0,11.052631578947368,15.332,
Labyrinth,non_urban,5,Probabilistic Foam (RBPF),classical,True,19,15,6,2,True,0.062654,27.313708305358887,25.0,0.5026548259435087,4.312114070172463,0.0,18.384777069091797,11.052631578947368,36.7,
Labyrinth,non_urban,6,Probabilistic Foam (RBPF),classical,True,3,17,0,12,True,0.009838,6.828427076339722,7.0,0.5609986856961386,4.0,0.0,5.830951690673828,11.052631578947368,15.628,
Labyrinth,non_urban,7,Probabilistic Foam (RBPF),classical,True,16,0,15,0,False,0.203205,0.0,1.0,0.0,8.06225774829855,1.0,1.0,11.052631578947368,52.726,
Labyrinth,non_urban,8,Probabilistic Foam (RBPF),classical,True,9,2,16,5,True,0.00692,8.242640614509583,8.0,0.4908738628198245,4.520284707521047,0.0,7.6157732009887695,11.052631578947368,22.66,
Labyrinth,non_urban,9,Probabilistic Foam (RBPF),classical,True,4,6,7,14,False,0.178895,0.0,1.0,0.0,1.0,8.5440034866333,8.5440034866333,11.052631578947368,127.308,
Labyrinth,non_urban,10,Probabilistic Foam (RBPF),classical,True,10,17,13,0,True,0.170481,28.485281229019165,27.0,0.2908882073979978,3.9677389776677794,0.0,17.262676239013672,11.052631578947368,57.676,
Labyrinth,non_urban,1,Probabilistic Foam (HPF),classical,True,9,18,19,2,True,0.054637,27.313708305358887,25.0,0.628318529348817,3.475415973022493,0.0,18.867961883544922,11.052631578947368,121.641,
Labyrinth,non_urban,2,Probabilistic Foam (HPF),classical,True,12,0,7,7,True,0.010026,9.071067690849304,8.0,0.3926990731415887,4.258883476483184,0.0,8.602325439453125,11.052631578947368,27.665,
Labyrinth,non_urban,3,Probabilistic Foam (HPF),classical,True,11,6,19,5,True,0.018178,11.242640614509583,11.0,0.3569991667365011,3.3268401436924764,0.0,8.062257766723633,11.052631578947368,29.025,
Labyrinth,non_urban,4,Probabilistic Foam (HPF),classical,True,14,3,14,2,True,0.002011,11.242640614509583,11.0,0.7139983396963735,6.4603631118400076,0.0,1.0,11.052631578947368,13.409,
Labyrinth,non_urban,5,Probabilistic Foam (HPF),classical,True,19,15,6,2,True,0.058421,27.899494767189026,26.0,0.5437371926773521,4.088378483626148,0.0,18.384777069091797,11.052631578947368,34.657,
Labyrinth,non_urban,6,Probabilistic Foam (HPF),classical,True,3,17,0,12,True,0.010193,6.828427076339722,7.0,0.4487989456230359,3.0,0.0,5.830951690673828,11.052631578947368,17.231,
Labyrinth,non_urban,7,Probabilistic Foam (HPF),classical,True,16,0,15,0,False,0.217186,0.0,1.0,0.0,8.06225774829855,1.0,1.0,11.052631578947368,56.261,
Labyrinth,non_urban,8,Probabilistic Foam (HPF),classical,True,9,2,16,5,True,0.000999,8.242640614509583,8.0,0.0981747725639649,4.895284707521047,0.0,7.6157732009887695,11.052631578947368,20.897,
Labyrinth,non_urban,9,Probabilistic Foam (HPF),classical,True,4,6,7,14,True,0.091875,24.313708305358887,22.0,0.6068985784733548,2.1204673427214944,0.0,8.5440034866333,11.052631578947368,120.697,
Labyrinth,non_urban,10,Probabilistic Foam (HPF),classical,True,10,17,13,0,True,0.194002,33.55634891986847,30.0,0.5235987710344934,3.4026287212709927,0.0,17.262676239013672,11.052631578947368,86.319,
vin test 8x8,non_urban,1,A*,classical,False,1,5,4,1,True,0.004361,5.2426406145095825,5.0,0.1570796292566355,1.2,0.0,5.0,54.6875,60.894,
vin test 8x8,non_urban,2,A*,classical,False,1,1,1,6,True,0.004001,5.0,6.0,0.0,1.0,0.0,5.0,54.6875,23.785,
vin test 8x8,non_urban,3,A*,classical,False,3,2,2,2,True,0.002638,1.0,2.0,0.0,2.0,0.0,1.0,54.6875,13.769,
vin test 8x8,non_urban,4,A*,classical,False,2,2,5,1,True,0.004521,3.414213538169861,4.0,0.3926990902558596,1.5,0.0,3.1622776985168457,54.6875,23.377,
vin test 8x8,non_urban,5,A*,classical,False,1,6,4,1,True,0.006177,6.2426406145095825,6.0,0.13089969104719623,1.1666666666666667,0.0,5.830951690673828,54.6875,25.809,
vin test 8x8,non_urban,6,A*,classical,False,6,5,1,6,True,0.004503,5.414213538169861,6.0,0.1308996967519532,1.0,0.0,5.099019527435303,54.6875,22.185,
vin test 8x8,non_urban,7,A*,classical,False,6,6,6,3,True,0.003217,3.0,4.0,0.0,1.0,0.0,3.0,54.6875,16.609,
vin test 8x8,non_urban,8,A*,classical,False,3,1,1,4,True,0.004005,3.8284270763397217,4.0,0.19634953657079435,1.25,0.0,3.605551242828369,54.6875,21.657,
vin test 8x8,non_urban,9,A*,classical,False,2,3,2,1,True,0.003314,2.0,3.0,0.0,1.3333333333333333,0.0,2.0,54.6875,16.489,
vin test 8x8,non_urban,10,A*,classical,False,1,1,3,1,True,0.002507,2.0,3.0,0.0,1.0,0.0,2.0,54.6875,15.041,
vin test 8x8,non_urban,1,SPRM,classical,False,1,5,4,1,True,0.11005,5.828427076339722,6.0,0.654498466645495,1.3333333333333333,0.0,5.0,54.6875,241.523,
vin test 8x8,non_urban,2,SPRM,classical,False,1,1,1,6,True,0.008885,5.0,6.0,0.0,1.0,0.0,5.0,54.6875,13.079,
vin test 8x8,non_urban,3,SPRM,classical,False,3,2,2,2,True,0.009123,1.0,2.0,0.0,2.0,0.0,1.0,54.6875,7.61,
vin test 8x8,non_urban,4,SPRM,classical,False,2,2,5,1,True,0.006462,3.414213538169861,4.0,0.3926990902558596,1.5,0.0,3.1622776985168457,54.6875,8.674,
vin test 8x8,non_urban,5,SPRM,classical,False,1,6,4,1,True,0.143206,8.0,9.0,0.17453292519943295,1.0,0.0,5.830951690673828,54.6875,459.715,
vin test 8x8,non_urban,6,SPRM,classical,False,6,5,1,6,True,0.127905,5.414213538169861,6.0,0.1308996967519532,1.0,0.0,5.099019527435303,54.6875,427.342,
vin test 8x8,non_urban,7,SPRM,classical,False,6,6,6,3,True,0.007959,3.0,4.0,0.0,1.0,0.0,3.0,54.6875,11.506,
vin test 8x8,non_urban,8,SPRM,classical,False,3,1,1,4,True,0.007766,3.8284270763397217,4.0,0.3926990731415887,1.25,0.0,3.605551242828369,54.6875,10.594,
vin test 8x8,non_urban,9,SPRM,classical,False,2,3,2,1,True,0.008125,2.0,3.0,0.0,1.3333333333333333,0.0,2.0,54.6875,9.594,
vin test 8x8,non_urban,10,SPRM,classical,False,1,1,3,1,True,0.008893,2.0,3.0,0.0,1.0,0.0,2.0,54.6875,9.642,
vin test 8x8,non_urban,1,RT,classical,False,1,5,4,1,True,0.017599,9.828427076339722,10.0,0.5497787160896409,1.3,0.0,5.0,54.6875,74.871,
vin test 8x8,non_urban,2,RT,classical,False,1,1,1,6,True,0.103335,22.071067690849304,21.0,0.7853981658423441,1.3333333333333333,0.0,5.0,54.6875,121.813,
vin test 8x8,non_urban,3,RT,classical,False,3,2,2,2,True,0.019495,5.828427076339722,6.0,0.7853981691022053,1.6666666666666667,0.0,1.0,54.6875,45.624,
vin test 8x8,non_urban,4,RT,classical,False,2,2,5,1,True,0.089231,21.071067690849304,20.0,0.43196899072431005,1.4,0.0,3.1622776985168457,54.6875,122.682,
vin test 8x8,non_urban,5,RT,classical,False,1,6,4,1,True,0.029979,18.242640614509583,18.0,0.5235987717951276,1.0555555555555556,0.0,5.830951690673828,54.6875,57.394,
vin test 8x8,non_urban,6,RT,classical,False,6,5,1,6,True,0.043263,12.828427076339722,13.0,0.483321946706122,1.2307692307692308,0.0,5.099019527435303,54.6875,67.266,
vin test 8x8,non_urban,7,RT,classical,False,6,6,6,3,True,0.136874,9.828427076339722,10.0,0.314159258513271,1.1,0.0,3.0,54.6875,119.75,
vin test 8x8,non_urban,8,RT,classical,False,3,1,1,4,True,0.010696,3.8284270763397217,4.0,0.19634953657079435,1.25,0.0,3.605551242828369,54.6875,29.538,
vin test 8x8,non_urban,9,RT,classical,False,2,3,2,1,True,0.066102,8.828427076339722,9.0,0.8726646298003361,1.2222222222222223,0.0,2.0,54.6875,88.141,
vin test 8x8,non_urban,10,RT,classical,False,1,1,3,1,True,0.033219,6.2426406145095825,6.0,0.5235987755982988,1.5,0.0,2.0,54.6875,57.531,
vin test 8x8,non_urban,1,RRT,classical,False,1,5,4,1,True,0.030953,7.0,8.0,0.19634954084936207,1.0,0.0,5.0,54.6875,77.367,
vin test 8x8,non_urban,2,RRT,classical,False,1,1,1,6,True,0.126185,9.242640614509583,9.0,1.1344640080915573,1.3333333333333333,0.0,5.0,54.6875,61.953,
vin test 8x8,non_urban,3,RRT,classical,False,3,2,2,2,True,0.002526,1.0,2.0,0.0,2.0,0.0,1.0,54.6875,11.558,
vin test 8x8,non_urban,4,RRT,classical,False,2,2,5,1,True,0.012229,4.828427076339722,5.0,0.4712388946156148,1.6,0.0,3.1622776985168457,54.6875,28.808,
vin test 8x8,non_urban,5,RRT,classical,False,1,6,4,1,True,0.004081,6.2426406145095825,6.0,0.13089969104719623,1.1666666666666667,0.0,5.830951690673828,54.6875,17.57,
vin test 8x8,non_urban,6,RRT,classical,False,6,5,1,6,True,0.021864,6.828427076339722,7.0,0.33659921532951653,1.0,0.0,5.099019527435303,54.6875,35.842,
vin test 8x8,non_urban,7,RRT,classical,False,6,6,6,3,True,0.058616,3.0,4.0,0.0,1.0,0.0,3.0,54.6875,55.998,
vin test 8x8,non_urban,8,RRT,classical,False,3,1,1,4,True,0.042142,5.0,6.0,0.7853981633974483,1.1666666666666667,0.0,3.605551242828369,54.6875,59.002,
vin test 8x8,non_urban,9,RRT,classical,False,2,3,2,1,True,0.047716,2.0,3.0,0.0,1.3333333333333333,0.0,2.0,54.6875,46.194,
vin test 8x8,non_urban,10,RRT,classical,False,1,1,3,1,True,0.050989,3.414213538169861,4.0,0.5890486268266539,1.5,0.0,2.0,54.6875,45.33,
vin test 8x8,non_urban,1,RRT*,classical,False,1,5,4,1,True,0.114089,5.2426406145095825,5.0,0.1570796292566355,1.2,0.0,5.0,54.6875,104.332,
vin test 8x8,non_urban,2,RRT*,classical,False,1,1,1,6,True,0.270777,5.0,6.0,0.0,1.0,0.0,5.0,54.6875,97.674,
vin test 8x8,non_urban,3,RRT*,classical,False,3,2,2,2,True,0.004404,1.0,2.0,0.0,2.0,0.0,1.0,54.6875,11.982,
vin test 8x8,non_urban,4,RRT*,classical,False,2,2,5,1,True,0.007419,3.414213538169861,4.0,0.3926990902558596,1.5,0.0,3.1622776985168457,54.6875,14.526,
vin test 8x8,non_urban,5,RRT*,classical,False,1,6,4,1,True,0.022877,11.41421353816986,12.0,0.39269907884634564,1.0833333333333333,0.0,5.830951690673828,54.6875,25.078,
vin test 8x8,non_urban,6,RRT*,classical,False,6,5,1,6,True,0.095118,5.414213538169861,6.0,0.1308996967519532,1.0,0.0,5.099019527435303,54.6875,34.852,
vin test 8x8,non_urban,7,RRT*,classical,False,6,6,6,3,True,0.153621,3.0,4.0,0.0,1.0,0.0,3.0,54.6875,41.614,
vin test 8x8,non_urban,8,RRT*,classical,False,3,1,1,4,True,0.240068,3.8284270763397217,4.0,0.3926990731415887,1.25,0.0,3.605551242828369,54.6875,146.857,
vin test 8x8,non_urban,9,RRT*,classical,False,2,3,2,1,True,0.005116,2.0,3.0,0.0,1.3333333333333333,0.0,2.0,54.6875,13.986,
vin test 8x8,non_urban,10,RRT*,classical,False,1,1,3,1,True,0.001166,2.0,3.0,0.0,1.0,0.0,2.0,54.6875,11.402,
vin test 8x8,non_urban,1,RRT-Connect,classical,False,,,,,False,,,,,,,,,,name 'n' is not defined
vin test 8x8,non_urban,2,RRT-Connect,classical,False,,,,,False,,,,,,,,,,name 'n' is not defined
vin test 8x8,non_urban,3,RRT-Connect,classical,False,,,,,False,,,,,,,,,,name 'n' is not defined
vin test 8x8,non_urban,4,RRT-Connect,classical,False,,,,,False,,,,,,,,,,name 'n' is not defined
vin test 8x8,non_urban,5,RRT-Connect,classical,False,,,,,False,,,,,,,,,,name 'n' is not defined
vin test 8x8,non_urban,6,RRT-Connect,classical,False,,,,,False,,,,,,,,,,name 'n' is not defined
vin test 8x8,non_urban,7,RRT-Connect,classical,False,,,,,False,,,,,,,,,,name 'n' is not defined
vin test 8x8,non_urban,8,RRT-Connect,classical,False,,,,,False,,,,,,,,,,name 'n' is not defined
vin test 8x8,non_urban,9,RRT-Connect,classical,False,,,,,False,,,,,,,,,,name 'n' is not defined
vin test 8x8,non_urban,10,RRT-Connect,classical,False,,,,,False,,,,,,,,,,name 'n' is not defined
vin test 8x8,non_urban,1,Wave-front,classical,False,1,5,4,1,True,0.011679,5.2426406145095825,5.0,0.1570796292566355,1.2,0.0,5.0,54.6875,56.79,
vin test 8x8,non_urban,2,Wave-front,classical,False,1,1,1,6,True,0.008148,5.0,6.0,0.0,1.0,0.0,5.0,54.6875,22.609,
vin test 8x8,non_urban,3,Wave-front,classical,False,3,2,2,2,True,0.000999,1.0,2.0,0.0,2.0,0.0,1.0,54.6875,9.977,
vin test 8x8,non_urban,4,Wave-front,classical,False,2,2,5,1,True,0.005794,3.414213538169861,4.0,0.1963495451279298,1.75,0.0,3.1622776985168457,54.6875,20.041,
vin test 8x8,non_urban,5,Wave-front,classical,False,1,6,4,1,True,0.011365,6.2426406145095825,6.0,0.13089969104719623,1.1666666666666667,0.0,5.830951690673828,54.6875,27.439,
vin test 8x8,non_urban,6,Wave-front,classical,False,6,5,1,6,True,0.009902,5.414213538169861,6.0,0.1308996967519532,1.0,0.0,5.099019527435303,54.6875,24.337,
vin test 8x8,non_urban,7,Wave-front,classical,False,6,6,6,3,True,0.006913,3.0,4.0,0.0,1.0,0.0,3.0,54.6875,18.511,
vin test 8x8,non_urban,8,Wave-front,classical,False,3,1,1,4,True,0.005012,3.8284270763397217,4.0,0.19634953657079435,1.25,0.0,3.605551242828369,54.6875,23.129,
vin test 8x8,non_urban,9,Wave-front,classical,False,2,3,2,1,True,0.00298,2.0,3.0,0.0,1.3333333333333333,0.0,2.0,54.6875,12.689,
vin test 8x8,non_urban,10,Wave-front,classical,False,1,1,3,1,True,0.002145,2.0,3.0,0.0,1.0,0.0,2.0,54.6875,13.729,
vin test 8x8,non_urban,1,Dijkstra,classical,False,1,5,4,1,True,0.009664,5.2426406145095825,5.0,0.1570796292566355,1.2,0.0,5.0,54.6875,71.438,
vin test 8x8,non_urban,2,Dijkstra,classical,False,1,1,1,6,True,0.010908,5.0,6.0,0.0,1.0,0.0,5.0,54.6875,31.777,
vin test 8x8,non_urban,3,Dijkstra,classical,False,3,2,2,2,True,0.001001,1.0,2.0,0.0,2.0,0.0,1.0,54.6875,12.265,
vin test 8x8,non_urban,4,Dijkstra,classical,False,2,2,5,1,True,0.008861,3.414213538169861,4.0,0.1963495451279298,1.75,0.0,3.1622776985168457,54.6875,28.993,
vin test 8x8,non_urban,5,Dijkstra,classical,False,1,6,4,1,True,0.010702,6.2426406145095825,6.0,0.13089969104719623,1.1666666666666667,0.0,5.830951690673828,54.6875,35.121,
vin test 8x8,non_urban,6,Dijkstra,classical,False,6,5,1,6,True,0.011026,5.414213538169861,6.0,0.1308996967519532,1.0,0.0,5.099019527435303,54.6875,33.969,
vin test 8x8,non_urban,7,Dijkstra,classical,False,6,6,6,3,True,0.004208,3.0,4.0,0.0,1.0,0.0,3.0,54.6875,19.169,
vin test 8x8,non_urban,8,Dijkstra,classical,False,3,1,1,4,True,0.025496,3.8284270763397217,4.0,0.19634953657079435,1.25,0.0,3.605551242828369,54.6875,35.473,
vin test 8x8,non_urban,9,Dijkstra,classical,False,2,3,2,1,True,0.0046,2.0,3.0,0.0,1.3333333333333333,0.0,2.0,54.6875,21.257,
vin test 8x8,non_urban,10,Dijkstra,classical,False,1,1,3,1,True,0.003145,2.0,3.0,0.0,1.0,0.0,2.0,54.6875,18.249,
vin test 8x8,non_urban,1,Potential Field,classical,False,1,5,4,1,True,0.072675,5.2426406145095825,5.0,0.1570796292566355,1.2,0.0,5.0,54.6875,158.286,
vin test 8x8,non_urban,2,Potential Field,classical,False,1,1,1,6,True,0.079027,5.0,6.0,0.0,1.0,0.0,5.0,54.6875,32.631,
vin test 8x8,non_urban,3,Potential Field,classical,False,3,2,2,2,True,0.072881,1.0,2.0,0.0,2.0,0.0,1.0,54.6875,30.785,
vin test 8x8,non_urban,4,Potential Field,classical,False,2,2,5,1,True,0.073424,3.414213538169861,4.0,0.1963495451279298,1.25,0.0,3.1622776985168457,54.6875,32.535,
vin test 8x8,non_urban,5,Potential Field,classical,False,1,6,4,1,True,0.076459,6.2426406145095825,6.0,0.13089969104719623,1.1666666666666667,0.0,5.830951690673828,54.6875,34.423,
vin test 8x8,non_urban,6,Potential Field,classical,False,6,5,1,6,True,0.072526,5.414213538169861,6.0,0.1308996967519532,1.0,0.0,5.099019527435303,54.6875,34.807,
vin test 8x8,non_urban,7,Potential Field,classical,False,6,6,6,3,True,0.0764,3.0,4.0,0.0,1.0,0.0,3.0,54.6875,34.039,
vin test 8x8,non_urban,8,Potential Field,classical,False,3,1,1,4,True,0.080878,3.8284270763397217,4.0,0.19634953657079435,1.25,0.0,3.605551242828369,54.6875,130.817,
vin test 8x8,non_urban,9,Potential Field,classical,False,2,3,2,1,True,0.070736,2.0,3.0,0.0,1.3333333333333333,0.0,2.0,54.6875,34.505,
vin test 8x8,non_urban,10,Potential Field,classical,False,1,1,3,1,True,0.073504,2.0,3.0,0.0,1.0,0.0,2.0,54.6875,35.223,
vin test 8x8,non_urban,1,Probabilistic Foam (GBPF),classical,True,1,5,4,1,True,0.012664,7.828427076339722,8.0,0.39269908169872414,1.375,0.0,5.0,54.6875,62.65,
vin test 8x8,non_urban,2,Probabilistic Foam (GBPF),classical,True,1,1,1,6,True,0.006113,5.828427076339722,6.0,0.3926990731415887,1.1666666666666667,0.0,5.0,54.6875,19.661,
vin test 8x8,non_urban,3,Probabilistic Foam (GBPF),classical,True,3,2,2,2,True,0.001005,1.0,2.0,0.0,2.0,0.0,1.0,54.6875,9.306,
vin test 8x8,non_urban,4,Probabilistic Foam (GBPF),classical,True,2,2,5,1,True,0.002614,3.414213538169861,4.0,0.3926990902558596,1.5,0.0,3.1622776985168457,54.6875,12.549,
vin test 8x8,non_urban,5,Probabilistic Foam (GBPF),classical,True,1,6,4,1,True,0.022366,6.2426406145095825,6.0,0.13089969104719623,1.1666666666666667,0.0,5.830951690673828,54.6875,30.317,
vin test 8x8,non_urban,6,Probabilistic Foam (GBPF),classical,True,6,5,1,6,True,0.015914,6.0,7.0,0.2243994752564138,1.0,0.0,5.099019527435303,54.6875,26.109,
vin test 8x8,non_urban,7,Probabilistic Foam (GBPF),classical,True,6,6,6,3,True,0.007867,3.0,4.0,0.0,1.0,0.0,3.0,54.6875,18.845,
vin test 8x8,non_urban,8,Probabilistic Foam (GBPF),classical,True,3,1,1,4,True,0.005356,3.8284270763397217,4.0,0.3926990731415887,1.25,0.0,3.605551242828369,54.6875,20.549,
vin test 8x8,non_urban,9,Probabilistic Foam (GBPF),classical,True,2,3,2,1,True,0.012777,2.0,3.0,0.0,1.3333333333333333,0.0,2.0,54.6875,19.693,
vin test 8x8,non_urban,10,Probabilistic Foam (GBPF),classical,True,1,1,3,1,True,0.002008,2.0,3.0,0.0,1.0,0.0,2.0,54.6875,11.797,
vin test 8x8,non_urban,1,Probabilistic Foam (PFM),classical,True,1,5,4,1,True,0.031746,6.414213538169861,7.0,0.4487989505128276,1.4285714285714286,0.0,5.0,54.6875,78.238,
vin test 8x8,non_urban,2,Probabilistic Foam (PFM),classical,True,1,1,1,6,True,0.01685,6.414213538169861,7.0,0.4487989456230359,1.1428571428571428,0.0,5.0,54.6875,33.129,
vin test 8x8,non_urban,3,Probabilistic Foam (PFM),classical,True,3,2,2,2,True,0.00215,3.0,4.0,0.7853981633974483,1.75,0.0,1.0,54.6875,14.321,
vin test 8x8,non_urban,4,Probabilistic Foam (PFM),classical,True,2,2,5,1,True,0.001999,3.414213538169861,4.0,0.3926990902558596,1.5,0.0,3.1622776985168457,54.6875,14.553,
vin test 8x8,non_urban,5,Probabilistic Foam (PFM),classical,True,1,6,4,1,True,0.024769,6.828427076339722,7.0,0.33659921532951653,1.2857142857142858,0.0,5.830951690673828,54.6875,46.321,
vin test 8x8,non_urban,6,Probabilistic Foam (PFM),classical,True,6,5,1,6,True,0.021599,5.414213538169861,6.0,0.1308996967519532,1.0,0.0,5.099019527435303,54.6875,37.649,
vin test 8x8,non_urban,7,Probabilistic Foam (PFM),classical,True,6,6,6,3,True,0.006877,3.0,4.0,0.0,1.0,0.0,3.0,54.6875,15.593,
vin test 8x8,non_urban,8,Probabilistic Foam (PFM),classical,True,3,1,1,4,True,0.008041,4.414213538169861,5.0,0.6283185307179586,1.4,0.0,3.605551242828369,54.6875,24.513,
vin test 8x8,non_urban,9,Probabilistic Foam (PFM),classical,True,2,3,2,1,True,0.000999,2.0,3.0,0.0,1.3333333333333333,0.0,2.0,54.6875,11.369,
vin test 8x8,non_urban,10,Probabilistic Foam (PFM),classical,True,1,1,3,1,True,0.001018,2.0,3.0,0.0,1.0,0.0,2.0,54.6875,11.561,
vin test 8x8,non_urban,1,Probabilistic Foam (RBPF),classical,True,1,5,4,1,True,0.014261,5.2426406145095825,5.0,0.1570796292566355,1.2,0.0,5.0,54.6875,65.902,
vin test 8x8,non_urban,2,Probabilistic Foam (RBPF),classical,True,1,1,1,6,True,0.043943,5.828427076339722,6.0,0.3926990731415887,1.1666666666666667,0.0,5.0,54.6875,58.636,
vin test 8x8,non_urban,3,Probabilistic Foam (RBPF),classical,True,3,2,2,2,True,0.003773,3.0,4.0,0.7853981633974483,1.75,0.0,1.0,54.6875,16.836,
vin test 8x8,non_urban,4,Probabilistic Foam (RBPF),classical,True,2,2,5,1,True,0.002237,3.414213538169861,4.0,0.3926990902558596,1.5,0.0,3.1622776985168457,54.6875,14.86,
vin test 8x8,non_urban,5,Probabilistic Foam (RBPF),classical,True,1,6,4,1,True,0.018757,8.242640614509583,8.0,0.7853981591188806,1.125,0.0,5.830951690673828,54.6875,40.756,
vin test 8x8,non_urban,6,Probabilistic Foam (RBPF),classical,True,6,5,1,6,True,0.046586,10.828427076339722,11.0,0.4283989951051044,1.3636363636363635,0.0,5.099019527435303,54.6875,48.972,
vin test 8x8,non_urban,7,Probabilistic Foam (RBPF),classical,True,6,6,6,3,True,0.00341,3.0,4.0,0.0,1.0,0.0,3.0,54.6875,12.348,
vin test 8x8,non_urban,8,Probabilistic Foam (RBPF),classical,True,3,1,1,4,True,0.012326,3.8284270763397217,4.0,0.3926990731415887,1.25,0.0,3.605551242828369,54.6875,33.844,
vin test 8x8,non_urban,9,Probabilistic Foam (RBPF),classical,True,2,3,2,1,True,0.002919,2.0,3.0,0.0,1.3333333333333333,0.0,2.0,54.6875,14.556,
vin test 8x8,non_urban,10,Probabilistic Foam (RBPF),classical,True,1,1,3,1,True,0.001,2.8284270763397217,3.0,0.0,1.3333333333333333,0.0,2.0,54.6875,11.58,
vin test 8x8,non_urban,1,Probabilistic Foam (HPF),classical,True,1,5,4,1,True,0.009713,5.2426406145095825,5.0,0.1570796292566355,1.2,0.0,5.0,54.6875,59.726,
vin test 8x8,non_urban,2,Probabilistic Foam (HPF),classical,True,1,1,1,6,True,0.013882,5.828427076339722,6.0,0.3926990731415887,1.1666666666666667,0.0,5.0,54.6875,28.065,
vin test 8x8,non_urban,3,Probabilistic Foam (HPF),classical,True,3,2,2,2,True,0.004799,3.0,4.0,0.7853981633974483,1.75,0.0,1.0,54.6875,18.353,
vin test 8x8,non_urban,4,Probabilistic Foam (HPF),classical,True,2,2,5,1,True,0.000999,3.414213538169861,4.0,0.3926990902558596,1.5,0.0,3.1622776985168457,54.6875,13.081,
vin test 8x8,non_urban,5,Probabilistic Foam (HPF),classical,True,1,6,4,1,True,0.011786,6.2426406145095825,6.0,0.13089969104719623,1.1666666666666667,0.0,5.830951690673828,54.6875,33.065,
vin test 8x8,non_urban,6,Probabilistic Foam (HPF),classical,True,6,5,1,6,True,0.009065,5.414213538169861,6.0,0.1308996967519532,1.0,0.0,5.099019527435303,54.6875,28.185,
vin test 8x8,non_urban,7,Probabilistic Foam (HPF),classical,True,6,6,6,3,True,0.005805,3.0,4.0,0.0,1.0,0.0,3.0,54.6875,18.473,
vin test 8x8,non_urban,8,Probabilistic Foam (HPF),classical,True,3,1,1,4,True,0.004961,4.414213538169861,5.0,0.6283185307179586,1.4,0.0,3.605551242828369,54.6875,21.697,
vin test 8x8,non_urban,9,Probabilistic Foam (HPF),classical,True,2,3,2,1,True,0.002861,2.0,3.0,0.0,1.3333333333333333,0.0,2.0,54.6875,13.057,
vin test 8x8,non_urban,10,Probabilistic Foam (HPF),classical,True,1,1,3,1,True,0.002904,2.0,3.0,0.0,1.0,0.0,2.0,54.6875,13.825,
vin test 8x8 -2,non_urban,1,A*,classical,False,0,7,7,0,True,0.016165,12.242640614509583,12.0,0.327249236175126,1.0690355937288494,0.0,9.899495124816895,28.125,87.67,
vin test 8x8 -2,non_urban,2,A*,classical,False,1,0,4,2,True,0.005061,3.8284270763397217,4.0,0.3926990902558596,1.4125703849682212,0.0,3.605551242828369,28.125,21.745,
vin test 8x8 -2,non_urban,3,A*,classical,False,1,2,0,2,True,0.002101,1.0,2.0,0.0,1.0,0.0,1.0,28.125,10.961,
vin test 8x8 -2,non_urban,4,A*,classical,False,0,1,6,0,True,0.007012,6.414213538169861,7.0,0.22439948014620548,1.2612038749637413,0.0,6.082762718200684,28.125,28.801,
vin test 8x8 -2,non_urban,5,A*,classical,False,3,7,7,5,True,0.015136,14.485281229019165,13.0,0.30207621800780865,1.1087856586440843,0.0,4.4721360206604,28.125,53.617,
vin test 8x8 -2,non_urban,6,A*,classical,False,5,0,4,6,True,0.028907,12.656854152679443,12.0,0.327249236175126,1.0345177968644246,0.0,6.082762718200684,28.125,63.041,
vin test 8x8 -2,non_urban,7,A*,classical,False,1,4,2,0,True,0.00459,4.414213538169861,5.0,0.1570796292566355,1.282842712474619,0.0,4.123105525970459,28.125,13.489,
vin test 8x8 -2,non_urban,8,A*,classical,False,1,0,5,0,True,0.004096,4.0,5.0,0.0,1.7772699034745352,0.0,4.0,28.125,22.521,
vin test 8x8 -2,non_urban,9,A*,classical,False,7,1,0,2,True,0.010752,8.242640614509583,8.0,0.3926990902558596,1.1553300858899107,0.0,7.071067810058594,28.125,38.825,
vin test 8x8 -2,non_urban,10,A*,classical,False,3,5,6,6,True,0.018376,16.485281229019165,15.0,0.31415926307707653,1.0,0.0,3.1622776985168457,28.125,59.225,
vin test 8x8 -2,non_urban,1,SPRM,classical,False,0,7,7,0,True,1.364368,13.41421353816986,14.0,0.33659921532951653,1.1479334151332483,0.0,9.899495124816895,28.125,1888.791,
vin test 8x8 -2,non_urban,2,SPRM,classical,False,1,0,4,2,True,0.009203,3.8284270763397217,4.0,0.3926990902558596,1.4125703849682212,0.0,3.605551242828369,28.125,7.352,
vin test 8x8 -2,non_urban,3,SPRM,classical,False,1,2,0,2,True,0.008148,1.0,2.0,0.0,1.0,0.0,1.0,28.125,7.112,
vin test 8x8 -2,non_urban,4,SPRM,classical,False,0,1,6,0,True,0.008319,6.414213538169861,7.0,0.22439948014620548,1.4377850146065685,0.0,6.082762718200684,28.125,8.666,
vin test 8x8 -2,non_urban,5,SPRM,classical,False,3,7,7,5,True,1.123757,16.242640614509583,16.0,0.5399612405446714,1.166053390593274,0.0,4.4721360206604,28.125,837.998,
vin test 8x8 -2,non_urban,6,SPRM,classical,False,5,0,4,6,True,1.333345,13.828427076339722,14.0,0.44879895540261927,1.1770506189013628,0.0,6.082762718200684,28.125,1864.318,
vin test 8x8 -2,non_urban,7,SPRM,classical,False,1,4,2,0,True,0.08399,4.414213538169861,5.0,0.1570796292566355,1.282842712474619,0.0,4.123105525970459,28.125,208.422,
vin test 8x8 -2,non_urban,8,SPRM,classical,False,1,0,5,0,True,0.009713,4.0,5.0,0.0,1.7772699034745352,0.0,4.0,28.125,10.09,
vin test 8x8 -2,non_urban,9,SPRM,classical,False,7,1,0,2,True,0.132492,8.242640614509583,8.0,0.4908738628198245,1.1035533905932737,0.0,7.071067810058594,28.125,238.502,
vin test 8x8 -2,non_urban,10,SPRM,classical,False,3,5,6,6,True,0.951119,19.656854152679443,19.0,0.62005118613332,1.065402141427331,0.0,3.1622776985168457,28.125,791.302,
vin test 8x8 -2,non_urban,1,RT,classical,False,0,7,7,0,True,0.508516,14.0,15.0,0.20943951023931953,1.341932680299464,0.0,9.899495124816895,28.125,267.508,
vin test 8x8 -2,non_urban,2,RT,classical,False,1,0,4,2,True,0.01136,12.313708305358887,10.0,0.3141592653589793,1.223606797749979,0.0,3.605551242828369,28.125,28.222,
vin test 8x8 -2,non_urban,3,RT,classical,False,1,2,0,2,True,0.016237,9.242640614509583,9.0,0.785398165299034,1.4318166130414083,0.0,1.0,28.125,33.454,
vin test 8x8 -2,non_urban,4,RT,classical,False,0,1,6,0,True,0.174814,20.071067690849304,19.0,0.6613879270715354,1.4496423035192134,0.0,6.082762718200684,28.125,131.347,
vin test 8x8 -2,non_urban,5,RT,classical,False,3,7,7,5,True,0.645079,21.313708305358887,19.0,0.5373776844403648,1.4278415897101033,0.0,4.4721360206604,28.125,192.815,
vin test 8x8 -2,non_urban,6,RT,classical,False,5,0,4,6,True,1.825262,35.38477599620819,31.0,0.6080501932256723,1.1599166880399403,0.0,6.082762718200684,28.125,394.47,
vin test 8x8 -2,non_urban,7,RT,classical,False,1,4,2,0,True,0.249204,7.828427076339722,8.0,0.4908738457055536,1.176776695296637,0.0,4.123105525970459,28.125,129.79,
vin test 8x8 -2,non_urban,8,RT,classical,False,1,0,5,0,True,0.274818,8.828427076339722,9.0,0.8726646298003361,1.6612049577354062,0.0,4.0,28.125,201.01,
vin test 8x8 -2,non_urban,9,RT,classical,False,7,1,0,2,True,0.345473,10.0,11.0,0.28559933214452665,1.6480900185901781,0.0,7.071067810058594,28.125,218.526,
vin test 8x8 -2,non_urban,10,RT,classical,False,3,5,6,6,True,5.524702,32.870057225227356,26.0,0.5437371808290107,1.1631784879661264,0.0,3.1622776985168457,28.125,533.283,
vin test 8x8 -2,non_urban,1,RRT,classical,False,0,7,7,0,True,0.128992,13.41421353816986,14.0,0.33659921532951653,1.1183467321065987,0.0,9.899495124816895,28.125,117.59,
vin test 8x8 -2,non_urban,2,RRT,classical,False,1,0,4,2,True,0.196887,4.414213538169861,5.0,0.628318537563667,1.530056307974577,0.0,3.605551242828369,28.125,72.72,
vin test 8x8 -2,non_urban,3,RRT,classical,False,1,2,0,2,True,0.161239,1.0,2.0,0.0,1.0,0.0,1.0,28.125,79.774,
vin test 8x8 -2,non_urban,4,RRT,classical,False,0,1,6,0,True,0.003809,6.414213538169861,7.0,0.22439948014620548,1.4377850146065685,0.0,6.082762718200684,28.125,17.906,
vin test 8x8 -2,non_urban,5,RRT,classical,False,3,7,7,5,True,0.501181,20.242640614509583,20.0,0.47123889632704186,1.306778145705573,0.0,4.4721360206604,28.125,99.986,
vin test 8x8 -2,non_urban,6,RRT,classical,False,5,0,4,6,True,0.008033,14.41421353816986,15.0,0.2617993889401008,1.3419326802994642,0.0,6.082762718200684,28.125,23.034,
vin test 8x8 -2,non_urban,7,RRT,classical,False,1,4,2,0,True,0.003605,5.0,6.0,0.2617993877991494,1.4417135899788143,0.0,4.123105525970459,28.125,14.518,
vin test 8x8 -2,non_urban,8,RRT,classical,False,1,0,5,0,True,0.107455,4.0,5.0,0.0,1.7772699034745352,0.0,4.0,28.125,83.795,
vin test 8x8 -2,non_urban,9,RRT,classical,False,7,1,0,2,True,0.026745,11.071067690849304,10.0,0.6283185307179586,1.2064495102245982,0.0,7.071067810058594,28.125,46.29,
vin test 8x8 -2,non_urban,10,RRT,classical,False,3,5,6,6,True,0.566131,21.313708305358887,19.0,0.6613879216670288,1.2447516599933097,0.0,3.1622776985168457,28.125,122.872,
vin test 8x8 -2,non_urban,1,RRT*,classical,False,0,7,7,0,True,0.288158,12.828427076339722,13.0,0.3624914626625563,1.095587745163022,0.0,9.899495124816895,28.125,165.585,
vin test 8x8 -2,non_urban,2,RRT*,classical,False,1,0,4,2,True,0.005604,3.8284270763397217,4.0,0.3926990902558596,1.4125703849682212,0.0,3.605551242828369,28.125,13.979,
vin test 8x8 -2,non_urban,3,RRT*,classical,False,1,2,0,2,True,0.002624,1.0,2.0,0.0,1.0,0.0,1.0,28.125,9.677,
vin test 8x8 -2,non_urban,4,RRT*,classical,False,0,1,6,0,True,0.009109,6.414213538169861,7.0,0.22439948014620548,1.4377850146065685,0.0,6.082762718200684,28.125,21.891,
vin test 8x8 -2,non_urban,5,RRT*,classical,False,3,7,7,5,True,0.440792,14.485281229019165,13.0,0.30207621800780865,1.1087856586440843,0.0,4.4721360206604,28.125,74.449,
vin test 8x8 -2,non_urban,6,RRT*,classical,False,5,0,4,6,True,0.260266,14.071067690849304,13.0,0.7249829200591831,1.095587745163022,0.0,6.082762718200684,28.125,66.759,
vin test 8x8 -2,non_urban,7,RRT*,classical,False,1,4,2,0,True,0.112304,4.414213538169861,5.0,0.314159258513271,1.2,0.0,4.123105525970459,28.125,39.159,
vin test 8x8 -2,non_urban,8,RRT*,classical,False,1,0,5,0,True,0.90906,4.0,5.0,0.0,1.7772699034745352,0.0,4.0,28.125,201.615,
vin test 8x8 -2,non_urban,9,RRT*,classical,False,7,1,0,2,True,0.45711,8.242640614509583,8.0,0.4908738628198245,1.1035533905932737,0.0,7.071067810058594,28.125,77.503,
vin test 8x8 -2,non_urban,10,RRT*,classical,False,3,5,6,6,True,0.87241,16.485281229019165,15.0,0.31415926307707653,1.0,0.0,3.1622776985168457,28.125,86.328,
vin test 8x8 -2,non_urban,1,RRT-Connect,classical,False,,,,,False,,,,,,,,,,name 'n' is not defined
vin test 8x8 -2,non_urban,2,RRT-Connect,classical,False,,,,,False,,,,,,,,,,name 'n' is not defined
vin test 8x8 -2,non_urban,3,RRT-Connect,classical,False,,,,,False,,,,,,,,,,name 'n' is not defined
vin test 8x8 -2,non_urban,4,RRT-Connect,classical,False,,,,,False,,,,,,,,,,name 'n' is not defined
vin test 8x8 -2,non_urban,5,RRT-Connect,classical,False,,,,,False,,,,,,,,,,name 'n' is not defined
vin test 8x8 -2,non_urban,6,RRT-Connect,classical,False,,,,,False,,,,,,,,,,name 'n' is not defined
vin test 8x8 -2,non_urban,7,RRT-Connect,classical,False,,,,,False,,,,,,,,,,name 'n' is not defined
vin test 8x8 -2,non_urban,8,RRT-Connect,classical,False,,,,,False,,,,,,,,,,name 'n' is not defined
vin test 8x8 -2,non_urban,9,RRT-Connect,classical,False,,,,,False,,,,,,,,,,name 'n' is not defined
vin test 8x8 -2,non_urban,10,RRT-Connect,classical,False,,,,,False,,,,,,,,,,name 'n' is not defined
vin test 8x8 -2,non_urban,1,Wave-front,classical,False,0,7,7,0,True,0.02117,12.242640614509583,12.0,0.327249236175126,1.0690355937288494,0.0,9.899495124816895,28.125,73.246,
vin test 8x8 -2,non_urban,2,Wave-front,classical,False,1,0,4,2,True,0.006003,3.8284270763397217,4.0,0.1963495451279298,1.6625703849682212,0.0,3.605551242828369,28.125,18.345,
vin test 8x8 -2,non_urban,3,Wave-front,classical,False,1,2,0,2,True,0.001523,1.0,2.0,0.0,1.0,0.0,1.0,28.125,7.737,
vin test 8x8 -2,non_urban,4,Wave-front,classical,False,0,1,6,0,True,0.012308,6.414213538169861,7.0,0.22439948014620548,1.2612038749637413,0.0,6.082762718200684,28.125,27.721,
vin test 8x8 -2,non_urban,5,Wave-front,classical,False,3,7,7,5,True,0.023255,14.485281229019165,13.0,0.30207621800780865,1.1406482403650917,0.0,4.4721360206604,28.125,44.303,
vin test 8x8 -2,non_urban,6,Wave-front,classical,False,5,0,4,6,True,0.016892,12.656854152679443,12.0,0.327249236175126,1.1720412585204985,0.0,6.082762718200684,28.125,24.367,
vin test 8x8 -2,non_urban,7,Wave-front,classical,False,1,4,2,0,True,0.00843,4.414213538169861,5.0,0.1570796292566355,1.282842712474619,0.0,4.123105525970459,28.125,12.055,
vin test 8x8 -2,non_urban,8,Wave-front,classical,False,1,0,5,0,True,0.007576,4.0,5.0,0.0,1.7772699034745352,0.0,4.0,28.125,28.201,
vin test 8x8 -2,non_urban,9,Wave-front,classical,False,7,1,0,2,True,0.017224,8.242640614509583,8.0,0.1963495451279298,1.3830618877807477,0.0,7.071067810058594,28.125,31.177,
vin test 8x8 -2,non_urban,10,Wave-front,classical,False,3,5,6,6,True,0.025808,16.485281229019165,15.0,0.31415926307707653,1.0276142374915398,0.0,3.1622776985168457,28.125,48.273,
vin test 8x8 -2,non_urban,1,Dijkstra,classical,False,0,7,7,0,True,0.018045,12.242640614509583,12.0,0.327249236175126,1.0690355937288494,0.0,9.899495124816895,28.125,92.294,
vin test 8x8 -2,non_urban,2,Dijkstra,classical,False,1,0,4,2,True,0.008598,3.8284270763397217,4.0,0.1963495451279298,1.6625703849682212,0.0,3.605551242828369,28.125,25.465,
vin test 8x8 -2,non_urban,3,Dijkstra,classical,False,1,2,0,2,True,0.000998,1.0,2.0,0.0,1.0,0.0,1.0,28.125,9.889,
vin test 8x8 -2,non_urban,4,Dijkstra,classical,False,0,1,6,0,True,0.014361,6.414213538169861,7.0,0.22439948014620548,1.2612038749637413,0.0,6.082762718200684,28.125,38.825,
vin test 8x8 -2,non_urban,5,Dijkstra,classical,False,3,7,7,5,True,0.023029,14.485281229019165,13.0,0.30207621800780865,1.1406482403650917,0.0,4.4721360206604,28.125,57.753,
vin test 8x8 -2,non_urban,6,Dijkstra,classical,False,5,0,4,6,True,0.023764,12.656854152679443,12.0,0.327249236175126,1.1720412585204985,0.0,6.082762718200684,28.125,45.473,
vin test 8x8 -2,non_urban,7,Dijkstra,classical,False,1,4,2,0,True,0.011891,4.414213538169861,5.0,0.1570796292566355,1.282842712474619,0.0,4.123105525970459,28.125,18.129,
vin test 8x8 -2,non_urban,8,Dijkstra,classical,False,1,0,5,0,True,0.01214,4.0,5.0,0.0,1.7772699034745352,0.0,4.0,28.125,37.369,
vin test 8x8 -2,non_urban,9,Dijkstra,classical,False,7,1,0,2,True,0.015866,8.242640614509583,8.0,0.1963495451279298,1.3830618877807477,0.0,7.071067810058594,28.125,42.473,
vin test 8x8 -2,non_urban,10,Dijkstra,classical,False,3,5,6,6,True,0.022197,16.485281229019165,15.0,0.31415926307707653,1.0276142374915398,0.0,3.1622776985168457,28.125,60.857,
vin test 8x8 -2,non_urban,1,Potential Field,classical,False,0,7,7,0,True,0.046478,12.242640614509583,12.0,0.19634953942317282,1.1720412585204985,0.0,9.899495124816895,28.125,139.678,
vin test 8x8 -2,non_urban,2,Potential Field,classical,False,1,0,4,2,True,0.042382,3.8284270763397217,4.0,0.1963495451279298,1.3090169943749475,0.0,3.605551242828369,28.125,52.215,
vin test 8x8 -2,non_urban,3,Potential Field,classical,False,1,2,0,2,True,0.043176,1.0,2.0,0.0,1.0,0.0,1.0,28.125,30.607,
vin test 8x8 -2,non_urban,4,Potential Field,classical,False,0,1,6,0,True,0.046441,6.414213538169861,7.0,0.11219974007310274,1.6980499310532393,0.0,6.082762718200684,28.125,34.263,
vin test 8x8 -2,non_urban,5,Potential Field,classical,False,3,7,7,5,False,0.044958,4.828427076339722,5.0,0.4712388877699064,1.082842712474619,4.0,4.4721360206604,28.125,33.687,
vin test 8x8 -2,non_urban,6,Potential Field,classical,False,5,0,4,6,True,0.048609,16.656854152679443,16.0,0.5399612362661037,1.0258883476483185,0.0,6.082762718200684,28.125,40.983,
vin test 8x8 -2,non_urban,7,Potential Field,classical,False,1,4,2,0,True,0.046143,4.414213538169861,5.0,0.314159258513271,1.2,0.0,4.123105525970459,28.125,34.519,
vin test 8x8 -2,non_urban,8,Potential Field,classical,False,1,0,5,0,True,0.04556,4.0,5.0,0.0,1.7772699034745352,0.0,4.0,28.125,101.825,
vin test 8x8 -2,non_urban,9,Potential Field,classical,False,7,1,0,2,True,0.055489,9.071067690849304,8.0,0.2945243176918947,1.0,0.0,7.071067810058594,28.125,65.655,
vin test 8x8 -2,non_urban,10,Potential Field,classical,False,3,5,6,6,False,0.045923,4.828427076339722,5.0,0.4712388877699064,1.0,3.1622776985168457,3.1622776985168457,28.125,36.199,
vin test 8x8 -2,non_urban,1,Probabilistic Foam (GBPF),classical,True,0,7,7,0,True,0.069872,13.41421353816986,14.0,0.2243994752564138,1.2780658733565837,0.0,9.899495124816895,28.125,96.131,
vin test 8x8 -2,non_urban,2,Probabilistic Foam (GBPF),classical,True,1,0,4,2,True,0.002429,4.414213538169861,5.0,0.3141592653589793,1.694427190999916,0.0,3.605551242828369,28.125,11.372,
vin test 8x8 -2,non_urban,3,Probabilistic Foam (GBPF),classical,True,1,2,0,2,True,0.003998,2.414213538169861,3.0,0.26179938209439246,1.1380711874576983,0.0,1.0,28.125,13.084,
vin test 8x8 -2,non_urban,4,Probabilistic Foam (GBPF),classical,True,0,1,6,0,True,0.006883,6.414213538169861,7.0,0.11219974007310274,1.6980499310532393,0.0,6.082762718200684,28.125,20.676,
vin test 8x8 -2,non_urban,5,Probabilistic Foam (GBPF),classical,True,3,7,7,5,True,0.497522,15.071067690849304,14.0,0.504898820549379,1.1010152544552212,0.0,4.4721360206604,28.125,114.652,
vin test 8x8 -2,non_urban,6,Probabilistic Foam (GBPF),classical,True,5,0,4,6,True,0.826748,14.41421353816986,15.0,0.47123889917942036,1.2204757192910176,0.0,6.082762718200684,28.125,71.967,
vin test 8x8 -2,non_urban,7,Probabilistic Foam (GBPF),classical,True,1,4,2,0,True,0.013716,4.414213538169861,5.0,0.314159258513271,1.2,0.0,4.123105525970459,28.125,14.824,
vin test 8x8 -2,non_urban,8,Probabilistic Foam (GBPF),classical,True,1,0,5,0,True,0.005746,4.828427076339722,5.0,0.31415927220468765,1.612899020449196,0.0,4.0,28.125,18.868,
vin test 8x8 -2,non_urban,9,Probabilistic Foam (GBPF),classical,True,7,1,0,2,True,0.003011,8.242640614509583,8.0,0.4908738628198245,1.051776695296637,0.0,7.071067810058594,28.125,18.164,
vin test 8x8 -2,non_urban,10,Probabilistic Foam (GBPF),classical,True,3,5,6,6,True,0.555777,18.242640614509583,18.0,0.5235987755982988,1.0460237291525663,0.0,3.1622776985168457,28.125,151.075,
vin test 8x8 -2,non_urban,1,Probabilistic Foam (PFM),classical,True,0,7,7,0,False,0.0,0.0,1.0,0.0,1.0,9.899495124816895,9.899495124816895,28.125,39.494,
vin test 8x8 -2,non_urban,2,Probabilistic Foam (PFM),classical,True,1,0,4,2,True,0.002026,3.8284270763397217,4.0,0.1963495451279298,1.6625703849682212,0.0,3.605551242828369,28.125,12.273,
vin test 8x8 -2,non_urban,3,Probabilistic Foam (PFM),classical,True,1,2,0,2,True,0.001105,1.0,2.0,0.0,1.0,0.0,1.0,28.125,7.713,
vin test 8x8 -2,non_urban,4,Probabilistic Foam (PFM),classical,True,0,1,6,0,False,0.083841,0.0,1.0,0.0,2.0,6.082762718200684,6.082762718200684,28.125,82.393,
vin test 8x8 -2,non_urban,5,Probabilistic Foam (PFM),classical,True,3,7,7,5,False,0.004007,0.0,1.0,0.0,1.4142135623730951,4.4721360206604,4.4721360206604,28.125,9.953,
vin test 8x8 -2,non_urban,6,Probabilistic Foam (PFM),classical,True,5,0,4,6,True,0.097581,16.071067690849304,15.0,0.47123889917942036,1.3652472443079384,0.0,6.082762718200684,28.125,81.825,
vin test 8x8 -2,non_urban,7,Probabilistic Foam (PFM),classical,True,1,4,2,0,True,0.021004,4.414213538169861,5.0,0.314159258513271,1.2,0.0,4.123105525970459,28.125,22.113,
vin test 8x8 -2,non_urban,8,Probabilistic Foam (PFM),classical,True,1,0,5,0,True,0.007394,4.828427076339722,5.0,0.31415927220468765,1.612899020449196,0.0,4.0,28.125,23.385,
vin test 8x8 -2,non_urban,9,Probabilistic Foam (PFM),classical,True,7,1,0,2,False,0.022991,0.0,1.0,0.0,1.0,7.071067810058594,7.071067810058594,28.125,27.969,
vin test 8x8 -2,non_urban,10,Probabilistic Foam (PFM),classical,True,3,5,6,6,False,0.011765,0.0,1.0,0.0,1.0,3.1622776985168457,3.1622776985168457,28.125,16.585,
vin test 8x8 -2,non_urban,1,Probabilistic Foam (RBPF),classical,True,0,7,7,0,False,0.082364,0.0,1.0,0.0,1.0,9.899495124816895,9.899495124816895,28.125,108.742,
vin test 8x8 -2,non_urban,2,Probabilistic Foam (RBPF),classical,True,1,0,4,2,True,0.002182,3.8284270763397217,4.0,0.1963495451279298,1.6625703849682212,0.0,3.605551242828369,28.125,12.084,
vin test 8x8 -2,non_urban,3,Probabilistic Foam (RBPF),classical,True,1,2,0,2,True,0.002075,1.0,2.0,0.0,1.0,0.0,1.0,28.125,9.292,
vin test 8x8 -2,non_urban,4,Probabilistic Foam (RBPF),classical,True,0,1,6,0,False,0.109215,0.0,1.0,0.0,2.0,6.082762718200684,6.082762718200684,28.125,83.828,
vin test 8x8 -2,non_urban,5,Probabilistic Foam (RBPF),classical,True,3,7,7,5,False,0.006522,0.0,1.0,0.0,1.4142135623730951,4.4721360206604,4.4721360206604,28.125,7.092,
vin test 8x8 -2,non_urban,6,Probabilistic Foam (RBPF),classical,True,5,0,4,6,False,0.094328,0.0,1.0,0.0,1.0,6.082762718200684,6.082762718200684,28.125,40.548,
vin test 8x8 -2,non_urban,7,Probabilistic Foam (RBPF),classical,True,1,4,2,0,True,0.018268,5.2426406145095825,5.0,0.4712388877699064,1.282842712474619,0.0,4.123105525970459,28.125,20.708,
vin test 8x8 -2,non_urban,8,Probabilistic Foam (RBPF),classical,True,1,0,5,0,True,0.005847,4.828427076339722,5.0,0.31415927220468765,1.612899020449196,0.0,4.0,28.125,22.836,
vin test 8x8 -2,non_urban,9,Probabilistic Foam (RBPF),classical,True,7,1,0,2,False,0.024026,0.0,1.0,0.0,1.0,7.071067810058594,7.071067810058594,28.125,32.214,
vin test 8x8 -2,non_urban,10,Probabilistic Foam (RBPF),classical,True,3,5,6,6,False,0.010883,0.0,1.0,0.0,1.0,3.1622776985168457,3.1622776985168457,28.125,16.844,
vin test 8x8 -2,non_urban,1,Probabilistic Foam (HPF),classical,True,0,7,7,0,False,0.084349,0.0,1.0,0.0,1.0,9.899495124816895,9.899495124816895,28.125,113.758,
vin test 8x8 -2,non_urban,2,Probabilistic Foam (HPF),classical,True,1,0,4,2,True,0.003073,3.8284270763397217,4.0,0.1963495451279298,1.3090169943749475,0.0,3.605551242828369,28.125,13.169,
vin test 8x8 -2,non_urban,3,Probabilistic Foam (HPF),classical,True,1,2,0,2,True,0.000998,2.414213538169861,3.0,0.26179938209439246,1.1380711874576983,0.0,1.0,28.125,10.049,
vin test 8x8 -2,non_urban,4,Probabilistic Foam (HPF),classical,True,0,1,6,0,True,0.041659,11.485281229019165,10.0,0.6283185307179586,1.323606797749979,0.0,6.082762718200684,28.125,70.585,
vin test 8x8 -2,non_urban,5,Probabilistic Foam (HPF),classical,True,3,7,7,5,False,0.007891,0.0,1.0,0.0,1.4142135623730951,4.4721360206604,4.4721360206604,28.125,8.537,
vin test 8x8 -2,non_urban,6,Probabilistic Foam (HPF),classical,True,5,0,4,6,False,0.086084,0.0,1.0,0.0,1.0,6.082762718200684,6.082762718200684,28.125,41.401,
vin test 8x8 -2,non_urban,7,Probabilistic Foam (HPF),classical,True,1,4,2,0,True,0.007369,4.414213538169861,5.0,0.1570796292566355,1.282842712474619,0.0,4.123105525970459,28.125,18.169,
vin test 8x8 -2,non_urban,8,Probabilistic Foam (HPF),classical,True,1,0,5,0,True,0.007917,4.828427076339722,5.0,0.31415927220468765,1.612899020449196,0.0,4.0,28.125,26.945,
vin test 8x8 -2,non_urban,9,Probabilistic Foam (HPF),classical,True,7,1,0,2,False,0.022658,0.0,1.0,0.0,1.0,7.071067810058594,7.071067810058594,28.125,28.897,
vin test 8x8 -2,non_urban,10,Probabilistic Foam (HPF),classical,True,3,5,6,6,False,0.011636,0.0,1.0,0.0,1.0,3.1622776985168457,3.1622776985168457,28.125,19.801,
vin test 8x8 -3,non_urban,1,A*,classical,False,1,7,7,0,True,0.014367,10.656854152679443,10.0,0.47123889803846897,1.5414213562373096,0.0,9.219544410705566,26.5625,87.686,
vin test 8x8 -3,non_urban,2,A*,classical,False,1,0,4,2,True,0.005366,4.414213538169861,5.0,0.3141592653589793,1.082842712474619,0.0,3.605551242828369,26.5625,22.689,
vin test 8x8 -3,non_urban,3,A*,classical,False,1,2,0,2,True,0.001998,1.0,2.0,0.0,1.5,0.0,1.0,26.5625,11.257,
vin test 8x8 -3,non_urban,4,A*,classical,False,0,1,6,0,True,0.00561,6.414213538169861,7.0,0.22439948014620548,1.6643259342675552,0.0,6.082762718200684,26.5625,26.225,
vin test 8x8 -3,non_urban,5,A*,classical,False,4,7,0,6,True,0.004693,4.414213538169861,5.0,0.31415927220468765,1.1656854249492379,0.0,4.123105525970459,26.5625,19.601,
vin test 8x8 -3,non_urban,6,A*,classical,False,5,0,6,6,True,0.014412,10.071067690849304,9.0,0.3490658503988659,1.1373408863888654,0.0,6.082762718200684,26.5625,43.849,
vin test 8x8 -3,non_urban,7,A*,classical,False,0,5,2,0,True,0.006016,5.828427076339722,6.0,0.3926990731415887,1.1380711874576983,0.0,5.385164737701416,26.5625,27.993,
vin test 8x8 -3,non_urban,8,A*,classical,False,1,0,5,0,True,0.004748,4.0,5.0,0.0,1.412899020449196,0.0,4.0,26.5625,21.305,
vin test 8x8 -3,non_urban,9,A*,classical,False,7,1,0,2,True,0.011917,8.242640614509583,8.0,0.1963495451279298,1.5,0.0,7.071067810058594,26.5625,37.377,
vin test 8x8 -3,non_urban,10,A*,classical,False,6,5,7,6,True,0.002321,1.4142135381698608,2.0,0.0,1.5,0.0,1.4142135381698608,26.5625,10.121,
vin test 8x8 -3,non_urban,1,SPRM,classical,False,1,7,7,0,True,0.124873,10.656854152679443,10.0,0.5497787160896409,1.4414213562373095,0.0,9.219544410705566,26.5625,251.947,
vin test 8x8 -3,non_urban,2,SPRM,classical,False,1,0,4,2,True,0.152332,7.828427076339722,8.0,0.5890486268266539,1.301776695296637,0.0,3.605551242828369,26.5625,511.501,
vin test 8x8 -3,non_urban,3,SPRM,classical,False,1,2,0,2,True,0.008386,1.0,2.0,0.0,1.5,0.0,1.0,26.5625,7.112,
vin test 8x8 -3,non_urban,4,SPRM,classical,False,0,1,6,0,True,0.158558,6.414213538169861,7.0,0.22439948014620548,1.6643259342675552,0.0,6.082762718200684,26.5625,507.409,
vin test 8x8 -3,non_urban,5,SPRM,classical,False,4,7,0,6,True,0.140797,4.414213538169861,5.0,0.31415927220468765,1.1656854249492379,0.0,4.123105525970459,26.5625,445.19,
vin test 8x8 -3,non_urban,6,SPRM,classical,False,5,0,6,6,True,0.225612,14.899494767189026,13.0,0.30207621537484386,1.1588073155573833,0.0,6.082762718200684,26.5625,639.984,
vin test 8x8 -3,non_urban,7,SPRM,classical,False,0,5,2,0,True,0.158377,5.828427076339722,6.0,0.13089969104719623,1.4417135899788143,0.0,5.385164737701416,26.5625,585.478,
vin test 8x8 -3,non_urban,8,SPRM,classical,False,1,0,5,0,True,0.008076,4.0,5.0,0.0,1.412899020449196,0.0,4.0,26.5625,9.994,
vin test 8x8 -3,non_urban,9,SPRM,classical,False,7,1,0,2,True,0.120195,8.242640614509583,8.0,0.4908738628198245,1.426776695296637,0.0,7.071067810058594,26.5625,212.342,
vin test 8x8 -3,non_urban,10,SPRM,classical,False,6,5,7,6,True,0.008904,1.4142135381698608,2.0,0.0,1.5,0.0,1.4142135381698608,26.5625,7.112,
vin test 8x8 -3,non_urban,1,RT,classical,False,1,7,7,0,True,0.099405,14.656854152679443,14.0,0.7853981585076567,1.5341934760442197,0.0,9.219544410705566,26.5625,131.698,
vin test 8x8 -3,non_urban,2,RT,classical,False,1,0,4,2,True,0.010189,6.414213538169861,7.0,0.6731984208794497,1.1183467321065985,0.0,3.605551242828369,26.5625,26.29,
vin test 8x8 -3,non_urban,3,RT,classical,False,1,2,0,2,True,0.001998,1.0,2.0,0.0,1.5,0.0,1.0,26.5625,10.965,
vin test 8x8 -3,non_urban,4,RT,classical,False,0,1,6,0,True,0.05048,19.485281229019165,18.0,0.4799655452492334,1.5071661224717756,0.0,6.082762718200684,26.5625,80.184,
vin test 8x8 -3,non_urban,5,RT,classical,False,4,7,0,6,True,0.039294,24.656854152679443,24.0,0.1636246138089953,1.4762313868432386,0.0,4.123105525970459,26.5625,62.338,
vin test 8x8 -3,non_urban,6,RT,classical,False,5,0,6,6,True,2.228126,30.79898953437805,26.0,0.8760210316960524,1.4346370415286835,0.0,6.082762718200684,26.5625,484.309,
vin test 8x8 -3,non_urban,7,RT,classical,False,0,5,2,0,True,0.062269,16.313708305358887,14.0,0.6170985606224816,1.4285714285714286,0.0,5.385164737701416,26.5625,77.453,
vin test 8x8 -3,non_urban,8,RT,classical,False,1,0,5,0,True,1.466298,10.828427076339722,11.0,0.7853981618416054,1.7442647815562224,0.0,4.0,26.5625,511.969,
vin test 8x8 -3,non_urban,9,RT,classical,False,7,1,0,2,True,0.025319,14.242640614509583,14.0,0.44879895295772343,1.391336333187077,0.0,7.071067810058594,26.5625,42.818,
vin test 8x8 -3,non_urban,10,RT,classical,False,6,5,7,6,True,0.054862,3.414213538169861,4.0,0.19634953657079435,1.3535533905932737,0.0,1.4142135381698608,26.5625,79.045,
vin test 8x8 -3,non_urban,1,RRT,classical,False,1,7,7,0,True,0.026497,13.828427076339722,14.0,0.22439947281151795,1.7234993003208545,0.0,9.219544410705566,26.5625,80.935,
vin test 8x8 -3,non_urban,2,RRT,classical,False,1,0,4,2,True,0.142226,5.0,6.0,0.2617993877991494,1.1380711874576983,0.0,3.605551242828369,26.5625,68.209,
vin test 8x8 -3,non_urban,3,RRT,classical,False,1,2,0,2,True,0.166948,1.0,2.0,0.0,1.5,0.0,1.0,26.5625,76.588,
vin test 8x8 -3,non_urban,4,RRT,classical,False,0,1,6,0,True,0.035811,8.41421353816986,9.0,0.5235987794014701,1.9611423933192096,0.0,6.082762718200684,26.5625,55.762,
vin test 8x8 -3,non_urban,5,RRT,classical,False,4,7,0,6,True,0.053222,6.656854152679443,6.0,0.13089969104719623,1.2750469233121475,0.0,4.123105525970459,26.5625,64.91,
vin test 8x8 -3,non_urban,6,RRT,classical,False,5,0,6,6,True,0.157132,17.242640614509583,17.0,0.6005985925190597,1.1558989141101697,0.0,6.082762718200684,26.5625,86.378,
vin test 8x8 -3,non_urban,7,RRT,classical,False,0,5,2,0,True,0.019431,19.727921843528748,17.0,0.6005985965459469,1.415558535426234,0.0,5.385164737701416,26.5625,35.97,
vin test 8x8 -3,non_urban,8,RRT,classical,False,1,0,5,0,True,0.026507,4.0,5.0,0.0,1.412899020449196,0.0,4.0,26.5625,53.59,
vin test 8x8 -3,non_urban,9,RRT,classical,False,7,1,0,2,True,0.034753,8.828427076339722,9.0,0.34906585420203723,1.6476030138606879,0.0,7.071067810058594,26.5625,54.496,
vin test 8x8 -3,non_urban,10,RRT,classical,False,6,5,7,6,True,0.052118,2.0,3.0,0.5235987755982988,1.3333333333333333,0.0,1.4142135381698608,26.5625,59.99,
vin test 8x8 -3,non_urban,1,RRT*,classical,False,1,7,7,0,True,0.15406,10.656854152679443,10.0,0.5497787160896409,1.4414213562373095,0.0,9.219544410705566,26.5625,120.169,
vin test 8x8 -3,non_urban,2,RRT*,classical,False,1,0,4,2,True,0.362923,4.414213538169861,5.0,0.3141592653589793,1.082842712474619,0.0,3.605551242828369,26.5625,94.841,
vin test 8x8 -3,non_urban,3,RRT*,classical,False,1,2,0,2,True,0.009204,1.0,2.0,0.0,1.5,0.0,1.0,26.5625,21.919,
vin test 8x8 -3,non_urban,4,RRT*,classical,False,0,1,6,0,True,0.36401,6.414213538169861,7.0,0.22439948014620548,1.6643259342675552,0.0,6.082762718200684,26.5625,51.607,
vin test 8x8 -3,non_urban,5,RRT*,classical,False,4,7,0,6,True,0.207967,4.414213538169861,5.0,0.31415927220468765,1.1656854249492379,0.0,4.123105525970459,26.5625,45.071,
vin test 8x8 -3,non_urban,6,RRT*,classical,False,5,0,6,6,True,0.435603,12.071067690849304,11.0,0.4283989951051044,1.1123698161363444,0.0,6.082762718200684,26.5625,59.656,
vin test 8x8 -3,non_urban,7,RRT*,classical,False,0,5,2,0,True,0.671537,5.828427076339722,6.0,0.3926990731415887,1.2750469233121475,0.0,5.385164737701416,26.5625,78.687,
vin test 8x8 -3,non_urban,8,RRT*,classical,False,1,0,5,0,True,0.110878,4.0,5.0,0.0,1.412899020449196,0.0,4.0,26.5625,73.731,
vin test 8x8 -3,non_urban,9,RRT*,classical,False,7,1,0,2,True,0.147211,8.242640614509583,8.0,0.3926990902558596,1.375,0.0,7.071067810058594,26.5625,82.963,
vin test 8x8 -3,non_urban,10,RRT*,classical,False,6,5,7,6,True,0.164016,1.4142135381698608,2.0,0.0,1.5,0.0,1.4142135381698608,26.5625,57.183,
vin test 8x8 -3,non_urban,1,RRT-Connect,classical,False,,,,,False,,,,,,,,,,name 'n' is not defined
vin test 8x8 -3,non_urban,2,RRT-Connect,classical,False,,,,,False,,,,,,,,,,name 'n' is not defined
vin test 8x8 -3,non_urban,3,RRT-Connect,classical,False,,,,,False,,,,,,,,,,name 'n' is not defined
vin test 8x8 -3,non_urban,4,RRT-Connect,classical,False,,,,,False,,,,,,,,,,name 'n' is not defined
vin test 8x8 -3,non_urban,5,RRT-Connect,classical,False,,,,,False,,,,,,,,,,name 'n' is not defined
vin test 8x8 -3,non_urban,6,RRT-Connect,classical,False,,,,,False,,,,,,,,,,name 'n' is not defined
vin test 8x8 -3,non_urban,7,RRT-Connect,classical,False,,,,,False,,,,,,,,,,name 'n' is not defined
vin test 8x8 -3,non_urban,8,RRT-Connect,classical,False,,,,,False,,,,,,,,,,name 'n' is not defined
vin test 8x8 -3,non_urban,9,RRT-Connect,classical,False,,,,,False,,,,,,,,,,name 'n' is not defined
vin test 8x8 -3,non_urban,10,RRT-Connect,classical,False,,,,,False,,,,,,,,,,name 'n' is not defined
Long Wall,non_urban,1,RRT-Connect,classical,False,,,,,False,,,,,,,,,,name 'n' is not defined
Long Wall,non_urban,2,RRT-Connect,classical,False,,,,,False,,,,,,,,,,name 'n' is not defined
Long Wall,non_urban,3,RRT-Connect,classical,False,,,,,False,,,,,,,,,,name 'n' is not defined
Long Wall,non_urban,4,RRT-Connect,classical,False,,,,,False,,,,,,,,,,name 'n' is not defined
Long Wall,non_urban,5,RRT-Connect,classical,False,,,,,False,,,,,,,,,,name 'n' is not defined
Long Wall,non_urban,6,RRT-Connect,classical,False,,,,,False,,,,,,,,,,name 'n' is not defined
Long Wall,non_urban,7,RRT-Connect,classical,False,,,,,False,,,,,,,,,,name 'n' is not defined
Long Wall,non_urban,8,RRT-Connect,classical,False,,,,,False,,,,,,,,,,name 'n' is not defined
Long Wall,non_urban,9,RRT-Connect,classical,False,,,,,False,,,,,,,,,,name 'n' is not defined
Long Wall,non_urban,10,RRT-Connect,classical,False,,,,,False,,,,,,,,,,name 'n' is not defined
vin test 8x8 -3,non_urban,1,Wave-front,classical,False,1,7,7,0,True,0.019389,11.485281229019165,10.0,0.39269907998729703,1.3414213562373096,0.0,9.219544410705566,26.5625,67.398,
vin test 8x8 -3,non_urban,2,Wave-front,classical,False,1,0,4,2,True,0.007851,4.414213538169861,5.0,0.3141592653589793,1.082842712474619,0.0,3.605551242828369,26.5625,20.625,
vin test 8x8 -3,non_urban,3,Wave-front,classical,False,1,2,0,2,True,0.001872,1.0,2.0,0.0,1.5,0.0,1.0,26.5625,7.825,
vin test 8x8 -3,non_urban,4,Wave-front,classical,False,0,1,6,0,True,0.01136,6.414213538169861,7.0,0.22439948014620548,1.6643259342675552,0.0,6.082762718200684,26.5625,25.937,
vin test 8x8 -3,non_urban,5,Wave-front,classical,False,4,7,0,6,True,0.008865,4.414213538169861,5.0,0.15707963610234382,1.248528137423857,0.0,4.123105525970459,26.5625,21.447,
vin test 8x8 -3,non_urban,6,Wave-front,classical,False,5,0,6,6,True,0.019238,10.071067690849304,9.0,0.3490658503988659,1.1373408863888654,0.0,6.082762718200684,26.5625,34.953,
vin test 8x8 -3,non_urban,7,Wave-front,classical,False,0,5,2,0,True,0.012044,5.828427076339722,6.0,0.13089969104719623,1.4417135899788143,0.0,5.385164737701416,26.5625,22.055,
vin test 8x8 -3,non_urban,8,Wave-front,classical,False,1,0,5,0,True,0.008943,4.0,5.0,0.0,1.412899020449196,0.0,4.0,26.5625,31.177,
vin test 8x8 -3,non_urban,9,Wave-front,classical,False,7,1,0,2,True,0.01957,8.242640614509583,8.0,0.2945243176918947,1.5,0.0,7.071067810058594,26.5625,34.209,
vin test 8x8 -3,non_urban,10,Wave-front,classical,False,6,5,7,6,True,0.002119,1.4142135381698608,2.0,0.0,1.5,0.0,1.4142135381698608,26.5625,7.769,
vin test 8x8 -3,non_urban,1,Dijkstra,classical,False,1,7,7,0,True,0.022297,10.656854152679443,10.0,0.39269907998729703,1.3414213562373096,0.0,9.219544410705566,26.5625,94.462,
vin test 8x8 -3,non_urban,2,Dijkstra,classical,False,1,0,4,2,True,0.0104,4.414213538169861,5.0,0.3141592653589793,1.082842712474619,0.0,3.605551242828369,26.5625,30.313,
vin test 8x8 -3,non_urban,3,Dijkstra,classical,False,1,2,0,2,True,0.002748,1.0,2.0,0.0,1.5,0.0,1.0,26.5625,10.041,
vin test 8x8 -3,non_urban,4,Dijkstra,classical,False,0,1,6,0,True,0.014803,6.414213538169861,7.0,0.22439948014620548,1.6643259342675552,0.0,6.082762718200684,26.5625,42.345,
vin test 8x8 -3,non_urban,5,Dijkstra,classical,False,4,7,0,6,True,0.009235,4.414213538169861,5.0,0.15707963610234382,1.248528137423857,0.0,4.123105525970459,26.5625,32.713,
vin test 8x8 -3,non_urban,6,Dijkstra,classical,False,5,0,6,6,True,0.019886,10.071067690849304,9.0,0.3490658503988659,1.1373408863888654,0.0,6.082762718200684,26.5625,52.785,
vin test 8x8 -3,non_urban,7,Dijkstra,classical,False,0,5,2,0,True,0.013857,5.828427076339722,6.0,0.13089969104719623,1.4417135899788143,0.0,5.385164737701416,26.5625,23.577,
vin test 8x8 -3,non_urban,8,Dijkstra,classical,False,1,0,5,0,True,0.007861,4.0,5.0,0.0,1.412899020449196,0.0,4.0,26.5625,34.969,
vin test 8x8 -3,non_urban,9,Dijkstra,classical,False,7,1,0,2,True,0.015384,8.242640614509583,8.0,0.2945243176918947,1.5,0.0,7.071067810058594,26.5625,40.585,
vin test 8x8 -3,non_urban,10,Dijkstra,classical,False,6,5,7,6,True,0.002977,1.4142135381698608,2.0,0.0,1.5,0.0,1.4142135381698608,26.5625,13.657,
Long Wall,non_urban,1,Wave-front,classical,False,9,22,15,3,True,0.266008,21.485281229019165,20.0,0.03926990731415887,2.900446345900088,0.0,19.92485809326172,7.670454545454546,104.054,
Long Wall,non_urban,2,Wave-front,classical,False,25,0,15,25,True,0.406656,29.14213538169861,26.0,0.030207621010891438,6.273200299738386,0.0,26.925823211669922,7.670454545454546,34.119,
Long Wall,non_urban,3,Wave-front,classical,False,18,8,19,7,True,0.001998,1.4142135381698608,2.0,0.0,1.618033988749895,0.0,1.4142135381698608,7.670454545454546,13.817,
Long Wall,non_urban,4,Wave-front,classical,False,30,6,10,4,True,0.311772,20.82842707633972,21.0,0.03739991335770091,5.345201346806259,0.0,20.099750518798828,7.670454545454546,37.943,
Long Wall,non_urban,5,Wave-front,classical,False,10,25,5,3,True,0.217264,24.071067690849304,23.0,0.1024432364717188,3.839548498860226,0.0,22.56102752685547,7.670454545454546,36.919,
Long Wall,non_urban,6,Wave-front,classical,False,14,23,14,25,True,0.003003,2.0,3.0,0.0,6.08428328525216,0.0,2.0,7.670454545454546,21.049,
Long Wall,non_urban,7,Wave-front,classical,False,4,30,12,19,True,0.128361,14.313708305358887,12.0,0.06544984552359812,9.064567432242175,0.0,13.601470947265625,7.670454545454546,128.287,
Long Wall,non_urban,8,Wave-front,classical,False,23,2,25,20,True,0.234761,18.82842707633972,19.0,0.04133674454121986,5.016411406316447,0.0,18.11077117919922,7.670454545454546,33.511,
Long Wall,non_urban,9,Wave-front,classical,False,25,14,32,0,True,0.081194,16.899494767189026,15.0,0.052359876418878494,8.736787720691515,0.0,15.65247631072998,7.670454545454546,23.753,
Long Wall,non_urban,10,Wave-front,classical,False,30,0,29,2,True,0.002006,2.414213538169861,3.0,0.26179938209439246,13.961662541912034,0.0,2.2360680103302,7.670454545454546,15.961,
vin test 8x8 -3,non_urban,1,Potential Field,classical,False,1,7,7,0,True,0.058001,10.656854152679443,10.0,0.31415926193612514,1.5650281539872886,0.0,9.219544410705566,26.5625,134.318,
vin test 8x8 -3,non_urban,2,Potential Field,classical,False,1,0,4,2,True,0.063411,4.414213538169861,5.0,0.3141592653589793,1.082842712474619,0.0,3.605551242828369,26.5625,57.047,
vin test 8x8 -3,non_urban,3,Potential Field,classical,False,1,2,0,2,True,0.04877,1.0,2.0,0.0,1.5,0.0,1.0,26.5625,30.607,
vin test 8x8 -3,non_urban,4,Potential Field,classical,False,0,1,6,0,True,0.04488,6.414213538169861,7.0,0.11219974007310274,1.7234993003208543,0.0,6.082762718200684,26.5625,34.263,
vin test 8x8 -3,non_urban,5,Potential Field,classical,False,4,7,0,6,True,0.043158,5.2426406145095825,5.0,0.15707963610234382,1.082842712474619,0.0,4.123105525970459,26.5625,33.687,
vin test 8x8 -3,non_urban,6,Potential Field,classical,False,5,0,6,6,True,0.048062,12.656854152679443,12.0,0.5235987755982988,1.1863389981249826,0.0,6.082762718200684,26.5625,38.431,
vin test 8x8 -3,non_urban,7,Potential Field,classical,False,0,5,2,0,True,0.041214,6.656854152679443,6.0,0.5235987641887849,1.0,0.0,5.385164737701416,26.5625,35.127,
vin test 8x8 -3,non_urban,8,Potential Field,classical,False,1,0,5,0,True,0.042734,4.0,5.0,0.0,1.412899020449196,0.0,4.0,26.5625,98.657,
vin test 8x8 -3,non_urban,9,Potential Field,classical,False,7,1,0,2,True,0.043927,8.242640614509583,8.0,0.2945243176918947,1.25,0.0,7.071067810058594,26.5625,68.663,
vin test 8x8 -3,non_urban,10,Potential Field,classical,False,6,5,7,6,True,0.04165,1.4142135381698608,2.0,0.0,1.5,0.0,1.4142135381698608,26.5625,34.327,
Long Wall,non_urban,1,Dijkstra,classical,False,9,22,15,3,True,0.304219,21.485281229019165,20.0,0.03926990731415887,2.900446345900088,0.0,19.92485809326172,7.670454545454546,406.721,
Long Wall,non_urban,2,Dijkstra,classical,False,25,0,15,25,True,0.357209,29.14213538169861,26.0,0.030207621010891438,6.273200299738386,0.0,26.925823211669922,7.670454545454546,327.024,
Long Wall,non_urban,3,Dijkstra,classical,False,18,8,19,7,True,0.004337,1.4142135381698608,2.0,0.0,1.618033988749895,0.0,1.4142135381698608,7.670454545454546,20.009,
Long Wall,non_urban,4,Dijkstra,classical,False,30,6,10,4,True,0.188887,20.82842707633972,21.0,0.03739991335770091,5.345201346806259,0.0,20.099750518798828,7.670454545454546,214.617,
Long Wall,non_urban,5,Dijkstra,classical,False,10,25,5,3,True,0.316766,24.071067690849304,23.0,0.1024432364717188,3.839548498860226,0.0,22.56102752685547,7.670454545454546,338.121,
Long Wall,non_urban,6,Dijkstra,classical,False,14,23,14,25,True,0.00878,2.0,3.0,0.0,6.08428328525216,0.0,2.0,7.670454545454546,26.553,
Long Wall,non_urban,7,Dijkstra,classical,False,4,30,12,19,True,0.101582,14.313708305358887,12.0,0.06544984552359812,9.064567432242175,0.0,13.601470947265625,7.670454545454546,217.425,
Long Wall,non_urban,8,Dijkstra,classical,False,23,2,25,20,True,0.179984,18.82842707633972,19.0,0.04133674454121986,5.016411406316447,0.0,18.11077117919922,7.670454545454546,205.001,
Long Wall,non_urban,9,Dijkstra,classical,False,25,14,32,0,True,0.227703,16.899494767189026,15.0,0.052359876418878494,8.736787720691515,0.0,15.65247631072998,7.670454545454546,241.873,
Long Wall,non_urban,10,Dijkstra,classical,False,30,0,29,2,True,0.005931,2.414213538169861,3.0,0.26179938209439246,13.961662541912034,0.0,2.2360680103302,7.670454545454546,23.553,
vin test 8x8 -3,non_urban,1,Probabilistic Foam (GBPF),classical,True,1,7,7,0,True,0.071323,14.656854152679443,14.0,0.44879894317814006,1.6939126172942047,0.0,9.219544410705566,26.5625,98.324,
vin test 8x8 -3,non_urban,2,Probabilistic Foam (GBPF),classical,True,1,0,4,2,True,0.022234,7.2426406145095825,7.0,0.6731984257692414,1.2612038749637413,0.0,3.605551242828369,26.5625,31.829,
vin test 8x8 -3,non_urban,3,Probabilistic Foam (GBPF),classical,True,1,2,0,2,True,0.001082,2.414213538169861,3.0,0.26179938209439246,1.4714045207910316,0.0,1.0,26.5625,9.949,
vin test 8x8 -3,non_urban,4,Probabilistic Foam (GBPF),classical,True,0,1,6,0,True,0.016625,6.414213538169861,7.0,0.22439948014620548,1.6643259342675552,0.0,6.082762718200684,26.5625,30.717,
vin test 8x8 -3,non_urban,5,Probabilistic Foam (GBPF),classical,True,4,7,0,6,True,0.004711,4.414213538169861,5.0,0.31415927220468765,1.1656854249492379,0.0,4.123105525970459,26.5625,16.133,
vin test 8x8 -3,non_urban,6,Probabilistic Foam (GBPF),classical,True,5,0,6,6,True,0.856842,17.82842707633972,18.0,0.3054326181482148,1.2754120738465642,0.0,6.082762718200684,26.5625,117.761,
vin test 8x8 -3,non_urban,7,Probabilistic Foam (GBPF),classical,True,0,5,2,0,True,0.017914,6.414213538169861,7.0,0.4487989456230359,1.1775200981598977,0.0,5.385164737701416,26.5625,23.229,
vin test 8x8 -3,non_urban,8,Probabilistic Foam (GBPF),classical,True,1,0,5,0,True,0.011005,4.0,5.0,0.0,1.412899020449196,0.0,4.0,26.5625,24.637,
vin test 8x8 -3,non_urban,9,Probabilistic Foam (GBPF),classical,True,7,1,0,2,True,0.068094,10.242640614509583,10.0,0.47123890146132313,1.4650281539872885,0.0,7.071067810058594,26.5625,52.887,
vin test 8x8 -3,non_urban,10,Probabilistic Foam (GBPF),classical,True,6,5,7,6,True,0.002926,2.0,3.0,0.5235987755982988,1.3333333333333333,0.0,1.4142135381698608,26.5625,11.413,
vin test 8x8 -3,non_urban,1,Probabilistic Foam (PFM),classical,True,1,7,7,0,False,0.004447,0.0,1.0,0.0,1.4142135623730951,9.219544410705566,9.219544410705566,26.5625,39.406,
vin test 8x8 -3,non_urban,2,Probabilistic Foam (PFM),classical,True,1,0,4,2,False,0.039412,0.0,1.0,0.0,1.4142135623730951,3.605551242828369,3.605551242828369,26.5625,46.153,
vin test 8x8 -3,non_urban,3,Probabilistic Foam (PFM),classical,True,1,2,0,2,True,0.001008,2.414213538169861,3.0,0.26179938209439246,1.74535599249993,0.0,1.0,26.5625,10.585,
vin test 8x8 -3,non_urban,4,Probabilistic Foam (PFM),classical,True,0,1,6,0,True,0.030565,7.2426406145095825,7.0,0.22439948014620548,1.68977530353517,0.0,6.082762718200684,26.5625,55.041,
vin test 8x8 -3,non_urban,5,Probabilistic Foam (PFM),classical,True,4,7,0,6,True,0.035854,11.242640614509583,11.0,0.7139983396963735,1.128564869306645,0.0,4.123105525970459,26.5625,61.753,
vin test 8x8 -3,non_urban,6,Probabilistic Foam (PFM),classical,True,5,0,6,6,True,0.066289,10.656854152679443,10.0,0.6283185307179586,1.123606797749979,0.0,6.082762718200684,26.5625,39.345,
vin test 8x8 -3,non_urban,7,Probabilistic Foam (PFM),classical,True,0,5,2,0,True,0.024879,7.2426406145095825,7.0,0.560998680806347,1.4040610178208843,0.0,5.385164737701416,26.5625,24.737,
vin test 8x8 -3,non_urban,8,Probabilistic Foam (PFM),classical,True,1,0,5,0,False,0.07988,0.0,1.0,0.0,1.4142135623730951,4.0,4.0,26.5625,93.953,
vin test 8x8 -3,non_urban,9,Probabilistic Foam (PFM),classical,True,7,1,0,2,False,0.011805,0.0,1.0,0.0,2.0,7.071067810058594,7.071067810058594,26.5625,18.673,
vin test 8x8 -3,non_urban,10,Probabilistic Foam (PFM),classical,True,6,5,7,6,True,0.001598,2.0,3.0,0.5235987755982988,1.3333333333333333,0.0,1.4142135381698608,26.5625,9.737,
vin test 8x8 -3,non_urban,1,Probabilistic Foam (RBPF),classical,True,1,7,7,0,False,0.005508,0.0,1.0,0.0,1.4142135623730951,9.219544410705566,9.219544410705566,26.5625,41.598,
vin test 8x8 -3,non_urban,2,Probabilistic Foam (RBPF),classical,True,1,0,4,2,False,0.001508,0.0,1.0,0.0,1.4142135623730951,3.605551242828369,3.605551242828369,26.5625,6.204,
vin test 8x8 -3,non_urban,3,Probabilistic Foam (RBPF),classical,True,1,2,0,2,True,0.002014,2.414213538169861,3.0,0.26179938209439246,1.4714045207910316,0.0,1.0,26.5625,11.916,
vin test 8x8 -3,non_urban,4,Probabilistic Foam (RBPF),classical,True,0,1,6,0,True,0.04342,7.2426406145095825,7.0,0.44879896029241095,1.6306019374818708,0.0,6.082762718200684,26.5625,60.804,
vin test 8x8 -3,non_urban,5,Probabilistic Foam (RBPF),classical,True,4,7,0,6,True,0.012154,5.2426406145095825,5.0,0.15707963610234382,1.082842712474619,0.0,4.123105525970459,26.5625,26.444,
vin test 8x8 -3,non_urban,6,Probabilistic Foam (RBPF),classical,True,5,0,6,6,True,0.056171,12.899494767189026,11.0,0.3569991636248155,1.1123698161363444,0.0,6.082762718200684,26.5625,78.54,
vin test 8x8 -3,non_urban,7,Probabilistic Foam (RBPF),classical,True,0,5,2,0,True,0.019679,7.2426406145095825,7.0,0.673198415989658,1.4632343838741837,0.0,5.385164737701416,26.5625,20.292,
vin test 8x8 -3,non_urban,8,Probabilistic Foam (RBPF),classical,True,1,0,5,0,False,0.05786,0.0,1.0,0.0,1.4142135623730951,4.0,4.0,26.5625,86.036,
vin test 8x8 -3,non_urban,9,Probabilistic Foam (RBPF),classical,True,7,1,0,2,True,0.020005,8.242640614509583,8.0,0.4908738628198245,1.551776695296637,0.0,7.071067810058594,26.5625,42.972,
vin test 8x8 -3,non_urban,10,Probabilistic Foam (RBPF),classical,True,6,5,7,6,True,0.00151,2.0,3.0,0.5235987755982988,1.3333333333333333,0.0,1.4142135381698608,26.5625,9.852,
vin test 8x8 -3,non_urban,1,Probabilistic Foam (HPF),classical,True,1,7,7,0,False,0.005108,0.0,1.0,0.0,1.4142135623730951,9.219544410705566,9.219544410705566,26.5625,39.886,
vin test 8x8 -3,non_urban,2,Probabilistic Foam (HPF),classical,True,1,0,4,2,False,0.075132,0.0,1.0,0.0,1.4142135623730951,3.605551242828369,3.605551242828369,26.5625,74.489,
vin test 8x8 -3,non_urban,3,Probabilistic Foam (HPF),classical,True,1,2,0,2,True,0.002001,2.414213538169861,3.0,0.26179938209439246,1.4714045207910316,0.0,1.0,26.5625,11.769,
vin test 8x8 -3,non_urban,4,Probabilistic Foam (HPF),classical,True,0,1,6,0,True,0.012449,7.2426406145095825,7.0,0.22439948014620548,1.68977530353517,0.0,6.082762718200684,26.5625,30.041,
vin test 8x8 -3,non_urban,5,Probabilistic Foam (HPF),classical,True,4,7,0,6,True,0.027986,12.656854152679443,12.0,0.5235987784506774,1.1523689270621826,0.0,4.123105525970459,26.5625,57.345,
vin test 8x8 -3,non_urban,6,Probabilistic Foam (HPF),classical,True,5,0,6,6,True,0.031771,11.242640614509583,11.0,0.6425984957693421,1.1123698161363444,0.0,6.082762718200684,26.5625,33.497,
vin test 8x8 -3,non_urban,7,Probabilistic Foam (HPF),classical,True,0,5,2,0,True,0.019842,7.828427076339722,8.0,0.4908738457055536,1.5080618877807477,0.0,5.385164737701416,26.5625,26.385,
vin test 8x8 -3,non_urban,8,Probabilistic Foam (HPF),classical,True,1,0,5,0,False,0.060454,0.0,1.0,0.0,1.4142135623730951,4.0,4.0,26.5625,96.609,
vin test 8x8 -3,non_urban,9,Probabilistic Foam (HPF),classical,True,7,1,0,2,True,0.014841,9.656854152679443,9.0,0.6981317084040745,1.627809059985876,0.0,7.071067810058594,26.5625,38.665,
vin test 8x8 -3,non_urban,10,Probabilistic Foam (HPF),classical,True,6,5,7,6,True,0.001199,2.0,3.0,0.5235987755982988,1.3333333333333333,0.0,1.4142135381698608,26.5625,10.001,
vin test 16x16 -1,non_urban,1,A*,classical,False,9,12,12,1,True,0.023946,15.071067690849304,14.0,0.44879894317814006,1.4595698857292985,0.0,11.401754379272461,16.796875,110.358,
vin test 16x16 -1,non_urban,2,A*,classical,False,6,0,5,14,True,0.011547,14.41421353816986,15.0,0.10471975283775699,1.8860845243106892,0.0,14.03566837310791,16.796875,57.433,
vin test 16x16 -1,non_urban,3,A*,classical,False,11,4,3,4,True,0.007449,8.0,9.0,0.0,1.8331637224951285,0.0,8.0,16.796875,37.465,
vin test 16x16 -1,non_urban,4,A*,classical,False,14,3,3,2,True,0.021248,12.242640614509583,12.0,0.1963495451279298,1.6571957931143897,0.0,11.045360565185547,16.796875,63.457,
vin test 16x16 -1,non_urban,5,A*,classical,False,4,14,10,1,True,0.026226,15.485281229019165,14.0,0.3926990731415887,1.4627649046156483,0.0,14.317821502685547,16.796875,49.665,
vin test 16x16 -1,non_urban,6,A*,classical,False,4,13,5,14,True,0.001999,1.4142135381698608,2.0,0.0,1.2071067811865475,0.0,1.4142135381698608,16.796875,10.969,
vin test 16x16 -1,non_urban,7,A*,classical,False,10,10,6,1,True,0.023025,16.313708305358887,14.0,0.3926990853660679,1.0714285714285714,0.0,9.848857879638672,16.796875,47.273,
vin test 16x16 -1,non_urban,8,A*,classical,False,12,11,8,7,True,0.028849,12.242640614509583,12.0,0.327249236175126,1.0,0.0,5.656854152679443,16.796875,91.553,
vin test 16x16 -1,non_urban,9,A*,classical,False,8,0,7,0,True,0.001372,1.0,2.0,0.0,2.0,0.0,1.0,16.796875,13.665,
vin test 16x16 -1,non_urban,10,A*,classical,False,7,1,12,3,True,0.007877,5.828427076339722,6.0,0.3926990902558596,1.4417135899788143,0.0,5.385164737701416,16.796875,35.537,
vin test 16x16 -1,non_urban,1,SPRM,classical,False,9,12,12,1,True,0.232149,18.727921843528748,16.0,0.44178646370213887,1.4427662462551916,0.0,11.401754379272461,16.796875,630.125,
vin test 16x16 -1,non_urban,2,SPRM,classical,False,6,0,5,14,True,0.180618,16.071067690849304,15.0,0.5235987641887849,1.617493701663758,0.0,14.03566837310791,16.796875,436.683,
vin test 16x16 -1,non_urban,3,SPRM,classical,False,11,4,3,4,True,0.010233,8.0,9.0,0.0,1.8331637224951285,0.0,8.0,16.796875,12.17,
vin test 16x16 -1,non_urban,4,SPRM,classical,False,14,3,3,2,True,0.171371,17.656854152679443,17.0,0.4619989236724451,2.4513967986837404,0.0,11.045360565185547,16.796875,485.617,
vin test 16x16 -1,non_urban,5,SPRM,classical,False,4,14,10,1,True,0.157651,18.41421353816986,19.0,0.16534697996638165,1.5668408699620744,0.0,14.317821502685547,16.796875,197.462,
vin test 16x16 -1,non_urban,6,SPRM,classical,False,4,13,5,14,True,0.007349,1.4142135381698608,2.0,0.0,1.2071067811865475,0.0,1.4142135381698608,16.796875,8.378,
vin test 16x16 -1,non_urban,7,SPRM,classical,False,10,10,6,1,True,0.502653,42.21320307254791,37.0,0.5731283890436984,1.991732605482193,0.0,9.848857879638672,16.796875,874.312,
vin test 16x16 -1,non_urban,8,SPRM,classical,False,12,11,8,7,True,0.541239,27.899494767189026,26.0,0.5739448097387965,1.7022300157301504,0.0,5.656854152679443,16.796875,809.558,
vin test 16x16 -1,non_urban,9,SPRM,classical,False,8,0,7,0,True,0.012051,1.0,2.0,0.0,2.0,0.0,1.0,16.796875,8.33,
vin test 16x16 -1,non_urban,10,SPRM,classical,False,7,1,12,3,True,0.01167,5.828427076339722,6.0,0.5235987870078128,1.4023689270621826,0.0,5.385164737701416,16.796875,10.546,
Long Wall,non_urban,1,Potential Field,classical,False,9,22,15,3,True,2.52892,30.213203072547913,25.0,0.3455751898411647,1.9080573395005218,0.0,19.92485809326172,7.670454545454546,465.327,
Long Wall,non_urban,2,Potential Field,classical,False,25,0,15,25,True,2.628307,37.870057225227356,31.0,0.2786896692267457,3.1586005018217755,0.0,26.925823211669922,7.670454545454546,413.655,
Long Wall,non_urban,3,Potential Field,classical,False,18,8,19,7,True,2.526602,1.4142135381698608,2.0,0.0,1.618033988749895,0.0,1.4142135381698608,7.670454545454546,403.279,
Long Wall,non_urban,4,Potential Field,classical,False,30,6,10,4,True,2.541802,20.82842707633972,21.0,0.03739991335770091,6.699084041851491,0.0,20.099750518798828,7.670454545454546,450.903,
Long Wall,non_urban,5,Potential Field,classical,False,10,25,5,3,True,2.611493,24.071067690849304,23.0,0.03414774549057293,6.652774745150701,0.0,22.56102752685547,7.670454545454546,557.495,
Long Wall,non_urban,6,Potential Field,classical,False,14,23,14,25,True,2.462635,2.0,3.0,0.0,6.08428328525216,0.0,2.0,7.670454545454546,430.983,
Long Wall,non_urban,7,Potential Field,classical,False,4,30,12,19,True,2.652595,14.313708305358887,12.0,0.06544984552359812,8.218568287688045,0.0,13.601470947265625,7.670454545454546,443.228,
Long Wall,non_urban,8,Potential Field,classical,False,23,2,25,20,True,2.482188,18.82842707633972,19.0,0.04133674454121986,6.508771515299801,0.0,18.11077117919922,7.670454545454546,463.624,
Long Wall,non_urban,9,Potential Field,classical,False,25,14,32,0,True,2.577785,16.899494767189026,15.0,0.052359876418878494,11.745841293919353,0.0,15.65247631072998,7.670454545454546,495.135,
Long Wall,non_urban,10,Potential Field,classical,False,30,0,29,2,True,2.478785,2.414213538169861,3.0,0.26179938209439246,13.708647089752638,0.0,2.2360680103302,7.670454545454546,402.583,
Long Wall,non_urban,1,Probabilistic Foam (GBPF),classical,True,9,22,15,3,True,0.017812,35.72792184352875,33.0,0.4997988255481649,2.570599924198287,0.0,19.92485809326172,7.670454545454546,108.063,
Long Wall,non_urban,2,Probabilistic Foam (GBPF),classical,True,25,0,15,25,True,0.007056,29.97056245803833,26.0,0.2718685890980229,6.066885337036203,0.0,26.925823211669922,7.670454545454546,40.013,
Long Wall,non_urban,3,Probabilistic Foam (GBPF),classical,True,18,8,19,7,True,0.001377,2.0,3.0,0.5235987755982988,1.74535599249993,0.0,1.4142135381698608,7.670454545454546,13.869,
Long Wall,non_urban,4,Probabilistic Foam (GBPF),classical,True,30,6,10,4,True,0.009623,25.313708305358887,23.0,0.4780684517499956,7.680334350117975,0.0,20.099750518798828,7.670454545454546,29.885,
Long Wall,non_urban,5,Probabilistic Foam (GBPF),classical,True,10,25,5,3,True,0.010923,24.071067690849304,23.0,0.30732970941515636,6.278792422806253,0.0,22.56102752685547,7.670454545454546,31.653,
Long Wall,non_urban,6,Probabilistic Foam (GBPF),classical,True,14,23,14,25,True,0.001927,8.0,9.0,0.0,7.734342117957198,0.0,2.0,7.670454545454546,17.037,
Long Wall,non_urban,7,Probabilistic Foam (GBPF),classical,True,4,30,12,19,True,0.003751,16.313708305358887,14.0,0.5048988083248998,7.647042610955288,0.0,13.601470947265625,7.670454545454546,18.997,
Long Wall,non_urban,8,Probabilistic Foam (GBPF),classical,True,23,2,25,20,True,0.004501,25.55634891986847,22.0,0.5354987392138522,7.655958465722025,0.0,18.11077117919922,7.670454545454546,41.405,
Long Wall,non_urban,9,Probabilistic Foam (GBPF),classical,True,25,14,32,0,True,0.008531,18.656854152679443,18.0,0.4363323129985824,9.520413895955228,0.0,15.65247631072998,7.670454545454546,43.597,
Long Wall,non_urban,10,Probabilistic Foam (GBPF),classical,True,30,0,29,2,True,0.007866,9.485281229019165,8.0,0.39269908169872414,11.881140772725471,0.0,2.2360680103302,7.670454545454546,28.477,
Long Wall,non_urban,1,Probabilistic Foam (PFM),classical,True,9,22,15,3,True,0.120179,50.21320307254791,45.0,0.47123889309434647,8.901511259087357,0.0,19.92485809326172,7.670454545454546,126.134,
Long Wall,non_urban,2,Probabilistic Foam (PFM),classical,True,25,0,15,25,True,0.123487,49.76955199241638,40.0,0.5890486131352375,9.95991461190718,0.0,26.925823211669922,7.670454545454546,44.083,
Long Wall,non_urban,3,Probabilistic Foam (PFM),classical,True,18,8,19,7,True,0.002078,2.0,3.0,0.5235987755982988,1.5500938466242948,0.0,1.4142135381698608,7.670454545454546,14.713,
Long Wall,non_urban,4,Probabilistic Foam (PFM),classical,True,30,6,10,4,True,0.050255,24.14213538169861,21.0,0.6731984404386167,7.352509628627557,0.0,20.099750518798828,7.670454545454546,28.457,
Long Wall,non_urban,5,Probabilistic Foam (PFM),classical,True,10,25,5,3,True,0.066589,38.55634891986847,35.0,0.2468394174032843,9.957571603534493,0.0,22.56102752685547,7.670454545454546,36.817,
Long Wall,non_urban,6,Probabilistic Foam (PFM),classical,True,14,23,14,25,True,0.002556,10.485281229019165,9.0,0.3490658503988659,7.887468177266186,0.0,2.0,7.670454545454546,18.273,
Long Wall,non_urban,7,Probabilistic Foam (PFM),classical,True,4,30,12,19,False,0.323722,0.0,1.0,0.0,15.264337522473747,13.601470947265625,13.601470947265625,7.670454545454546,43.097,
Long Wall,non_urban,8,Probabilistic Foam (PFM),classical,True,23,2,25,20,True,0.028015,29.313708305358887,27.0,0.5235987679919565,9.628338386782685,0.0,18.11077117919922,7.670454545454546,70.459,
Long Wall,non_urban,9,Probabilistic Foam (PFM),classical,True,25,14,32,0,True,0.029597,24.899494767189026,23.0,0.23903421843401051,11.540278952003058,0.0,15.65247631072998,7.670454545454546,68.639,
Long Wall,non_urban,10,Probabilistic Foam (PFM),classical,True,30,0,29,2,False,0.404243,0.0,1.0,0.0,14.866068747318506,2.2360680103302,2.2360680103302,7.670454545454546,65.033,
vin test 16x16 -1,non_urban,1,RT,classical,False,9,12,12,1,True,2.389148,66.87005722522736,60.0,0.49741883738885984,2.3465495708122135,0.0,11.401754379272461,16.796875,580.145,
vin test 16x16 -1,non_urban,2,RT,classical,False,6,0,5,14,True,1.057071,35.72792184352875,33.0,0.5235987683376994,2.2869135101304696,0.0,14.03566837310791,16.796875,308.909,
vin test 16x16 -1,non_urban,3,RT,classical,False,11,4,3,4,True,0.959576,15.071067690849304,14.0,0.504898820549379,2.5460630884228292,0.0,8.0,16.796875,298.458,
vin test 16x16 -1,non_urban,4,RT,classical,False,14,3,3,2,True,0.422973,46.14213538169861,43.0,0.4748919127519457,2.6353558317788828,0.0,11.045360565185547,16.796875,198.714,
vin test 16x16 -1,non_urban,5,RT,classical,False,4,14,10,1,True,0.119354,34.55634891986847,31.0,0.5067084892020434,2.588283597950989,0.0,14.317821502685547,16.796875,106.418,
vin test 16x16 -1,non_urban,6,RT,classical,False,4,13,5,14,True,2.083476,36.72792184352875,34.0,0.6467984804567284,1.6413414497594536,0.0,1.4142135381698608,16.796875,455.031,
vin test 16x16 -1,non_urban,7,RT,classical,False,10,10,6,1,True,0.065568,35.14213538169861,32.0,0.6626797062496278,1.9096233266794636,0.0,9.848857879638672,16.796875,88.199,
vin test 16x16 -1,non_urban,8,RT,classical,False,12,11,8,7,True,1.457115,23.071067690849304,22.0,0.49979882658539326,2.204337295789476,0.0,5.656854152679443,16.796875,414.8,
vin test 16x16 -1,non_urban,9,RT,classical,False,8,0,7,0,True,0.056281,10.656854152679443,10.0,0.7853981736660108,1.8828427124746192,0.0,1.0,16.796875,64.766,
vin test 16x16 -1,non_urban,10,RT,classical,False,7,1,12,3,True,0.032282,11.242640614509583,11.0,0.5711986674007389,2.0232575286669885,0.0,5.385164737701416,16.796875,48.066,
Long Wall,non_urban,1,Probabilistic Foam (RBPF),classical,True,9,22,15,3,True,0.174373,59.870057225227356,53.0,0.5334779990710422,8.292760056685216,0.0,19.92485809326172,7.670454545454546,131.31,
Long Wall,non_urban,2,Probabilistic Foam (RBPF),classical,True,25,0,15,25,True,0.062163,35.870057225227356,29.0,0.5416539010701658,8.235561883392597,0.0,26.925823211669922,7.670454545454546,32.318,
Long Wall,non_urban,3,Probabilistic Foam (RBPF),classical,True,18,8,19,7,True,0.002998,1.4142135381698608,2.0,0.0,1.618033988749895,0.0,1.4142135381698608,7.670454545454546,15.876,
Long Wall,non_urban,4,Probabilistic Foam (RBPF),classical,True,30,6,10,4,True,0.106668,24.14213538169861,21.0,0.6731984404386167,7.352509628627557,0.0,20.099750518798828,7.670454545454546,37.14,
Long Wall,non_urban,5,Probabilistic Foam (RBPF),classical,True,10,25,5,3,True,0.087378,35.485281229019165,34.0,0.3233992437518905,9.350251913474649,0.0,22.56102752685547,7.670454545454546,36.228,
Long Wall,non_urban,6,Probabilistic Foam (RBPF),classical,True,14,23,14,25,True,0.00401,8.828427076339722,9.0,0.3490658427925233,7.807723845436352,0.0,2.0,7.670454545454546,19.868,
Long Wall,non_urban,7,Probabilistic Foam (RBPF),classical,True,4,30,12,19,False,0.231409,0.0,1.0,0.0,15.264337522473747,13.601470947265625,13.601470947265625,7.670454545454546,36.82,
Long Wall,non_urban,8,Probabilistic Foam (RBPF),classical,True,23,2,25,20,True,0.139734,25.313708305358887,23.0,0.3073297138797488,9.339002444340027,0.0,18.11077117919922,7.670454545454546,133.028,
Long Wall,non_urban,9,Probabilistic Foam (RBPF),classical,True,25,14,32,0,True,0.028599,22.071067690849304,21.0,0.4487989456230359,9.879655431568375,0.0,15.65247631072998,7.670454545454546,30.246,
Long Wall,non_urban,10,Probabilistic Foam (RBPF),classical,True,30,0,29,2,False,0.275989,0.0,1.0,0.0,14.866068747318506,2.2360680103302,2.2360680103302,7.670454545454546,41.05,
Long Wall,non_urban,1,Probabilistic Foam (HPF),classical,True,9,22,15,3,True,0.094889,41.14213538169861,38.0,0.5373776889441205,8.210779667593485,0.0,19.92485809326172,7.670454545454546,121.222,
Long Wall,non_urban,2,Probabilistic Foam (HPF),classical,True,25,0,15,25,True,0.084345,40.21320307254791,35.0,0.6058785807474217,9.731880623703253,0.0,26.925823211669922,7.670454545454546,39.081,
Long Wall,non_urban,3,Probabilistic Foam (HPF),classical,True,18,8,19,7,True,0.002527,2.0,3.0,0.5235987755982988,1.5500938466242948,0.0,1.4142135381698608,7.670454545454546,14.825,
Long Wall,non_urban,4,Probabilistic Foam (HPF),classical,True,30,6,10,4,True,0.023316,23.313708305358887,21.0,0.5609987003655138,7.805751693943675,0.0,20.099750518798828,7.670454545454546,24.841,
Long Wall,non_urban,5,Probabilistic Foam (HPF),classical,True,10,25,5,3,True,0.039599,33.38477599620819,29.0,0.4604058157916112,8.513566501944295,0.0,22.56102752685547,7.670454545454546,32.027,
Long Wall,non_urban,6,Probabilistic Foam (HPF),classical,True,14,23,14,25,True,0.002556,10.828427076339722,11.0,0.5711986705124246,6.316069178950387,0.0,2.0,7.670454545454546,17.641,
Long Wall,non_urban,7,Probabilistic Foam (HPF),classical,True,4,30,12,19,False,0.280275,0.0,1.0,0.0,15.264337522473747,13.601470947265625,13.601470947265625,7.670454545454546,37.897,
Long Wall,non_urban,8,Probabilistic Foam (HPF),classical,True,23,2,25,20,True,0.029763,21.313708305358887,19.0,0.4133674454121986,7.768608865681403,0.0,18.11077117919922,7.670454545454546,65.873,
Long Wall,non_urban,9,Probabilistic Foam (HPF),classical,True,25,14,32,0,True,0.024285,23.727921843528748,21.0,0.4113990338952655,9.801916921948083,0.0,15.65247631072998,7.670454545454546,65.665,
Long Wall,non_urban,10,Probabilistic Foam (HPF),classical,True,30,0,29,2,False,0.314313,0.0,1.0,0.0,14.866068747318506,2.2360680103302,2.2360680103302,7.670454545454546,74.345,
Labyrinth,non_urban,1,A*,classical,False,9,18,19,2,True,0.041994,22.485281229019165,21.0,0.2991992970820239,2.1594852492923113,0.0,18.867961883544922,11.052631578947368,160.606,
Labyrinth,non_urban,2,A*,classical,False,12,0,7,7,True,0.011815,9.071067690849304,8.0,0.2945243048561915,3.8838834764831844,0.0,8.602325439453125,11.052631578947368,45.809,
Labyrinth,non_urban,3,A*,classical,False,11,6,19,5,True,0.012163,8.41421353816986,9.0,0.17453292900260425,2.7007928654850293,0.0,8.062257766723633,11.052631578947368,34.849,
Labyrinth,non_urban,4,A*,classical,False,14,3,14,2,True,0.001587,1.0,2.0,0.0,5.5,0.0,1.0,11.052631578947368,11.169,
Labyrinth,non_urban,5,A*,classical,False,19,15,6,2,True,0.041921,20.727921843528748,18.0,0.39269908645268825,2.2777777777777777,0.0,18.384777069091797,11.052631578947368,70.865,
Labyrinth,non_urban,6,A*,classical,False,3,17,0,12,True,0.007386,6.2426406145095825,6.0,0.3926990731415887,3.8333333333333335,0.0,5.830951690673828,11.052631578947368,24.425,
Labyrinth,non_urban,7,A*,classical,False,16,0,15,0,True,0.001513,1.0,2.0,0.0,8.031128874149275,0.0,1.0,11.052631578947368,10.281,
Labyrinth,non_urban,8,A*,classical,False,9,2,16,5,True,0.013457,8.242640614509583,8.0,0.4908738628198245,4.270284707521047,0.0,7.6157732009887695,11.052631578947368,61.297,
Labyrinth,non_urban,9,A*,classical,False,4,6,7,14,True,0.044586,17.242640614509583,17.0,0.1385996728735019,1.0,0.0,8.5440034866333,11.052631578947368,114.788,
Labyrinth,non_urban,10,A*,classical,False,10,17,13,0,True,0.064056,23.071067690849304,22.0,0.32129924477298544,2.347740069994222,0.0,17.262676239013672,11.052631578947368,112.601,
vin test 16x16 -1,non_urban,1,RRT,classical,False,9,12,12,1,True,0.230425,25.071067690849304,24.0,0.39269908169872414,1.901306692503345,0.0,11.401754379272461,16.796875,178.694,
vin test 16x16 -1,non_urban,2,RRT,classical,False,6,0,5,14,True,1.060542,17.242640614509583,17.0,0.5543986975343385,1.7081959977915075,0.0,14.03566837310791,16.796875,238.408,
vin test 16x16 -1,non_urban,3,RRT,classical,False,11,4,3,4,True,1.813255,11.656854152679443,11.0,0.7853981742883479,2.555265608277482,0.0,8.0,16.796875,211.32,
vin test 16x16 -1,non_urban,4,RRT,classical,False,14,3,3,2,True,0.680589,15.656854152679443,15.0,0.6283185398455697,2.4433627645185196,0.0,11.045360565185547,16.796875,172.947,
vin test 16x16 -1,non_urban,5,RRT,classical,False,4,14,10,1,True,6.904189,29.14213538169861,26.0,0.7853981607644838,2.3084647959094955,0.0,14.317821502685547,16.796875,266.458,
vin test 16x16 -1,non_urban,6,RRT,classical,False,4,13,5,14,True,1.365999,4.0,5.0,0.6283185307179586,1.612899020449196,0.0,1.4142135381698608,16.796875,197.95,
vin test 16x16 -1,non_urban,7,RRT,classical,False,10,10,6,1,True,0.348349,38.55634891986847,35.0,0.538558739637435,2.179321253085711,0.0,9.848857879638672,16.796875,236.518,
vin test 16x16 -1,non_urban,8,RRT,classical,False,12,11,8,7,True,0.737629,34.97056245803833,31.0,0.4813730629200994,2.133570353028659,0.0,5.656854152679443,16.796875,228.749,
vin test 16x16 -1,non_urban,9,RRT,classical,False,8,0,7,0,True,0.714672,1.0,2.0,0.0,2.0,0.0,1.0,16.796875,174.502,
vin test 16x16 -1,non_urban,10,RRT,classical,False,7,1,12,3,True,0.690416,10.41421353816986,11.0,0.42839899821678995,2.5643059605182477,0.0,5.385164737701416,16.796875,166.954,
Labyrinth,non_urban,1,SPRM,classical,False,9,18,19,2,True,0.095128,23.656854152679443,23.0,0.3414774653231116,3.273066790471458,0.0,18.867961883544922,11.052631578947368,144.065,
Labyrinth,non_urban,2,SPRM,classical,False,12,0,7,7,True,0.009393,9.071067690849304,8.0,0.3926990731415887,4.258883476483184,0.0,8.602325439453125,11.052631578947368,15.943,
Labyrinth,non_urban,3,SPRM,classical,False,11,6,19,5,True,0.01032,8.41421353816986,9.0,0.17453292900260425,2.890052180305739,0.0,8.062257766723633,11.052631578947368,13.802,
Labyrinth,non_urban,4,SPRM,classical,False,14,3,14,2,True,0.006972,1.0,2.0,0.0,5.5,0.0,1.0,11.052631578947368,8.282,
Labyrinth,non_urban,5,SPRM,classical,False,19,15,6,2,True,0.12805,22.485281229019165,21.0,0.5235987853778823,3.173822930470137,0.0,18.384777069091797,11.052631578947368,193.377,
Labyrinth,non_urban,6,SPRM,classical,False,3,17,0,12,True,0.01207,6.2426406145095825,6.0,0.5235987641887849,3.5,0.0,5.830951690673828,11.052631578947368,15.864,
Labyrinth,non_urban,7,SPRM,classical,False,16,0,15,0,True,0.009839,1.0,2.0,0.0,8.031128874149275,0.0,1.0,11.052631578947368,9.05,
Labyrinth,non_urban,8,SPRM,classical,False,9,2,16,5,True,0.008843,8.242640614509583,8.0,0.5890486353837894,4.145284707521047,0.0,7.6157732009887695,11.052631578947368,15.81,
Labyrinth,non_urban,9,SPRM,classical,False,4,6,7,14,True,0.862614,43.485281229019165,42.0,0.4113990412299532,1.2816292172558617,0.0,8.5440034866333,11.052631578947368,838.534,
Labyrinth,non_urban,10,SPRM,classical,False,10,17,13,0,True,0.28828,37.65685415267944,37.0,0.25472372681925126,2.744280893768849,0.0,17.262676239013672,11.052631578947368,708.814,
vin test 16x16 -1,non_urban,1,RRT*,classical,False,9,12,12,1,True,0.845691,17.313708305358887,15.0,0.4712388946156148,1.444669758513998,0.0,11.401754379272461,16.796875,190.923,
vin test 16x16 -1,non_urban,2,RRT*,classical,False,6,0,5,14,True,16.609064,14.41421353816986,15.0,0.10471975283775699,1.8860845243106892,0.0,14.03566837310791,16.796875,281.357,
vin test 16x16 -1,non_urban,3,RRT*,classical,False,11,4,3,4,True,3.331929,8.0,9.0,0.0,1.8331637224951285,0.0,8.0,16.796875,126.419,
vin test 16x16 -1,non_urban,4,RRT*,classical,False,14,3,3,2,True,2.682442,12.242640614509583,12.0,0.3926990902558596,1.5887079251871652,0.0,11.045360565185547,16.796875,117.259,
vin test 16x16 -1,non_urban,5,RRT*,classical,False,4,14,10,1,True,5.044226,15.485281229019165,14.0,0.4487989407332442,1.5341934760442197,0.0,14.317821502685547,16.796875,165.627,
vin test 16x16 -1,non_urban,6,RRT*,classical,False,4,13,5,14,True,0.061634,1.4142135381698608,2.0,0.0,1.2071067811865475,0.0,1.4142135381698608,16.796875,30.503,
vin test 16x16 -1,non_urban,7,RRT*,classical,False,10,10,6,1,True,4.77985,16.313708305358887,14.0,0.3926990853660679,1.1010152544552212,0.0,9.848857879638672,16.796875,354.323,
vin test 16x16 -1,non_urban,8,RRT*,classical,False,12,11,8,7,True,5.819249,15.071067690849304,14.0,0.5609986856961386,1.206637301928012,0.0,5.656854152679443,16.796875,182.643,
vin test 16x16 -1,non_urban,9,RRT*,classical,False,8,0,7,0,True,4.981125,1.0,2.0,0.0,2.0,0.0,1.0,16.796875,160.511,
vin test 16x16 -1,non_urban,10,RRT*,classical,False,7,1,12,3,True,3.098878,5.828427076339722,6.0,0.5235987870078128,1.4023689270621826,0.0,5.385164737701416,16.796875,124.915,
vin test 16x16 -1,non_urban,1,RRT-Connect,classical,False,,,,,False,,,,,,,,,,name 'n' is not defined
vin test 16x16 -1,non_urban,2,RRT-Connect,classical,False,,,,,False,,,,,,,,,,name 'n' is not defined
vin test 16x16 -1,non_urban,3,RRT-Connect,classical,False,,,,,False,,,,,,,,,,name 'n' is not defined
vin test 16x16 -1,non_urban,4,RRT-Connect,classical,False,,,,,False,,,,,,,,,,name 'n' is not defined
vin test 16x16 -1,non_urban,5,RRT-Connect,classical,False,,,,,False,,,,,,,,,,name 'n' is not defined
vin test 16x16 -1,non_urban,6,RRT-Connect,classical,False,,,,,False,,,,,,,,,,name 'n' is not defined
vin test 16x16 -1,non_urban,7,RRT-Connect,classical,False,,,,,False,,,,,,,,,,name 'n' is not defined
vin test 16x16 -1,non_urban,8,RRT-Connect,classical,False,,,,,False,,,,,,,,,,name 'n' is not defined
vin test 16x16 -1,non_urban,9,RRT-Connect,classical,False,,,,,False,,,,,,,,,,name 'n' is not defined
vin test 16x16 -1,non_urban,10,RRT-Connect,classical,False,,,,,False,,,,,,,,,,name 'n' is not defined
vin test 16x16 -1,non_urban,1,Wave-front,classical,False,9,12,12,1,True,0.067975,15.899494767189026,14.0,0.16829960521986242,1.4468452010954909,0.0,11.401754379272461,16.796875,124.39,
vin test 16x16 -1,non_urban,2,Wave-front,classical,False,6,0,5,14,True,0.08034,14.41421353816986,15.0,0.10471975283775699,1.8860845243106892,0.0,14.03566837310791,16.796875,31.975,
vin test 16x16 -1,non_urban,3,Wave-front,classical,False,11,4,3,4,True,0.045034,8.0,9.0,0.0,1.8331637224951285,0.0,8.0,16.796875,17.143,
vin test 16x16 -1,non_urban,4,Wave-front,classical,False,14,3,3,2,True,0.05766,12.242640614509583,12.0,0.1963495451279298,1.6571957931143897,0.0,11.045360565185547,16.796875,19.975,
vin test 16x16 -1,non_urban,5,Wave-front,classical,False,4,14,10,1,True,0.072886,15.485281229019165,14.0,0.11219973518331106,1.4627649046156483,0.0,14.317821502685547,16.796875,21.311,
vin test 16x16 -1,non_urban,6,Wave-front,classical,False,4,13,5,14,True,0.002026,1.4142135381698608,2.0,0.0,1.2071067811865475,0.0,1.4142135381698608,16.796875,8.537,
vin test 16x16 -1,non_urban,7,Wave-front,classical,False,10,10,6,1,True,0.07239,16.313708305358887,14.0,0.28049934529296516,1.0,0.0,9.848857879638672,16.796875,21.071,
vin test 16x16 -1,non_urban,8,Wave-front,classical,False,12,11,8,7,True,0.081794,12.242640614509583,12.0,0.327249236175126,1.0,0.0,5.656854152679443,16.796875,98.697,
vin test 16x16 -1,non_urban,9,Wave-front,classical,False,8,0,7,0,True,0.001036,1.0,2.0,0.0,2.0,0.0,1.0,16.796875,10.281,
vin test 16x16 -1,non_urban,10,Wave-front,classical,False,7,1,12,3,True,0.019421,5.828427076339722,6.0,0.1308996967519532,1.6477249195621126,0.0,5.385164737701416,16.796875,26.463,
vin test 16x16 -1,non_urban,1,Dijkstra,classical,False,9,12,12,1,True,0.087212,15.071067690849304,14.0,0.2804993404031735,1.5060185671487905,0.0,11.401754379272461,16.796875,216.406,
vin test 16x16 -1,non_urban,2,Dijkstra,classical,False,6,0,5,14,True,0.072839,14.41421353816986,15.0,0.10471975283775699,1.8860845243106892,0.0,14.03566837310791,16.796875,85.62,
vin test 16x16 -1,non_urban,3,Dijkstra,classical,False,11,4,3,4,True,0.04023,8.0,9.0,0.0,1.8331637224951285,0.0,8.0,16.796875,57.385,
vin test 16x16 -1,non_urban,4,Dijkstra,classical,False,14,3,3,2,True,0.060448,12.242640614509583,12.0,0.1963495451279298,1.6571957931143897,0.0,11.045360565185547,16.796875,69.937,
vin test 16x16 -1,non_urban,5,Dijkstra,classical,False,4,14,10,1,True,0.086356,15.485281229019165,14.0,0.11219973518331106,1.4627649046156483,0.0,14.317821502685547,16.796875,91.737,
vin test 16x16 -1,non_urban,6,Dijkstra,classical,False,4,13,5,14,True,0.004972,1.4142135381698608,2.0,0.0,1.2071067811865475,0.0,1.4142135381698608,16.796875,17.193,
vin test 16x16 -1,non_urban,7,Dijkstra,classical,False,10,10,6,1,True,0.076381,16.313708305358887,14.0,0.28049934529296516,1.0,0.0,9.848857879638672,16.796875,89.873,
vin test 16x16 -1,non_urban,8,Dijkstra,classical,False,12,11,8,7,True,0.058657,12.242640614509583,12.0,0.327249236175126,1.0,0.0,5.656854152679443,16.796875,140.928,
vin test 16x16 -1,non_urban,9,Dijkstra,classical,False,8,0,7,0,True,0.000999,1.0,2.0,0.0,2.0,0.0,1.0,16.796875,12.649,
vin test 16x16 -1,non_urban,10,Dijkstra,classical,False,7,1,12,3,True,0.022744,5.828427076339722,6.0,0.1308996967519532,1.6477249195621126,0.0,5.385164737701416,16.796875,61.817,
vin test 16x16 -1,non_urban,1,Potential Field,classical,False,9,12,12,1,True,0.349219,15.071067690849304,14.0,0.336599207994829,1.4595698857292985,0.0,11.401754379272461,16.796875,224.198,
vin test 16x16 -1,non_urban,2,Potential Field,classical,False,6,0,5,14,True,0.350365,14.41421353816986,15.0,0.052359876418878494,1.9136987618022292,0.0,14.03566837310791,16.796875,113.815,
vin test 16x16 -1,non_urban,3,Potential Field,classical,False,11,4,3,4,True,0.341453,8.0,9.0,0.0,1.8331637224951285,0.0,8.0,16.796875,112.727,
vin test 16x16 -1,non_urban,4,Potential Field,classical,False,14,3,3,2,True,0.34207,12.242640614509583,12.0,0.32724924187988297,1.8238624597810562,0.0,11.045360565185547,16.796875,117.13,
vin test 16x16 -1,non_urban,5,Potential Field,classical,False,4,14,10,1,True,0.362512,15.485281229019165,14.0,0.16829960277496658,1.3372392394098829,0.0,14.317821502685547,16.796875,120.279,
vin test 16x16 -1,non_urban,6,Potential Field,classical,False,4,13,5,14,True,0.341591,1.4142135381698608,2.0,0.0,1.2071067811865475,0.0,1.4142135381698608,16.796875,114.135,
vin test 16x16 -1,non_urban,7,Potential Field,classical,False,10,10,6,1,True,0.349352,16.313708305358887,14.0,0.16829960521986242,1.2775963940980481,0.0,9.848857879638672,16.796875,220.599,
vin test 16x16 -1,non_urban,8,Potential Field,classical,False,12,11,8,7,False,0.334632,3.8284270763397217,4.0,0.3926990731415887,1.0,3.605551242828369,5.656854152679443,16.796875,114.663,
vin test 16x16 -1,non_urban,9,Potential Field,classical,False,8,0,7,0,True,0.373667,1.0,2.0,0.0,2.0,0.0,1.0,16.796875,121.999,
vin test 16x16 -1,non_urban,10,Potential Field,classical,False,7,1,12,3,True,0.341999,5.828427076339722,6.0,0.2617993935039064,1.3333333333333333,0.0,5.385164737701416,16.796875,103.991,
vin test 16x16 -1,non_urban,1,Probabilistic Foam (GBPF),classical,True,9,12,12,1,True,0.688047,23.071067690849304,22.0,0.6425984957693422,1.9781993606336494,0.0,11.401754379272461,16.796875,210.254,
vin test 16x16 -1,non_urban,2,Probabilistic Foam (GBPF),classical,True,6,0,5,14,True,0.006242,14.41421353816986,15.0,0.10471975283775699,1.8860845243106892,0.0,14.03566837310791,16.796875,29.997,
vin test 16x16 -1,non_urban,3,Probabilistic Foam (GBPF),classical,True,11,4,3,4,True,0.022408,8.0,9.0,0.0,1.8331637224951285,0.0,8.0,16.796875,34.437,
vin test 16x16 -1,non_urban,4,Probabilistic Foam (GBPF),classical,True,14,3,3,2,True,0.019841,14.242640614509583,14.0,0.5609986905859303,1.7780658733565835,0.0,11.045360565185547,16.796875,31.413,
vin test 16x16 -1,non_urban,5,Probabilistic Foam (GBPF),classical,True,4,14,10,1,True,0.254005,21.485281229019165,20.0,0.5497787041096512,1.731373185347406,0.0,14.317821502685547,16.796875,93.135,
vin test 16x16 -1,non_urban,6,Probabilistic Foam (GBPF),classical,True,4,13,5,14,True,0.002391,1.4142135381698608,2.0,0.0,1.2071067811865475,0.0,1.4142135381698608,16.796875,9.925,
vin test 16x16 -1,non_urban,7,Probabilistic Foam (GBPF),classical,True,10,10,6,1,True,0.157573,20.899494767189026,19.0,0.5373776952493781,1.846307096005822,0.0,9.848857879638672,16.796875,65.781,
vin test 16x16 -1,non_urban,8,Probabilistic Foam (GBPF),classical,True,12,11,8,7,True,0.883473,20.242640614509583,20.0,0.6283185272951044,1.563227655930171,0.0,5.656854152679443,16.796875,204.757,
vin test 16x16 -1,non_urban,9,Probabilistic Foam (GBPF),classical,True,8,0,7,0,True,0.002044,2.414213538169861,3.0,0.26179938209439246,1.6666666666666667,0.0,1.0,16.796875,15.301,
vin test 16x16 -1,non_urban,10,Probabilistic Foam (GBPF),classical,True,7,1,12,3,True,0.011131,5.828427076339722,6.0,0.5235987870078128,1.4023689270621826,0.0,5.385164737701416,16.796875,26.685,
vin test 16x16 -1,non_urban,1,Probabilistic Foam (PFM),classical,True,9,12,12,1,True,0.32013,17.071067690849304,16.0,0.5890486204088023,2.0129173396847206,0.0,11.401754379272461,16.796875,191.99,
vin test 16x16 -1,non_urban,2,Probabilistic Foam (PFM),classical,True,6,0,5,14,True,0.141608,20.071067690849304,19.0,0.4133674544197096,2.3161076056199583,0.0,14.03566837310791,16.796875,54.443,
vin test 16x16 -1,non_urban,3,Probabilistic Foam (PFM),classical,True,11,4,3,4,True,0.05648,9.656854152679443,9.0,0.2617993935039064,1.9244808797314283,0.0,8.0,16.796875,28.841,
vin test 16x16 -1,non_urban,4,Probabilistic Foam (PFM),classical,True,14,3,3,2,True,0.130745,17.899494767189026,16.0,0.4417864658414227,2.524452795325524,0.0,11.045360565185547,16.796875,65.177,
vin test 16x16 -1,non_urban,5,Probabilistic Foam (PFM),classical,True,4,14,10,1,True,0.285129,24.899494767189026,23.0,0.5122161883113839,2.667160980955992,0.0,14.317821502685547,16.796875,87.767,
vin test 16x16 -1,non_urban,6,Probabilistic Foam (PFM),classical,True,4,13,5,14,True,0.002382,3.414213538169861,4.0,0.19634953657079435,1.4571067811865475,0.0,1.4142135381698608,16.796875,10.545,
vin test 16x16 -1,non_urban,7,Probabilistic Foam (PFM),classical,True,10,10,6,1,True,0.127114,21.14213538169861,18.0,0.5235987755982988,1.7917448721869123,0.0,9.848857879638672,16.796875,51.465,
vin test 16x16 -1,non_urban,8,Probabilistic Foam (PFM),classical,True,12,11,8,7,True,0.312256,17.313708305358887,15.0,0.523598773316396,1.4161760458079524,0.0,5.656854152679443,16.796875,196.545,
vin test 16x16 -1,non_urban,9,Probabilistic Foam (PFM),classical,True,8,0,7,0,True,0.001341,3.0,4.0,0.7853981633974483,2.0,0.0,1.0,16.796875,10.457,
vin test 16x16 -1,non_urban,10,Probabilistic Foam (PFM),classical,True,7,1,12,3,True,0.017457,7.828427076339722,8.0,0.39269908169872414,2.236615278374021,0.0,5.385164737701416,16.796875,19.385,
vin test 16x16 -1,non_urban,1,Probabilistic Foam (RBPF),classical,True,9,12,12,1,True,0.248391,29.55634891986847,26.0,0.4229067046843392,2.762732504806396,0.0,11.401754379272461,16.796875,189.374,
vin test 16x16 -1,non_urban,2,Probabilistic Foam (RBPF),classical,True,6,0,5,14,True,0.08559,27.727921843528748,25.0,0.534070746318269,3.0455276884806195,0.0,14.03566837310791,16.796875,46.326,
vin test 16x16 -1,non_urban,3,Probabilistic Foam (RBPF),classical,True,11,4,3,4,True,0.08546,13.313708305358887,11.0,0.4283990013284756,2.068573301617548,0.0,8.0,16.796875,49.5,
vin test 16x16 -1,non_urban,4,Probabilistic Foam (RBPF),classical,True,14,3,3,2,True,0.045615,19.313708305358887,17.0,0.5543987035746694,2.6533955281078683,0.0,11.045360565185547,16.796875,34.876,
vin test 16x16 -1,non_urban,5,Probabilistic Foam (RBPF),classical,True,4,14,10,1,True,0.187698,27.727921843528748,25.0,0.534070746318269,2.756185961070523,0.0,14.317821502685547,16.796875,72.682,
vin test 16x16 -1,non_urban,6,Probabilistic Foam (RBPF),classical,True,4,13,5,14,True,0.001364,1.4142135381698608,2.0,0.0,1.2071067811865475,0.0,1.4142135381698608,16.796875,9.932,
vin test 16x16 -1,non_urban,7,Probabilistic Foam (RBPF),classical,True,10,10,6,1,True,0.135971,23.727921843528748,21.0,0.5609986873260693,2.3768611404002162,0.0,9.848857879638672,16.796875,58.38,
vin test 16x16 -1,non_urban,8,Probabilistic Foam (RBPF),classical,True,12,11,8,7,True,0.181553,39.55634891986847,36.0,0.5235987736967134,2.696663243937864,0.0,5.656854152679443,16.796875,183.476,
vin test 16x16 -1,non_urban,9,Probabilistic Foam (RBPF),classical,True,8,0,7,0,True,0.00336,3.0,4.0,0.7853981633974483,2.0,0.0,1.0,16.796875,13.084,
vin test 16x16 -1,non_urban,10,Probabilistic Foam (RBPF),classical,True,7,1,12,3,True,0.058904,7.828427076339722,8.0,0.39269908169872414,2.236615278374021,0.0,5.385164737701416,16.796875,33.564,
vin test 16x16 -1,non_urban,1,Probabilistic Foam (HPF),classical,True,9,12,12,1,True,0.099202,19.313708305358887,17.0,0.64679848146345,1.9053762193793133,0.0,11.401754379272461,16.796875,148.462,
vin test 16x16 -1,non_urban,2,Probabilistic Foam (HPF),classical,True,6,0,5,14,True,0.047602,18.313708305358887,16.0,0.5399612277089683,1.945394650500289,0.0,14.03566837310791,16.796875,58.401,
vin test 16x16 -1,non_urban,3,Probabilistic Foam (HPF),classical,True,11,4,3,4,True,0.03355,10.242640614509583,10.0,0.4712389048841773,2.3444448022961835,0.0,8.0,16.796875,28.975,
vin test 16x16 -1,non_urban,4,Probabilistic Foam (HPF),classical,True,14,3,3,2,True,0.030464,13.656854152679443,13.0,0.362491465295521,2.3448158136731716,0.0,11.045360565185547,16.796875,29.475,
vin test 16x16 -1,non_urban,5,Probabilistic Foam (HPF),classical,True,4,14,10,1,True,0.105711,18.899494767189026,17.0,0.64679848146345,1.6546464826171743,0.0,14.317821502685547,16.796875,56.699,
vin test 16x16 -1,non_urban,6,Probabilistic Foam (HPF),classical,True,4,13,5,14,True,0.001508,1.4142135381698608,2.0,0.0,1.2071067811865475,0.0,1.4142135381698608,16.796875,9.929,
vin test 16x16 -1,non_urban,7,Probabilistic Foam (HPF),classical,True,10,10,6,1,True,0.143387,20.899494767189026,19.0,0.62005118613332,1.5951124099665932,0.0,9.848857879638672,16.796875,74.399,
vin test 16x16 -1,non_urban,8,Probabilistic Foam (HPF),classical,True,12,11,8,7,True,0.131539,17.899494767189026,16.0,0.39269908169872414,1.6696735401324292,0.0,5.656854152679443,16.796875,153.129,
vin test 16x16 -1,non_urban,9,Probabilistic Foam (HPF),classical,True,8,0,7,0,True,0.000985,3.0,4.0,0.7853981633974483,2.0,0.0,1.0,16.796875,13.457,
vin test 16x16 -1,non_urban,10,Probabilistic Foam (HPF),classical,True,7,1,12,3,True,0.013363,7.2426406145095825,7.0,0.44879895540261927,1.68977530353517,0.0,5.385164737701416,16.796875,28.825,
vin test 16x16 -2,non_urban,1,A*,classical,False,0,13,12,1,True,0.052549,19.313708305358887,17.0,0.27719934977389105,1.0730965110070168,0.0,16.970561981201172,19.53125,169.894,
vin test 16x16 -2,non_urban,2,A*,classical,False,6,0,15,14,True,0.047438,19.485281229019165,18.0,0.2617993897007351,1.5107491837076636,0.0,16.6433162689209,19.53125,92.529,
vin test 16x16 -2,non_urban,3,A*,classical,False,15,4,7,4,True,0.006425,8.0,9.0,0.0,1.275412073846564,0.0,8.0,19.53125,23.977,
vin test 16x16 -2,non_urban,4,A*,classical,False,2,4,4,2,True,0.004496,3.414213538169861,4.0,0.39269908169872414,1.1035533905932737,0.0,2.8284270763397217,19.53125,17.153,
vin test 16x16 -2,non_urban,5,A*,classical,False,14,14,10,1,True,0.025906,15.242640614509583,15.0,0.20943951023931953,1.5190562969322896,0.0,13.601470947265625,19.53125,45.681,
vin test 16x16 -2,non_urban,6,A*,classical,False,10,13,15,14,True,0.006777,5.414213538169861,6.0,0.2617993935039064,1.5107491837076632,0.0,5.099019527435303,19.53125,23.281,
vin test 16x16 -2,non_urban,7,A*,classical,False,15,10,6,1,True,0.031051,15.071067690849304,14.0,0.3926990853660679,1.4345899957202188,0.0,12.727922439575195,19.53125,45.625,
vin test 16x16 -2,non_urban,8,A*,classical,False,2,12,3,8,True,0.006468,5.828427076339722,6.0,0.5235987698935419,1.0,0.0,4.123105525970459,19.53125,37.697,
vin test 16x16 -2,non_urban,9,A*,classical,False,8,0,7,0,True,0.002511,1.0,2.0,0.0,2.0,0.0,1.0,19.53125,14.337,
vin test 16x16 -2,non_urban,10,A*,classical,False,7,1,0,4,True,0.007979,8.242640614509583,8.0,0.0981747725639649,1.4571067811865475,0.0,7.6157732009887695,19.53125,41.633,
vin test 16x16 -2,non_urban,1,SPRM,classical,False,0,13,12,1,True,0.16589,24.82842707633972,25.0,0.18849555921538758,1.8575328118593142,0.0,16.970561981201172,19.53125,294.553,
vin test 16x16 -2,non_urban,2,SPRM,classical,False,6,0,15,14,True,0.118252,21.82842707633972,22.0,0.21419949599670937,1.9344792494877134,0.0,16.6433162689209,19.53125,161.871,
vin test 16x16 -2,non_urban,3,SPRM,classical,False,15,4,7,4,True,0.009429,8.0,9.0,0.0,1.275412073846564,0.0,8.0,19.53125,12.842,
vin test 16x16 -2,non_urban,4,SPRM,classical,False,2,4,4,2,True,0.140024,6.828427076339722,7.0,0.6731984306590331,1.1775200981598977,0.0,2.8284270763397217,19.53125,172.745,
vin test 16x16 -2,non_urban,5,SPRM,classical,False,14,14,10,1,True,0.140066,17.0,18.0,0.08726646259971647,1.6714670852072286,0.0,13.601470947265625,19.53125,189.974,
vin test 16x16 -2,non_urban,6,SPRM,classical,False,10,13,15,14,True,0.008435,5.414213538169861,6.0,0.2617993935039064,1.5107491837076632,0.0,5.099019527435303,19.53125,11.218,
vin test 16x16 -2,non_urban,7,SPRM,classical,False,15,10,6,1,True,0.127704,18.242640614509583,18.0,0.34906584849728023,1.8002548809814403,0.0,12.727922439575195,19.53125,253.304,
vin test 16x16 -2,non_urban,8,SPRM,classical,False,2,12,3,8,True,0.121914,7.828427076339722,8.0,0.3926990774201564,1.1035533905932737,0.0,4.123105525970459,19.53125,151.686,
vin test 16x16 -2,non_urban,9,SPRM,classical,False,8,0,7,0,True,0.007699,1.0,2.0,0.0,2.0,0.0,1.0,19.53125,9.002,
vin test 16x16 -2,non_urban,10,SPRM,classical,False,7,1,0,4,True,0.104911,9.071067690849304,8.0,0.2945243176918947,1.6625703849682212,0.0,7.6157732009887695,19.53125,59.406,
vin test 16x16 -2,non_urban,1,RT,classical,False,0,13,12,1,True,4.991948,50.485281229019165,49.0,0.35262774613296577,1.3010170304661623,0.0,16.970561981201172,19.53125,679.922,
vin test 16x16 -2,non_urban,2,RT,classical,False,6,0,15,14,True,0.172248,40.071067690849304,39.0,0.3222146311374148,1.6116034322783572,0.0,16.6433162689209,19.53125,115.43,
vin test 16x16 -2,non_urban,3,RT,classical,False,15,4,7,4,True,0.298905,17.656854152679443,17.0,0.6467984935441118,1.1701718957054217,0.0,8.0,19.53125,157.47,
vin test 16x16 -2,non_urban,4,RT,classical,False,2,4,4,2,True,0.219205,38.041630148887634,32.0,0.39269907848979846,1.2875018130111697,0.0,2.8284270763397217,19.53125,119.278,
vin test 16x16 -2,non_urban,5,RT,classical,False,14,14,10,1,True,0.79439,51.72792184352875,49.0,0.4808560191051427,1.4918723929713207,0.0,13.601470947265625,19.53125,241.074,
vin test 16x16 -2,non_urban,6,RT,classical,False,10,13,15,14,True,0.23992,16.242640614509583,16.0,0.6872233993906189,1.6670121232098136,0.0,5.099019527435303,19.53125,139.508,
vin test 16x16 -2,non_urban,7,RT,classical,False,15,10,6,1,True,9.337154,22.82842707633972,23.0,0.27318197136557076,2.1604036092481196,0.0,12.727922439575195,19.53125,909.145,
vin test 16x16 -2,non_urban,8,RT,classical,False,2,12,3,8,True,0.162915,28.899494767189026,27.0,0.3490658453279708,1.3648273909714932,0.0,4.123105525970459,19.53125,114.806,
vin test 16x16 -2,non_urban,9,RT,classical,False,8,0,7,0,True,16.120009,52.69848430156708,45.0,0.610865233253893,1.679419626902096,0.0,1.0,19.53125,1076.114,
vin test 16x16 -2,non_urban,10,RT,classical,False,7,1,0,4,True,0.56574,50.485281229019165,49.0,0.35262774543442416,1.7188605051115748,0.0,7.6157732009887695,19.53125,204.762,
vin test 16x16 -2,non_urban,1,RRT,classical,False,0,13,12,1,True,0.061813,24.82842707633972,25.0,0.21991148369757302,1.735215916154255,0.0,16.970561981201172,19.53125,110.948,
vin test 16x16 -2,non_urban,2,RRT,classical,False,6,0,15,14,True,0.107741,22.071067690849304,21.0,0.41139904041498776,1.6986759033979533,0.0,16.6433162689209,19.53125,101.34,
vin test 16x16 -2,non_urban,3,RRT,classical,False,15,4,7,4,True,0.529594,16.0,17.0,0.18479956785822313,1.4819697239257612,0.0,8.0,19.53125,177.736,
vin test 16x16 -2,non_urban,4,RRT,classical,False,2,4,4,2,True,2.44203,9.41421353816986,10.0,0.31415926193612514,1.4543203766865056,0.0,2.8284270763397217,19.53125,233.057,
vin test 16x16 -2,non_urban,5,RRT,classical,False,14,14,10,1,True,0.055525,19.82842707633972,20.0,0.19634953999364851,2.0930404589490985,0.0,13.601470947265625,19.53125,63.192,
vin test 16x16 -2,non_urban,6,RRT,classical,False,10,13,15,14,True,0.207631,9.071067690849304,8.0,0.09817476828539717,1.868033988749895,0.0,5.099019527435303,19.53125,101.746,
vin test 16x16 -2,non_urban,7,RRT,classical,False,15,10,6,1,True,0.106969,25.656854152679443,25.0,0.47123889598475643,1.5601407885812728,0.0,12.727922439575195,19.53125,80.698,
vin test 16x16 -2,non_urban,8,RRT,classical,False,2,12,3,8,True,2.705155,9.242640614509583,9.0,0.5235987679919563,1.3667292310828634,0.0,4.123105525970459,19.53125,312.698,
vin test 16x16 -2,non_urban,9,RRT,classical,False,8,0,7,0,True,0.266253,1.0,2.0,0.0,2.0,0.0,1.0,19.53125,137.212,
vin test 16x16 -2,non_urban,10,RRT,classical,False,7,1,0,4,True,0.221068,12.828427076339722,13.0,0.36249146002959154,2.0016855716526254,0.0,7.6157732009887695,19.53125,101.496,
Labyrinth,non_urban,1,RRT,classical,False,9,18,19,2,True,0.16723,24.82842707633972,25.0,0.18849555647710425,3.378280817959633,0.0,18.867961883544922,11.052631578947368,154.038,
Labyrinth,non_urban,2,RRT,classical,False,12,0,7,7,True,1.228779,11.41421353816986,12.0,0.26179938494677096,3.255922317655456,0.0,8.602325439453125,11.052631578947368,272.678,
Labyrinth,non_urban,3,RRT,classical,False,11,6,19,5,True,9.931065,13.485281229019165,12.0,0.45814893007470076,3.9941208130969064,0.0,8.062257766723633,11.052631578947368,394.575,
Labyrinth,non_urban,4,RRT,classical,False,14,3,14,2,True,0.293734,1.0,2.0,0.0,5.5,0.0,1.0,11.052631578947368,141.686,
Labyrinth,non_urban,5,RRT,classical,False,19,15,6,2,True,0.280053,23.071067690849304,22.0,0.49979882969707884,2.9379278915985436,0.0,18.384777069091797,11.052631578947368,133.132,
Labyrinth,non_urban,6,RRT,classical,False,3,17,0,12,True,0.023789,7.656854152679443,7.0,0.560998680806347,3.4285714285714284,0.0,5.830951690673828,11.052631578947368,40.288,
Labyrinth,non_urban,7,RRT,classical,False,16,0,15,0,True,1.716159,1.0,2.0,0.0,8.031128874149275,0.0,1.0,11.052631578947368,366.858,
Labyrinth,non_urban,8,RRT,classical,False,9,2,16,5,True,1.482024,17.071067690849304,16.0,0.6381360152479202,3.802030247861453,0.0,7.6157732009887695,11.052631578947368,271.389,
Labyrinth,non_urban,9,RRT,classical,False,4,6,7,14,True,11.48983,32.899494767189026,31.0,0.6080501866007934,2.3322762283788956,0.0,8.5440034866333,11.052631578947368,419.104,
Labyrinth,non_urban,10,RRT,classical,False,10,17,13,0,True,0.020847,34.14213538169861,31.0,0.3800313732503749,3.1541386631736783,0.0,17.262676239013672,11.052631578947368,38.746,
vin test 16x16 -2,non_urban,1,RRT*,classical,False,0,13,12,1,True,6.928194,20.485281229019165,19.0,0.41336744721370083,1.2702927849532348,0.0,16.970561981201172,19.53125,321.01,
vin test 16x16 -2,non_urban,2,RRT*,classical,False,6,0,15,14,True,2.64434,19.485281229019165,18.0,0.39269908455110264,1.6448721593950577,0.0,16.6433162689209,19.53125,121.659,
vin test 16x16 -2,non_urban,3,RRT*,classical,False,15,4,7,4,True,3.936135,8.0,9.0,0.0,1.275412073846564,0.0,8.0,19.53125,142.291,
vin test 16x16 -2,non_urban,4,RRT*,classical,False,2,4,4,2,True,1.280086,4.0,5.0,0.3141592653589793,1.1656854249492379,0.0,2.8284270763397217,19.53125,76.291,
vin test 16x16 -2,non_urban,5,RRT*,classical,False,14,14,10,1,True,5.398742,15.242640614509583,15.0,0.20943951023931953,1.5190562969322896,0.0,13.601470947265625,19.53125,169.939,
vin test 16x16 -2,non_urban,6,RRT*,classical,False,10,13,15,14,True,11.501108,5.414213538169861,6.0,0.2617993935039064,1.5107491837076632,0.0,5.099019527435303,19.53125,255.582,
vin test 16x16 -2,non_urban,7,RRT*,classical,False,15,10,6,1,True,9.388497,15.071067690849304,14.0,0.44879895295772343,1.4900988636286332,0.0,12.727922439575195,19.53125,424.355,
vin test 16x16 -2,non_urban,8,RRT*,classical,False,2,12,3,8,True,8.134023,5.828427076339722,6.0,0.5235987698935419,1.0690355937288492,0.0,4.123105525970459,19.53125,215.675,
vin test 16x16 -2,non_urban,9,RRT*,classical,False,8,0,7,0,True,15.491014,1.0,2.0,0.0,2.0,0.0,1.0,19.53125,273.752,
vin test 16x16 -2,non_urban,10,RRT*,classical,False,7,1,0,4,True,7.162822,8.242640614509583,8.0,0.0981747725639649,1.4571067811865475,0.0,7.6157732009887695,19.53125,204.907,
vin test 16x16 -2,non_urban,1,RRT-Connect,classical,False,,,,,False,,,,,,,,,,name 'n' is not defined
vin test 16x16 -2,non_urban,2,RRT-Connect,classical,False,,,,,False,,,,,,,,,,name 'n' is not defined
vin test 16x16 -2,non_urban,3,RRT-Connect,classical,False,,,,,False,,,,,,,,,,name 'n' is not defined
vin test 16x16 -2,non_urban,4,RRT-Connect,classical,False,,,,,False,,,,,,,,,,name 'n' is not defined
vin test 16x16 -2,non_urban,5,RRT-Connect,classical,False,,,,,False,,,,,,,,,,name 'n' is not defined
vin test 16x16 -2,non_urban,6,RRT-Connect,classical,False,,,,,False,,,,,,,,,,name 'n' is not defined
vin test 16x16 -2,non_urban,7,RRT-Connect,classical,False,,,,,False,,,,,,,,,,name 'n' is not defined
vin test 16x16 -2,non_urban,8,RRT-Connect,classical,False,,,,,False,,,,,,,,,,name 'n' is not defined
vin test 16x16 -2,non_urban,9,RRT-Connect,classical,False,,,,,False,,,,,,,,,,name 'n' is not defined
vin test 16x16 -2,non_urban,10,RRT-Connect,classical,False,,,,,False,,,,,,,,,,name 'n' is not defined
vin test 16x16 -2,non_urban,1,Wave-front,classical,False,0,13,12,1,True,0.087308,19.55634891986847,16.0,0.2454369228527768,1.051776695296637,0.0,16.970561981201172,19.53125,133.91,
vin test 16x16 -2,non_urban,2,Wave-front,classical,False,6,0,15,14,True,0.081508,19.485281229019165,18.0,0.21816615745008403,1.6448721593950577,0.0,16.6433162689209,19.53125,21.935,
vin test 16x16 -2,non_urban,3,Wave-front,classical,False,15,4,7,4,True,0.048354,8.0,9.0,0.0,1.275412073846564,0.0,8.0,19.53125,17.239,
vin test 16x16 -2,non_urban,4,Wave-front,classical,False,2,4,4,2,True,0.00636,3.414213538169861,4.0,0.39269908169872414,1.1035533905932737,0.0,2.8284270763397217,19.53125,13.689,
vin test 16x16 -2,non_urban,5,Wave-front,classical,False,14,14,10,1,True,0.08214,15.242640614509583,15.0,0.20943951023931953,1.5190562969322896,0.0,13.601470947265625,19.53125,22.487,
vin test 16x16 -2,non_urban,6,Wave-front,classical,False,10,13,15,14,True,0.012833,6.2426406145095825,6.0,0.1308996967519532,1.4417135899788143,0.0,5.099019527435303,19.53125,14.521,
vin test 16x16 -2,non_urban,7,Wave-front,classical,False,15,10,6,1,True,0.071908,15.071067690849304,14.0,0.22439947770130964,1.6625426895124258,0.0,12.727922439575195,19.53125,20.623,
vin test 16x16 -2,non_urban,8,Wave-front,classical,False,2,12,3,8,True,0.020536,5.828427076339722,6.0,0.5235987698935419,1.0,0.0,4.123105525970459,19.53125,37.345,
vin test 16x16 -2,non_urban,9,Wave-front,classical,False,8,0,7,0,True,0.002115,1.0,2.0,0.0,2.0,0.0,1.0,19.53125,10.953,
vin test 16x16 -2,non_urban,10,Wave-front,classical,False,7,1,0,4,True,0.029811,8.242640614509583,8.0,0.0981747725639649,1.4571067811865475,0.0,7.6157732009887695,19.53125,48.209,
vin test 16x16 -2,non_urban,1,Dijkstra,classical,False,0,13,12,1,True,0.090039,19.313708305358887,17.0,0.27719934977389105,1.23908794719094,0.0,16.970561981201172,19.53125,216.718,
vin test 16x16 -2,non_urban,2,Dijkstra,classical,False,6,0,15,14,True,0.089535,19.485281229019165,18.0,0.21816615745008403,1.6448721593950577,0.0,16.6433162689209,19.53125,95.556,
vin test 16x16 -2,non_urban,3,Dijkstra,classical,False,15,4,7,4,True,0.031289,8.0,9.0,0.0,1.275412073846564,0.0,8.0,19.53125,38.169,
vin test 16x16 -2,non_urban,4,Dijkstra,classical,False,2,4,4,2,True,0.013847,3.414213538169861,4.0,0.39269908169872414,1.1035533905932737,0.0,2.8284270763397217,19.53125,30.097,
vin test 16x16 -2,non_urban,5,Dijkstra,classical,False,14,14,10,1,True,0.065036,15.242640614509583,15.0,0.20943951023931953,1.5190562969322896,0.0,13.601470947265625,19.53125,75.001,
vin test 16x16 -2,non_urban,6,Dijkstra,classical,False,10,13,15,14,True,0.021819,5.414213538169861,6.0,0.2617993935039064,1.5107491837076632,0.0,5.099019527435303,19.53125,34.689,
vin test 16x16 -2,non_urban,7,Dijkstra,classical,False,15,10,6,1,True,0.065608,15.071067690849304,14.0,0.22439947770130964,1.6625426895124258,0.0,12.727922439575195,19.53125,73.761,
vin test 16x16 -2,non_urban,8,Dijkstra,classical,False,2,12,3,8,True,0.021327,5.828427076339722,6.0,0.5235987698935419,1.0,0.0,4.123105525970459,19.53125,58.689,
vin test 16x16 -2,non_urban,9,Dijkstra,classical,False,8,0,7,0,True,0.001807,1.0,2.0,0.0,2.0,0.0,1.0,19.53125,13.369,
vin test 16x16 -2,non_urban,10,Dijkstra,classical,False,7,1,0,4,True,0.041606,8.242640614509583,8.0,0.0981747725639649,1.4571067811865475,0.0,7.6157732009887695,19.53125,96.425,
vin test 16x16 -2,non_urban,1,Potential Field,classical,False,0,13,12,1,True,0.389125,21.55634891986847,18.0,0.5672320040457787,1.1472378633262714,0.0,16.970561981201172,19.53125,227.078,
vin test 16x16 -2,non_urban,2,Potential Field,classical,False,6,0,15,14,True,0.398362,27.97056245803833,24.0,0.425424003034334,1.2208567949894071,0.0,16.6433162689209,19.53125,119.447,
vin test 16x16 -2,non_urban,3,Potential Field,classical,False,15,4,7,4,True,0.549001,8.0,9.0,0.0,1.275412073846564,0.0,8.0,19.53125,106.679,
vin test 16x16 -2,non_urban,4,Potential Field,classical,False,2,4,4,2,True,0.53787,4.828427076339722,5.0,0.1570796292566355,1.082842712474619,0.0,2.8284270763397217,19.53125,112.722,
vin test 16x16 -2,non_urban,5,Potential Field,classical,False,14,14,10,1,True,0.518976,17.727921843528748,15.0,0.4188790159148335,1.0552284749830794,0.0,13.601470947265625,19.53125,120.887,
vin test 16x16 -2,non_urban,6,Potential Field,classical,False,10,13,15,14,True,0.446365,5.414213538169861,6.0,0.1308996967519532,1.7167605132909616,0.0,5.099019527435303,19.53125,116.759,
vin test 16x16 -2,non_urban,7,Potential Field,classical,False,15,10,6,1,True,0.441969,25.55634891986847,22.0,0.46409891551277727,1.3892258456682791,0.0,12.727922439575195,19.53125,227.657,
vin test 16x16 -2,non_urban,8,Potential Field,classical,False,2,12,3,8,True,0.404057,5.828427076339722,6.0,0.5235987698935419,1.0,0.0,4.123105525970459,19.53125,115.975,
vin test 16x16 -2,non_urban,9,Potential Field,classical,False,8,0,7,0,True,0.427764,1.0,2.0,0.0,2.0,0.0,1.0,19.53125,121.999,
vin test 16x16 -2,non_urban,10,Potential Field,classical,False,7,1,0,4,True,0.473854,8.242640614509583,8.0,0.1963495451279298,1.4348385830773844,0.0,7.6157732009887695,19.53125,105.372,
vin test 16x16 -2,non_urban,1,Probabilistic Foam (GBPF),classical,True,0,13,12,1,True,5.843637,31.071067690849304,30.0,0.6544984677864466,1.8067417439661024,0.0,16.970561981201172,19.53125,337.395,
vin test 16x16 -2,non_urban,2,Probabilistic Foam (GBPF),classical,True,6,0,15,14,True,1.247704,26.313708305358887,24.0,0.589048621121897,1.390484620483802,0.0,16.6433162689209,19.53125,139.225,
vin test 16x16 -2,non_urban,3,Probabilistic Foam (GBPF),classical,True,15,4,7,4,True,0.010347,11.41421353816986,12.0,0.39269908169872414,1.3387079251871652,0.0,8.0,19.53125,21.077,
vin test 16x16 -2,non_urban,4,Probabilistic Foam (GBPF),classical,True,2,4,4,2,True,0.018705,6.2426406145095825,6.0,0.7853981576926913,1.304737854124365,0.0,2.8284270763397217,19.53125,31.085,
vin test 16x16 -2,non_urban,5,Probabilistic Foam (GBPF),classical,True,14,14,10,1,True,0.525101,17.242640614509583,17.0,0.2771993477604474,1.5550662349327782,0.0,13.601470947265625,19.53125,100.685,
vin test 16x16 -2,non_urban,6,Probabilistic Foam (GBPF),classical,True,10,13,15,14,True,0.005892,5.414213538169861,6.0,0.2617993935039064,1.5107491837076632,0.0,5.099019527435303,19.53125,15.829,
vin test 16x16 -2,non_urban,7,Probabilistic Foam (GBPF),classical,True,15,10,6,1,True,0.310954,25.071067690849304,24.0,0.6544984694978737,1.6097515173569839,0.0,12.727922439575195,19.53125,77.117,
vin test 16x16 -2,non_urban,8,Probabilistic Foam (GBPF),classical,True,2,12,3,8,True,0.097853,6.414213538169861,7.0,0.6731984257692414,1.2020305089104422,0.0,4.123105525970459,19.53125,65.437,
vin test 16x16 -2,non_urban,9,Probabilistic Foam (GBPF),classical,True,8,0,7,0,True,0.00397,4.414213538169861,5.0,0.6283185307179586,1.8,0.0,1.0,19.53125,18.445,
vin test 16x16 -2,non_urban,10,Probabilistic Foam (GBPF),classical,True,7,1,0,4,True,0.086299,10.0,11.0,0.28559933214452665,1.4292135774307602,0.0,7.6157732009887695,19.53125,69.597,
vin test 16x16 -2,non_urban,1,Probabilistic Foam (PFM),classical,True,0,13,12,1,True,0.372286,28.14213538169861,25.0,0.5654866735387378,2.118012656671134,0.0,16.970561981201172,19.53125,216.958,
vin test 16x16 -2,non_urban,2,Probabilistic Foam (PFM),classical,True,6,0,15,14,True,0.332034,24.313708305358887,22.0,0.42839899043757595,2.019624890311971,0.0,16.6433162689209,19.53125,100.755,
vin test 16x16 -2,non_urban,3,Probabilistic Foam (PFM),classical,True,15,4,7,4,True,0.075475,10.485281229019165,9.0,0.17453292900260425,1.3674595321516962,0.0,8.0,19.53125,42.073,
vin test 16x16 -2,non_urban,4,Probabilistic Foam (PFM),classical,True,2,4,4,2,True,0.021936,5.656854152679443,5.0,0.314159258513271,1.3313708498984762,0.0,2.8284270763397217,19.53125,21.529,
vin test 16x16 -2,non_urban,5,Probabilistic Foam (PFM),classical,True,14,14,10,1,True,0.127852,22.071067690849304,21.0,0.4113990338952655,2.2274389880608174,0.0,13.601470947265625,19.53125,62.119,
vin test 16x16 -2,non_urban,6,Probabilistic Foam (PFM),classical,True,10,13,15,14,True,0.019375,6.828427076339722,7.0,0.44879895540261927,1.9592538060169808,0.0,5.099019527435303,19.53125,22.969,
vin test 16x16 -2,non_urban,7,Probabilistic Foam (PFM),classical,True,15,10,6,1,True,0.147765,20.242640614509583,20.0,0.3141592636475522,2.341134916658558,0.0,12.727922439575195,19.53125,69.017,
vin test 16x16 -2,non_urban,8,Probabilistic Foam (PFM),classical,True,2,12,3,8,True,0.075316,9.242640614509583,9.0,0.26179938209439246,1.2031585694162432,0.0,4.123105525970459,19.53125,102.905,
vin test 16x16 -2,non_urban,9,Probabilistic Foam (PFM),classical,True,8,0,7,0,True,0.005985,3.0,4.0,0.7853981633974483,2.0,0.0,1.0,19.53125,20.713,
vin test 16x16 -2,non_urban,10,Probabilistic Foam (PFM),classical,True,7,1,0,4,True,0.069081,12.242640614509583,12.0,0.45814893007470076,1.9816059786970708,0.0,7.6157732009887695,19.53125,81.167,
vin test 16x16 -2,non_urban,1,Probabilistic Foam (RBPF),classical,True,0,13,12,1,True,0.384794,27.55634891986847,24.0,0.5890486154171403,2.0402576808951367,0.0,16.970561981201172,19.53125,218.782,
vin test 16x16 -2,non_urban,2,Probabilistic Foam (RBPF),classical,True,6,0,15,14,True,0.22204,25.727921843528748,23.0,0.4780684457972059,1.742887284075222,0.0,16.6433162689209,19.53125,84.23,
vin test 16x16 -2,non_urban,3,Probabilistic Foam (RBPF),classical,True,15,4,7,4,True,0.14197,17.899494767189026,16.0,0.5399612362661037,1.6732936896715844,0.0,8.0,19.53125,64.948,
vin test 16x16 -2,non_urban,4,Probabilistic Foam (RBPF),classical,True,2,4,4,2,True,0.050423,7.656854152679443,7.0,0.5609986759165553,1.4632343838741837,0.0,2.8284270763397217,19.53125,33.148,
vin test 16x16 -2,non_urban,5,Probabilistic Foam (RBPF),classical,True,14,14,10,1,True,0.099619,23.485281229019165,22.0,0.42839899199341874,2.280062375396716,0.0,13.601470947265625,19.53125,56.122,
vin test 16x16 -2,non_urban,6,Probabilistic Foam (RBPF),classical,True,10,13,15,14,True,0.008766,6.828427076339722,7.0,0.33659921532951653,2.2195187224636515,0.0,5.099019527435303,19.53125,17.596,
vin test 16x16 -2,non_urban,7,Probabilistic Foam (RBPF),classical,True,15,10,6,1,True,0.518131,43.455843687057495,37.0,0.5943553659702708,1.9856353526511619,0.0,12.727922439575195,19.53125,123.532,
vin test 16x16 -2,non_urban,8,Probabilistic Foam (RBPF),classical,True,2,12,3,8,True,0.058361,7.2426406145095825,7.0,0.33659921043972485,1.5214687914104121,0.0,4.123105525970459,19.53125,86.418,
vin test 16x16 -2,non_urban,9,Probabilistic Foam (RBPF),classical,True,8,0,7,0,True,0.004082,3.0,4.0,0.7853981633974483,2.0,0.0,1.0,19.53125,17.844,
vin test 16x16 -2,non_urban,10,Probabilistic Foam (RBPF),classical,True,7,1,0,4,True,0.161493,12.242640614509583,12.0,0.5235987755982988,2.1482726453637375,0.0,7.6157732009887695,19.53125,121.94,
vin test 16x16 -2,non_urban,1,Probabilistic Foam (HPF),classical,True,0,13,12,1,True,0.122926,23.55634891986847,20.0,0.5105088036412007,1.2035533905932738,0.0,16.970561981201172,19.53125,172.134,
vin test 16x16 -2,non_urban,2,Probabilistic Foam (HPF),classical,True,6,0,15,14,True,0.1501,23.727921843528748,21.0,0.5235987707085071,1.8093784288053483,0.0,16.6433162689209,19.53125,85.881,
vin test 16x16 -2,non_urban,3,Probabilistic Foam (HPF),classical,True,15,4,7,4,True,0.021881,9.656854152679443,9.0,0.3490658580052085,1.3674595321516962,0.0,8.0,19.53125,25.857,
vin test 16x16 -2,non_urban,4,Probabilistic Foam (HPF),classical,True,2,4,4,2,True,0.01526,5.656854152679443,5.0,0.314159258513271,1.3313708498984762,0.0,2.8284270763397217,19.53125,21.147,
vin test 16x16 -2,non_urban,5,Probabilistic Foam (HPF),classical,True,14,14,10,1,True,0.130948,21.727921843528748,19.0,0.45470419355642283,1.6330781653212434,0.0,13.601470947265625,19.53125,63.881,
vin test 16x16 -2,non_urban,6,Probabilistic Foam (HPF),classical,True,10,13,15,14,True,0.00841,6.828427076339722,7.0,0.44879895540261927,1.9592538060169808,0.0,5.099019527435303,19.53125,16.409,
vin test 16x16 -2,non_urban,7,Probabilistic Foam (HPF),classical,True,15,10,6,1,True,0.066733,17.313708305358887,15.0,0.261799386658198,1.74026831852801,0.0,12.727922439575195,19.53125,48.199,
vin test 16x16 -2,non_urban,8,Probabilistic Foam (HPF),classical,True,2,12,3,8,True,0.037724,7.2426406145095825,7.0,0.2243994703666221,1.0,0.0,4.123105525970459,19.53125,83.521,
vin test 16x16 -2,non_urban,9,Probabilistic Foam (HPF),classical,True,8,0,7,0,True,0.002007,3.0,4.0,0.7853981633974483,2.0,0.0,1.0,19.53125,17.721,
vin test 16x16 -2,non_urban,10,Probabilistic Foam (HPF),classical,True,7,1,0,4,True,0.043206,11.899494767189026,10.0,0.39269907656444286,1.431370849898476,0.0,7.6157732009887695,19.53125,65.993,
vin test 28x28 -1,non_urban,1,A*,classical,False,9,22,15,3,True,0.04269,21.485281229019165,20.0,0.19634953657079435,2.5839651892666735,0.0,19.92485809326172,7.670454545454546,159.078,
vin test 28x28 -1,non_urban,2,A*,classical,False,25,0,15,25,True,0.120679,29.14213538169861,26.0,0.5437371781960461,4.56981321531266,0.0,26.925823211669922,7.670454545454546,141.913,
vin test 28x28 -1,non_urban,3,A*,classical,False,18,8,19,7,True,0.002093,1.4142135381698608,2.0,0.0,1.618033988749895,0.0,1.4142135381698608,7.670454545454546,15.265,
vin test 28x28 -1,non_urban,4,A*,classical,False,30,6,10,4,True,0.032116,20.82842707633972,21.0,0.14959965343080364,5.476298396267826,0.0,20.099750518798828,7.670454545454546,68.796,
vin test 28x28 -1,non_urban,5,A*,classical,False,10,25,5,3,True,0.058221,24.071067690849304,23.0,0.3414774549057293,4.174786183540895,0.0,22.56102752685547,7.670454545454546,93.889,
vin test 28x28 -1,non_urban,6,A*,classical,False,14,23,14,25,True,0.00272,2.0,3.0,0.0,6.08428328525216,0.0,2.0,7.670454545454546,18.361,
vin test 28x28 -1,non_urban,7,A*,classical,False,4,30,12,19,True,0.023353,14.313708305358887,12.0,0.26179938209439246,8.270751253472824,0.0,13.601470947265625,7.670454545454546,100.961,
vin test 28x28 -1,non_urban,8,A*,classical,False,23,2,25,20,True,0.035787,18.82842707633972,19.0,0.1240102336236596,5.115829445269607,0.0,18.11077117919922,7.670454545454546,116.521,
vin test 28x28 -1,non_urban,9,A*,classical,False,25,14,32,0,True,0.040852,16.899494767189026,15.0,0.5235987641887849,10.451286761931533,0.0,15.65247631072998,7.670454545454546,94.599,
vin test 28x28 -1,non_urban,10,A*,classical,False,30,0,29,2,True,0.003014,2.414213538169861,3.0,0.26179938209439246,13.708647089752638,0.0,2.2360680103302,7.670454545454546,18.625,
vin test 28x28 -1,non_urban,1,SPRM,classical,False,9,22,15,3,True,0.136439,24.79898953437805,20.0,0.314159258513271,3.9239234486005294,0.0,19.92485809326172,7.670454545454546,561.478,
vin test 28x28 -1,non_urban,2,SPRM,classical,False,25,0,15,25,True,0.093384,29.14213538169861,26.0,0.3322838311198058,5.347440411942824,0.0,26.925823211669922,7.670454545454546,437.073,
vin test 28x28 -1,non_urban,3,SPRM,classical,False,18,8,19,7,True,0.007697,1.4142135381698608,2.0,0.0,1.618033988749895,0.0,1.4142135381698608,7.670454545454546,12.97,
vin test 28x28 -1,non_urban,4,SPRM,classical,False,30,6,10,4,True,0.065642,21.656854152679443,21.0,0.2991993068616073,5.519948405768461,0.0,20.099750518798828,7.670454545454546,151.113,
vin test 28x28 -1,non_urban,5,SPRM,classical,False,10,25,5,3,True,0.137302,24.071067690849304,23.0,0.3414774549057293,6.171065524510678,0.0,22.56102752685547,7.670454545454546,485.906,
vin test 28x28 -1,non_urban,6,SPRM,classical,False,14,23,14,25,True,0.008758,2.0,3.0,0.0,6.08428328525216,0.0,2.0,7.670454545454546,13.466,
vin test 28x28 -1,non_urban,7,SPRM,classical,False,4,30,12,19,True,0.009688,14.313708305358887,12.0,0.3926990731415887,8.544833494727007,0.0,13.601470947265625,7.670454545454546,24.042,
vin test 28x28 -1,non_urban,8,SPRM,classical,False,23,2,25,20,True,0.078146,23.79898953437805,19.0,0.4133674454121986,8.744086088164584,0.0,18.11077117919922,7.670454545454546,196.622,
vin test 28x28 -1,non_urban,9,SPRM,classical,False,25,14,32,0,True,0.157724,20.41421353816986,21.0,0.14959964854101196,11.53866869924859,0.0,15.65247631072998,7.670454545454546,515.03,
vin test 28x28 -1,non_urban,10,SPRM,classical,False,30,0,29,2,True,0.019468,2.414213538169861,3.0,0.26179938209439246,13.961662541912034,0.0,2.2360680103302,7.670454545454546,13.466,
Labyrinth,non_urban,1,RRT*,classical,False,9,18,19,2,True,3.387094,22.485281229019165,21.0,0.2991992987119545,3.1859759358581505,0.0,18.867961883544922,11.052631578947368,279.01,
Labyrinth,non_urban,2,RRT*,classical,False,12,0,7,7,True,0.60789,9.071067690849304,8.0,0.3926990731415887,4.258883476483184,0.0,8.602325439453125,11.052631578947368,69.263,
Labyrinth,non_urban,3,RRT*,classical,False,11,6,19,5,True,0.060568,8.41421353816986,9.0,0.17453292900260425,2.890052180305739,0.0,8.062257766723633,11.052631578947368,35.507,
Labyrinth,non_urban,4,RRT*,classical,False,14,3,14,2,True,12.651299,1.0,2.0,0.0,5.5,0.0,1.0,11.052631578947368,331.811,
Labyrinth,non_urban,5,RRT*,classical,False,19,15,6,2,True,12.336044,20.727921843528748,18.0,0.43633231490016805,2.3333333333333335,0.0,18.384777069091797,11.052631578947368,309.654,
Labyrinth,non_urban,6,RRT*,classical,False,3,17,0,12,True,7.69751,6.2426406145095825,6.0,0.5235987641887849,3.5,0.0,5.830951690673828,11.052631578947368,234.747,
Labyrinth,non_urban,7,RRT*,classical,False,16,0,15,0,True,23.120229,1.0,2.0,0.0,8.031128874149275,0.0,1.0,11.052631578947368,574.98,
Labyrinth,non_urban,8,RRT*,classical,False,9,2,16,5,True,6.837782,8.242640614509583,8.0,0.5890486353837894,4.145284707521047,0.0,7.6157732009887695,11.052631578947368,201.067,
Labyrinth,non_urban,9,RRT*,classical,False,4,6,7,14,True,8.866162,17.82842707633972,18.0,0.21816615554849836,1.0230118645762831,0.0,8.5440034866333,11.052631578947368,253.899,
Labyrinth,non_urban,10,RRT*,classical,False,10,17,13,0,True,4.384132,23.656854152679443,23.0,0.3414774563939268,2.4782608695652173,0.0,17.262676239013672,11.052631578947368,172.099,
Labyrinth,non_urban,1,RRT-Connect,classical,False,,,,,False,,,,,,,,,,name 'n' is not defined
Labyrinth,non_urban,2,RRT-Connect,classical,False,,,,,False,,,,,,,,,,name 'n' is not defined
Labyrinth,non_urban,3,RRT-Connect,classical,False,,,,,False,,,,,,,,,,name 'n' is not defined
Labyrinth,non_urban,4,RRT-Connect,classical,False,,,,,False,,,,,,,,,,name 'n' is not defined
Labyrinth,non_urban,5,RRT-Connect,classical,False,,,,,False,,,,,,,,,,name 'n' is not defined
Labyrinth,non_urban,6,RRT-Connect,classical,False,,,,,False,,,,,,,,,,name 'n' is not defined
Labyrinth,non_urban,7,RRT-Connect,classical,False,,,,,False,,,,,,,,,,name 'n' is not defined
Labyrinth,non_urban,8,RRT-Connect,classical,False,,,,,False,,,,,,,,,,name 'n' is not defined
Labyrinth,non_urban,9,RRT-Connect,classical,False,,,,,False,,,,,,,,,,name 'n' is not defined
Labyrinth,non_urban,10,RRT-Connect,classical,False,,,,,False,,,,,,,,,,name 'n' is not defined
Labyrinth,non_urban,1,Wave-front,classical,False,9,18,19,2,True,0.089988,22.485281229019165,21.0,0.11219973681324162,2.3965118857530534,0.0,18.867961883544922,11.052631578947368,130.142,
Labyrinth,non_urban,2,Wave-front,classical,False,12,0,7,7,True,0.023148,9.071067690849304,8.0,0.09817476828539717,4.383883476483184,0.0,8.602325439453125,11.052631578947368,17.183,
Labyrinth,non_urban,3,Wave-front,classical,False,11,6,19,5,True,0.036568,8.41421353816986,9.0,0.08726646450130213,2.6300051530788853,0.0,8.062257766723633,11.052631578947368,17.063,
Labyrinth,non_urban,4,Wave-front,classical,False,14,3,14,2,True,0.001021,1.0,2.0,0.0,5.5,0.0,1.0,11.052631578947368,8.265,
Labyrinth,non_urban,5,Wave-front,classical,False,19,15,6,2,True,0.094836,20.727921843528748,18.0,0.13089969485036754,2.3333333333333335,0.0,18.384777069091797,11.052631578947368,22.095,
Labyrinth,non_urban,6,Wave-front,classical,False,3,17,0,12,True,0.018327,6.2426406145095825,6.0,0.13089969104719623,3.0,0.0,5.830951690673828,11.052631578947368,16.719,
Labyrinth,non_urban,7,Wave-front,classical,False,16,0,15,0,True,0.0,1.0,2.0,0.0,8.031128874149275,0.0,1.0,11.052631578947368,11.143,
Labyrinth,non_urban,8,Wave-front,classical,False,9,2,16,5,True,0.045943,8.242640614509583,8.0,0.0981747725639649,4.895284707521047,0.0,7.6157732009887695,11.052631578947368,59.233,
Labyrinth,non_urban,9,Wave-front,classical,False,4,6,7,14,True,0.078742,17.242640614509583,17.0,0.1385996728735019,1.0,0.0,8.5440034866333,11.052631578947368,70.343,
Labyrinth,non_urban,10,Wave-front,classical,False,10,17,13,0,True,0.101974,23.071067690849304,22.0,0.1070997487762761,2.5470311063296234,0.0,17.262676239013672,11.052631578947368,23.999,
Labyrinth,non_urban,1,Dijkstra,classical,False,9,18,19,2,True,0.125573,22.485281229019165,21.0,0.11219973681324162,2.3965118857530534,0.0,18.867961883544922,11.052631578947368,236.462,
Labyrinth,non_urban,2,Dijkstra,classical,False,12,0,7,7,True,0.049796,9.071067690849304,8.0,0.09817476828539717,4.383883476483184,0.0,8.602325439453125,11.052631578947368,60.396,
Labyrinth,non_urban,3,Dijkstra,classical,False,11,6,19,5,True,0.049095,8.41421353816986,9.0,0.08726646450130213,2.6300051530788853,0.0,8.062257766723633,11.052631578947368,61.961,
Labyrinth,non_urban,4,Dijkstra,classical,False,14,3,14,2,True,0.002013,1.0,2.0,0.0,5.5,0.0,1.0,11.052631578947368,12.249,
Labyrinth,non_urban,5,Dijkstra,classical,False,19,15,6,2,True,0.107427,20.727921843528748,18.0,0.13089969485036754,2.3333333333333335,0.0,18.384777069091797,11.052631578947368,110.609,
Labyrinth,non_urban,6,Dijkstra,classical,False,3,17,0,12,True,0.020906,6.2426406145095825,6.0,0.13089969104719623,3.0,0.0,5.830951690673828,11.052631578947368,32.233,
Labyrinth,non_urban,7,Dijkstra,classical,False,16,0,15,0,True,0.00208,1.0,2.0,0.0,8.031128874149275,0.0,1.0,11.052631578947368,9.745,
Labyrinth,non_urban,8,Dijkstra,classical,False,9,2,16,5,True,0.043261,8.242640614509583,8.0,0.0981747725639649,4.895284707521047,0.0,7.6157732009887695,11.052631578947368,107.465,
Labyrinth,non_urban,9,Dijkstra,classical,False,4,6,7,14,True,0.084848,17.242640614509583,17.0,0.1385996728735019,1.0,0.0,8.5440034866333,11.052631578947368,145.377,
Labyrinth,non_urban,10,Dijkstra,classical,False,10,17,13,0,True,0.132529,23.071067690849304,22.0,0.1070997487762761,2.5470311063296234,0.0,17.262676239013672,11.052631578947368,127.16,
Labyrinth,non_urban,1,Potential Field,classical,False,9,18,19,2,True,0.499918,22.485281229019165,21.0,0.11219973844317217,3.2793486961176406,0.0,18.867961883544922,11.052631578947368,263.366,
Labyrinth,non_urban,2,Potential Field,classical,False,12,0,7,7,True,0.484365,9.071067690849304,8.0,0.09817476828539717,3.7588834764831844,0.0,8.602325439453125,11.052631578947368,154.039,
Labyrinth,non_urban,3,Potential Field,classical,False,11,6,19,5,True,0.485268,8.41421353816986,9.0,0.08726646450130213,3.3344966247501833,0.0,8.062257766723633,11.052631578947368,159.018,
Labyrinth,non_urban,4,Potential Field,classical,False,14,3,14,2,True,0.483696,1.0,2.0,0.0,5.5,0.0,1.0,11.052631578947368,156.911,
Labyrinth,non_urban,5,Potential Field,classical,False,19,15,6,2,True,0.498288,20.727921843528748,18.0,0.1308996929487819,2.4444444444444446,0.0,18.384777069091797,11.052631578947368,170.327,
Labyrinth,non_urban,6,Potential Field,classical,False,3,17,0,12,True,0.494464,6.2426406145095825,6.0,0.13089969104719623,4.0,0.0,5.830951690673828,11.052631578947368,167.191,
Labyrinth,non_urban,7,Potential Field,classical,False,16,0,15,0,True,0.517224,1.0,2.0,0.0,8.031128874149275,0.0,1.0,11.052631578947368,262.879,
Labyrinth,non_urban,8,Potential Field,classical,False,9,2,16,5,True,0.487592,8.242640614509583,8.0,0.0981747725639649,3.5202847075210473,0.0,7.6157732009887695,11.052631578947368,173.847,
Labyrinth,non_urban,9,Potential Field,classical,False,4,6,7,14,True,0.548178,29.727921843528748,27.0,0.26179938209439246,1.5185185185185186,0.0,8.5440034866333,11.052631578947368,189.175,
Labyrinth,non_urban,10,Potential Field,classical,False,10,17,13,0,True,0.491306,23.071067690849304,22.0,0.17849958181240774,2.3181818181818183,0.0,17.262676239013672,11.052631578947368,189.724,
Labyrinth,non_urban,1,Probabilistic Foam (GBPF),classical,True,9,18,19,2,True,0.045637,27.55634891986847,24.0,0.5890486168433294,3.05553751431716,0.0,18.867961883544922,11.052631578947368,105.631,
Labyrinth,non_urban,2,Probabilistic Foam (GBPF),classical,True,12,0,7,7,True,0.007087,9.656854152679443,9.0,0.4363323110969967,4.119007534651719,0.0,8.602325439453125,11.052631578947368,26.245,
Labyrinth,non_urban,3,Probabilistic Foam (GBPF),classical,True,11,6,19,5,True,0.003614,10.071067690849304,9.0,0.2617993935039064,3.8439157311796937,0.0,8.062257766723633,11.052631578947368,22.469,
Labyrinth,non_urban,4,Probabilistic Foam (GBPF),classical,True,14,3,14,2,True,0.001031,10.071067690849304,9.0,0.6108652439027723,5.909086893765667,0.0,1.0,11.052631578947368,19.437,
Labyrinth,non_urban,5,Probabilistic Foam (GBPF),classical,True,19,15,6,2,True,0.121129,21.313708305358887,19.0,0.28935722079605003,2.2323270295985838,0.0,18.384777069091797,11.052631578947368,99.244,
Labyrinth,non_urban,6,Probabilistic Foam (GBPF),classical,True,3,17,0,12,True,0.003552,6.2426406145095825,6.0,0.13089969104719623,3.0,0.0,5.830951690673828,11.052631578947368,13.773,
Labyrinth,non_urban,7,Probabilistic Foam (GBPF),classical,True,16,0,15,0,True,0.002699,1.0,2.0,0.0,8.031128874149275,0.0,1.0,11.052631578947368,11.333,
Labyrinth,non_urban,8,Probabilistic Foam (GBPF),classical,True,9,2,16,5,True,0.001552,11.071067690849304,10.0,0.5497787126667867,5.523334547203385,0.0,7.6157732009887695,11.052631578947368,23.813,
Labyrinth,non_urban,9,Probabilistic Foam (GBPF),classical,True,4,6,7,14,True,8.968909,20.899494767189026,19.0,0.49604093809764277,1.72781195393401,0.0,8.5440034866333,11.052631578947368,320.688,
Labyrinth,non_urban,10,Probabilistic Foam (GBPF),classical,True,10,17,13,0,True,0.059867,26.727921843528748,24.0,0.4908738471317429,2.728005664791649,0.0,17.262676239013672,11.052631578947368,50.203,
Labyrinth,non_urban,1,Probabilistic Foam (PFM),classical,True,9,18,19,2,True,0.112358,25.656854152679443,25.0,0.21991148506671468,3.4258441732966465,0.0,18.867961883544922,11.052631578947368,156.27,
Labyrinth,non_urban,2,Probabilistic Foam (PFM),classical,True,12,0,7,7,True,0.003748,9.071067690849304,8.0,0.09817476828539717,3.7588834764831844,0.0,8.602325439453125,11.052631578947368,12.217,
Labyrinth,non_urban,3,Probabilistic Foam (PFM),classical,True,11,6,19,5,True,0.012953,13.485281229019165,12.0,0.654498478055009,4.5475962890493635,0.0,8.062257766723633,11.052631578947368,18.577,
Labyrinth,non_urban,4,Probabilistic Foam (PFM),classical,True,14,3,14,2,True,0.002999,10.071067690849304,9.0,0.6108652439027723,6.691572803110785,0.0,1.0,11.052631578947368,13.793,
Labyrinth,non_urban,5,Probabilistic Foam (PFM),classical,True,19,15,6,2,True,0.045693,25.071067690849304,24.0,0.32724923760131525,4.435645079538676,0.0,18.384777069091797,11.052631578947368,31.321,
Labyrinth,non_urban,6,Probabilistic Foam (PFM),classical,True,3,17,0,12,True,0.011523,6.828427076339722,7.0,0.4487989456230359,3.0,0.0,5.830951690673828,11.052631578947368,16.657,
Labyrinth,non_urban,7,Probabilistic Foam (PFM),classical,True,16,0,15,0,False,0.330446,0.0,1.0,0.0,8.06225774829855,1.0,1.0,11.052631578947368,63.035,
Labyrinth,non_urban,8,Probabilistic Foam (PFM),classical,True,9,2,16,5,True,0.003323,8.242640614509583,8.0,0.0981747725639649,4.895284707521047,0.0,7.6157732009887695,11.052631578947368,20.617,
Labyrinth,non_urban,9,Probabilistic Foam (PFM),classical,True,4,6,7,14,False,0.069747,0.0,1.0,0.0,1.0,8.5440034866333,8.5440034866333,11.052631578947368,73.073,
Labyrinth,non_urban,10,Probabilistic Foam (PFM),classical,True,10,17,13,0,True,0.121351,29.071067690849304,28.0,0.3926990829211721,3.984987935623804,0.0,17.262676239013672,11.052631578947368,90.921,
Labyrinth,non_urban,1,Probabilistic Foam (RBPF),classical,True,9,18,19,2,True,0.058489,28.727921843528748,26.0,0.5135295664005312,3.6416245696218743,0.0,18.867961883544922,11.052631578947368,126.606,
Labyrinth,non_urban,2,Probabilistic Foam (RBPF),classical,True,12,0,7,7,True,0.004553,9.071067690849304,8.0,0.09817476828539717,3.7588834764831844,0.0,8.602325439453125,11.052631578947368,20.796,
Labyrinth,non_urban,3,Probabilistic Foam (RBPF),classical,True,11,6,19,5,True,0.019751,11.485281229019165,10.0,0.39269908341015125,4.157115546859236,0.0,8.062257766723633,11.052631578947368,31.148,
Labyrinth,non_urban,4,Probabilistic Foam (RBPF),classical,True,14,3,14,2,True,0.002012,11.242640614509583,11.0,0.7139983396963735,6.4603631118400076,0.0,1.0,11.052631578947368,13.332,
Labyrinth,non_urban,5,Probabilistic Foam (RBPF),classical,True,19,15,6,2,True,0.058147,26.727921843528748,24.0,0.4581489257961331,4.405643976396155,0.0,18.384777069091797,11.052631578947368,37.764,
Labyrinth,non_urban,6,Probabilistic Foam (RBPF),classical,True,3,17,0,12,True,0.012496,7.414213538169861,8.0,0.29452430913475924,3.75,0.0,5.830951690673828,11.052631578947368,18.532,
Labyrinth,non_urban,7,Probabilistic Foam (RBPF),classical,True,16,0,15,0,False,0.409013,0.0,1.0,0.0,8.06225774829855,1.0,1.0,11.052631578947368,76.566,
Labyrinth,non_urban,8,Probabilistic Foam (RBPF),classical,True,9,2,16,5,True,0.00726,9.656854152679443,9.0,0.43633231490016805,5.240253073352042,0.0,7.6157732009887695,11.052631578947368,32.596,
Labyrinth,non_urban,9,Probabilistic Foam (RBPF),classical,True,4,6,7,14,True,0.239936,55.97056245803833,52.0,0.4833219467061223,3.0153496544297207,0.0,8.5440034866333,11.052631578947368,154.498,
Labyrinth,non_urban,10,Probabilistic Foam (RBPF),classical,True,10,17,13,0,True,0.169465,33.55634891986847,30.0,0.44505895982902977,4.097521455745546,0.0,17.262676239013672,11.052631578947368,66.516,
Labyrinth,non_urban,1,Probabilistic Foam (HPF),classical,True,9,18,19,2,True,0.170015,34.14213538169861,31.0,0.5827147658395823,3.8341526292838513,0.0,18.867961883544922,11.052631578947368,172.23,
Labyrinth,non_urban,2,Probabilistic Foam (HPF),classical,True,12,0,7,7,True,0.004976,9.071067690849304,8.0,0.3926990731415887,4.258883476483184,0.0,8.602325439453125,11.052631578947368,15.449,
Labyrinth,non_urban,3,Probabilistic Foam (HPF),classical,True,11,6,19,5,True,0.007025,9.828427076339722,10.0,0.39269908341015125,3.8837882267736523,0.0,8.062257766723633,11.052631578947368,15.553,
Labyrinth,non_urban,4,Probabilistic Foam (HPF),classical,True,14,3,14,2,True,0.002002,11.242640614509583,11.0,0.7139983396963735,5.246563094437458,0.0,1.0,11.052631578947368,13.409,
Labyrinth,non_urban,5,Probabilistic Foam (HPF),classical,True,19,15,6,2,True,0.052527,27.55634891986847,24.0,0.5890486254004649,3.9959011108296143,0.0,18.384777069091797,11.052631578947368,35.233,
Labyrinth,non_urban,6,Probabilistic Foam (HPF),classical,True,3,17,0,12,True,0.009981,6.828427076339722,7.0,0.560998680806347,3.4285714285714284,0.0,5.830951690673828,11.052631578947368,15.641,
Labyrinth,non_urban,7,Probabilistic Foam (HPF),classical,True,16,0,15,0,False,0.195926,0.0,1.0,0.0,8.06225774829855,1.0,1.0,11.052631578947368,48.019,
Labyrinth,non_urban,8,Probabilistic Foam (HPF),classical,True,9,2,16,5,True,0.00423,8.242640614509583,8.0,0.0981747725639649,4.895284707521047,0.0,7.6157732009887695,11.052631578947368,25.905,
Labyrinth,non_urban,9,Probabilistic Foam (HPF),classical,True,4,6,7,14,False,0.100376,0.0,1.0,0.0,1.0,8.5440034866333,8.5440034866333,11.052631578947368,93.921,
Labyrinth,non_urban,10,Probabilistic Foam (HPF),classical,True,10,17,13,0,True,0.068931,28.727921843528748,26.0,0.4229067020513745,3.2657951057649246,0.0,17.262676239013672,11.052631578947368,65.393,
vin test 8x8,non_urban,1,A*,classical,False,1,5,4,1,True,0.004623,5.2426406145095825,5.0,0.1570796292566355,1.2,0.0,5.0,54.6875,60.894,
vin test 8x8,non_urban,2,A*,classical,False,1,1,1,6,True,0.004498,5.0,6.0,0.0,1.0,0.0,5.0,54.6875,23.785,
vin test 8x8,non_urban,3,A*,classical,False,3,2,2,2,True,0.001978,1.0,2.0,0.0,2.0,0.0,1.0,54.6875,13.769,
vin test 8x8,non_urban,4,A*,classical,False,2,2,5,1,True,0.004595,3.414213538169861,4.0,0.3926990902558596,1.5,0.0,3.1622776985168457,54.6875,23.377,
vin test 8x8,non_urban,5,A*,classical,False,1,6,4,1,True,0.004528,6.2426406145095825,6.0,0.13089969104719623,1.1666666666666667,0.0,5.830951690673828,54.6875,25.809,
vin test 8x8,non_urban,6,A*,classical,False,6,5,1,6,True,0.004947,5.414213538169861,6.0,0.1308996967519532,1.0,0.0,5.099019527435303,54.6875,22.185,
vin test 8x8,non_urban,7,A*,classical,False,6,6,6,3,True,0.003906,3.0,4.0,0.0,1.0,0.0,3.0,54.6875,16.609,
vin test 8x8,non_urban,8,A*,classical,False,3,1,1,4,True,0.005136,3.8284270763397217,4.0,0.19634953657079435,1.25,0.0,3.605551242828369,54.6875,21.657,
vin test 8x8,non_urban,9,A*,classical,False,2,3,2,1,True,0.002523,2.0,3.0,0.0,1.3333333333333333,0.0,2.0,54.6875,16.489,
vin test 8x8,non_urban,10,A*,classical,False,1,1,3,1,True,0.00313,2.0,3.0,0.0,1.0,0.0,2.0,54.6875,15.041,
vin test 8x8,non_urban,1,SPRM,classical,False,1,5,4,1,True,0.116288,5.828427076339722,6.0,0.654498466645495,1.3333333333333333,0.0,5.0,54.6875,241.47,
vin test 8x8,non_urban,2,SPRM,classical,False,1,1,1,6,True,0.008487,5.0,6.0,0.0,1.0,0.0,5.0,54.6875,13.079,
vin test 8x8,non_urban,3,SPRM,classical,False,3,2,2,2,True,0.009839,1.0,2.0,0.0,2.0,0.0,1.0,54.6875,7.61,
vin test 8x8,non_urban,4,SPRM,classical,False,2,2,5,1,True,0.008899,3.414213538169861,4.0,0.3926990902558596,1.5,0.0,3.1622776985168457,54.6875,8.674,
vin test 8x8,non_urban,5,SPRM,classical,False,1,6,4,1,True,0.13807,8.0,9.0,0.17453292519943295,1.0,0.0,5.830951690673828,54.6875,459.715,
vin test 8x8,non_urban,6,SPRM,classical,False,6,5,1,6,True,0.132115,5.414213538169861,6.0,0.1308996967519532,1.0,0.0,5.099019527435303,54.6875,427.342,
vin test 8x8,non_urban,7,SPRM,classical,False,6,6,6,3,True,0.009898,3.0,4.0,0.0,1.0,0.0,3.0,54.6875,10.666,
vin test 8x8,non_urban,8,SPRM,classical,False,3,1,1,4,True,0.008336,3.8284270763397217,4.0,0.3926990731415887,1.25,0.0,3.605551242828369,54.6875,10.642,
vin test 8x8,non_urban,9,SPRM,classical,False,2,3,2,1,True,0.007939,2.0,3.0,0.0,1.3333333333333333,0.0,2.0,54.6875,9.642,
vin test 8x8,non_urban,10,SPRM,classical,False,1,1,3,1,True,0.0082,2.0,3.0,0.0,1.0,0.0,2.0,54.6875,9.642,
vin test 8x8,non_urban,1,RT,classical,False,1,5,4,1,True,0.010601,6.414213538169861,7.0,0.44879895540261927,1.1428571428571428,0.0,5.0,54.6875,66.302,
vin test 8x8,non_urban,2,RT,classical,False,1,1,1,6,True,0.263883,5.0,6.0,0.0,1.0,0.0,5.0,54.6875,176.226,
vin test 8x8,non_urban,3,RT,classical,False,3,2,2,2,True,0.025787,12.071067690849304,11.0,0.713998327249631,1.4545454545454546,0.0,1.0,54.6875,50.785,
vin test 8x8,non_urban,4,RT,classical,False,2,2,5,1,True,0.105278,7.656854152679443,7.0,0.4487989456230359,1.2857142857142858,0.0,3.1622776985168457,54.6875,117.998,
vin test 8x8,non_urban,5,RT,classical,False,1,6,4,1,True,0.087028,17.071067690849304,16.0,0.5890486225480862,1.375,0.0,5.830951690673828,54.6875,88.901,
vin test 8x8,non_urban,6,RT,classical,False,6,5,1,6,True,0.12816,16.242640614509583,16.0,0.4908738499841213,1.0625,0.0,5.099019527435303,54.6875,110.748,
vin test 8x8,non_urban,7,RT,classical,False,6,6,6,3,True,0.042482,24.313708305358887,22.0,0.7139983288054738,1.2727272727272727,0.0,3.0,54.6875,62.326,
vin test 8x8,non_urban,8,RT,classical,False,3,1,1,4,True,0.058459,20.656854152679443,20.0,0.5890486234037998,1.2,0.0,3.605551242828369,54.6875,102.033,
vin test 8x8,non_urban,9,RT,classical,False,2,3,2,1,True,0.029636,13.071067690849304,12.0,1.0471975569013547,1.5833333333333333,0.0,2.0,54.6875,55.566,
vin test 8x8,non_urban,10,RT,classical,False,1,1,3,1,True,0.020031,8.828427076339722,9.0,0.5235987679919563,1.1111111111111112,0.0,2.0,54.6875,45.273,
vin test 8x8,non_urban,1,RRT,classical,False,1,5,4,1,True,0.008697,7.0,8.0,0.19634954084936207,1.0,0.0,5.0,54.6875,61.599,
vin test 8x8,non_urban,2,RRT,classical,False,1,1,1,6,True,0.027332,5.0,6.0,0.0,1.0,0.0,5.0,54.6875,41.69,
vin test 8x8,non_urban,3,RRT,classical,False,3,2,2,2,True,0.00446,1.0,2.0,0.0,2.0,0.0,1.0,54.6875,15.174,
vin test 8x8,non_urban,4,RRT,classical,False,2,2,5,1,True,0.004374,4.0,5.0,0.3141592653589793,1.8,0.0,3.1622776985168457,54.6875,16.554,
vin test 8x8,non_urban,5,RRT,classical,False,1,6,4,1,True,0.021152,10.242640614509583,10.0,0.39269907656444286,1.1,0.0,5.830951690673828,54.6875,39.431,
vin test 8x8,non_urban,6,RRT,classical,False,6,5,1,6,True,0.035252,5.414213538169861,6.0,0.1308996967519532,1.0,0.0,5.099019527435303,54.6875,43.602,
vin test 8x8,non_urban,7,RRT,classical,False,6,6,6,3,True,0.001363,3.0,4.0,0.0,1.0,0.0,3.0,54.6875,11.776,
vin test 8x8,non_urban,8,RRT,classical,False,3,1,1,4,True,0.001368,3.8284270763397217,4.0,0.3926990731415887,1.25,0.0,3.605551242828369,54.6875,12.77,
vin test 8x8,non_urban,9,RRT,classical,False,2,3,2,1,True,0.004085,2.0,3.0,0.0,1.3333333333333333,0.0,2.0,54.6875,15.832,
vin test 8x8,non_urban,10,RRT,classical,False,1,1,3,1,True,0.002661,2.0,3.0,0.0,1.0,0.0,2.0,54.6875,12.218,
vin test 8x8,non_urban,1,RRT*,classical,False,1,5,4,1,True,0.120435,5.828427076339722,6.0,0.654498466645495,1.3333333333333333,0.0,5.0,54.6875,107.077,
vin test 8x8,non_urban,2,RRT*,classical,False,1,1,1,6,True,0.159285,5.0,6.0,0.0,1.0,0.0,5.0,54.6875,81.713,
vin test 8x8,non_urban,3,RRT*,classical,False,3,2,2,2,True,0.158968,1.0,2.0,0.0,2.0,0.0,1.0,54.6875,44.969,
vin test 8x8,non_urban,4,RRT*,classical,False,2,2,5,1,True,0.017103,3.414213538169861,4.0,0.3926990902558596,1.5,0.0,3.1622776985168457,54.6875,20.511,
vin test 8x8,non_urban,5,RRT*,classical,False,1,6,4,1,True,0.229912,6.2426406145095825,6.0,0.13089969104719623,1.1666666666666667,0.0,5.830951690673828,54.6875,39.797,
vin test 8x8,non_urban,6,RRT*,classical,False,6,5,1,6,True,0.284849,5.414213538169861,6.0,0.1308996967519532,1.0,0.0,5.099019527435303,54.6875,51.926,
vin test 8x8,non_urban,7,RRT*,classical,False,6,6,6,3,True,0.002002,3.0,4.0,0.0,1.0,0.0,3.0,54.6875,10.131,
vin test 8x8,non_urban,8,RRT*,classical,False,3,1,1,4,True,0.090989,3.8284270763397217,4.0,0.3926990731415887,1.25,0.0,3.605551242828369,54.6875,88.339,
vin test 8x8,non_urban,9,RRT*,classical,False,2,3,2,1,True,0.006202,2.0,3.0,0.0,1.3333333333333333,0.0,2.0,54.6875,17.683,
vin test 8x8,non_urban,10,RRT*,classical,False,1,1,3,1,True,0.326549,2.0,3.0,0.0,1.0,0.0,2.0,54.6875,108.143,
vin test 8x8,non_urban,1,RRT-Connect,classical,False,,,,,False,,,,,,,,,,name 'n' is not defined
vin test 8x8,non_urban,2,RRT-Connect,classical,False,,,,,False,,,,,,,,,,name 'n' is not defined
vin test 8x8,non_urban,3,RRT-Connect,classical,False,,,,,False,,,,,,,,,,name 'n' is not defined
vin test 8x8,non_urban,4,RRT-Connect,classical,False,,,,,False,,,,,,,,,,name 'n' is not defined
vin test 8x8,non_urban,5,RRT-Connect,classical,False,,,,,False,,,,,,,,,,name 'n' is not defined
vin test 8x8,non_urban,6,RRT-Connect,classical,False,,,,,False,,,,,,,,,,name 'n' is not defined
vin test 8x8,non_urban,7,RRT-Connect,classical,False,,,,,False,,,,,,,,,,name 'n' is not defined
vin test 8x8,non_urban,8,RRT-Connect,classical,False,,,,,False,,,,,,,,,,name 'n' is not defined
vin test 8x8,non_urban,9,RRT-Connect,classical,False,,,,,False,,,,,,,,,,name 'n' is not defined
vin test 8x8,non_urban,10,RRT-Connect,classical,False,,,,,False,,,,,,,,,,name 'n' is not defined
vin test 8x8,non_urban,1,Wave-front,classical,False,1,5,4,1,True,0.011827,5.2426406145095825,5.0,0.1570796292566355,1.2,0.0,5.0,54.6875,56.79,
vin test 8x8,non_urban,2,Wave-front,classical,False,1,1,1,6,True,0.007549,5.0,6.0,0.0,1.0,0.0,5.0,54.6875,22.609,
vin test 8x8,non_urban,3,Wave-front,classical,False,3,2,2,2,True,0.001507,1.0,2.0,0.0,2.0,0.0,1.0,54.6875,9.977,
vin test 8x8,non_urban,4,Wave-front,classical,False,2,2,5,1,True,0.005958,3.414213538169861,4.0,0.1963495451279298,1.75,0.0,3.1622776985168457,54.6875,20.041,
vin test 8x8,non_urban,5,Wave-front,classical,False,1,6,4,1,True,0.012921,6.2426406145095825,6.0,0.13089969104719623,1.1666666666666667,0.0,5.830951690673828,54.6875,27.439,
vin test 8x8,non_urban,6,Wave-front,classical,False,6,5,1,6,True,0.007899,5.414213538169861,6.0,0.1308996967519532,1.0,0.0,5.099019527435303,54.6875,24.337,
vin test 8x8,non_urban,7,Wave-front,classical,False,6,6,6,3,True,0.006887,3.0,4.0,0.0,1.0,0.0,3.0,54.6875,18.511,
vin test 8x8,non_urban,8,Wave-front,classical,False,3,1,1,4,True,0.005247,3.8284270763397217,4.0,0.19634953657079435,1.25,0.0,3.605551242828369,54.6875,23.129,
vin test 8x8,non_urban,9,Wave-front,classical,False,2,3,2,1,True,0.002453,2.0,3.0,0.0,1.3333333333333333,0.0,2.0,54.6875,12.689,
vin test 8x8,non_urban,10,Wave-front,classical,False,1,1,3,1,True,0.003279,2.0,3.0,0.0,1.0,0.0,2.0,54.6875,13.729,
vin test 8x8,non_urban,1,Dijkstra,classical,False,1,5,4,1,True,0.009467,5.2426406145095825,5.0,0.1570796292566355,1.2,0.0,5.0,54.6875,71.438,
vin test 8x8,non_urban,2,Dijkstra,classical,False,1,1,1,6,True,0.009941,5.0,6.0,0.0,1.0,0.0,5.0,54.6875,31.777,
vin test 8x8,non_urban,3,Dijkstra,classical,False,3,2,2,2,True,0.001561,1.0,2.0,0.0,2.0,0.0,1.0,54.6875,12.265,
vin test 8x8,non_urban,4,Dijkstra,classical,False,2,2,5,1,True,0.007798,3.414213538169861,4.0,0.1963495451279298,1.75,0.0,3.1622776985168457,54.6875,28.993,
vin test 8x8,non_urban,5,Dijkstra,classical,False,1,6,4,1,True,0.013068,6.2426406145095825,6.0,0.13089969104719623,1.1666666666666667,0.0,5.830951690673828,54.6875,35.121,
vin test 8x8,non_urban,6,Dijkstra,classical,False,6,5,1,6,True,0.01086,5.414213538169861,6.0,0.1308996967519532,1.0,0.0,5.099019527435303,54.6875,33.969,
vin test 8x8,non_urban,7,Dijkstra,classical,False,6,6,6,3,True,0.003959,3.0,4.0,0.0,1.0,0.0,3.0,54.6875,19.169,
vin test 8x8,non_urban,8,Dijkstra,classical,False,3,1,1,4,True,0.009152,3.8284270763397217,4.0,0.19634953657079435,1.25,0.0,3.605551242828369,54.6875,35.473,
vin test 8x8,non_urban,9,Dijkstra,classical,False,2,3,2,1,True,0.004197,2.0,3.0,0.0,1.3333333333333333,0.0,2.0,54.6875,21.257,
vin test 8x8,non_urban,10,Dijkstra,classical,False,1,1,3,1,True,0.00349,2.0,3.0,0.0,1.0,0.0,2.0,54.6875,18.249,
vin test 8x8,non_urban,1,Potential Field,classical,False,1,5,4,1,True,0.073567,5.2426406145095825,5.0,0.1570796292566355,1.2,0.0,5.0,54.6875,158.286,
vin test 8x8,non_urban,2,Potential Field,classical,False,1,1,1,6,True,0.075622,5.0,6.0,0.0,1.0,0.0,5.0,54.6875,32.631,
vin test 8x8,non_urban,3,Potential Field,classical,False,3,2,2,2,True,0.073912,1.0,2.0,0.0,2.0,0.0,1.0,54.6875,30.785,
vin test 8x8,non_urban,4,Potential Field,classical,False,2,2,5,1,True,0.075301,3.414213538169861,4.0,0.1963495451279298,1.25,0.0,3.1622776985168457,54.6875,32.535,
vin test 8x8,non_urban,5,Potential Field,classical,False,1,6,4,1,True,0.077769,6.2426406145095825,6.0,0.13089969104719623,1.1666666666666667,0.0,5.830951690673828,54.6875,34.423,
vin test 8x8,non_urban,6,Potential Field,classical,False,6,5,1,6,True,0.077065,5.414213538169861,6.0,0.1308996967519532,1.0,0.0,5.099019527435303,54.6875,34.807,
vin test 8x8,non_urban,7,Potential Field,classical,False,6,6,6,3,True,0.0853,3.0,4.0,0.0,1.0,0.0,3.0,54.6875,34.039,
vin test 8x8,non_urban,8,Potential Field,classical,False,3,1,1,4,True,0.076181,3.8284270763397217,4.0,0.19634953657079435,1.25,0.0,3.605551242828369,54.6875,130.817,
vin test 8x8,non_urban,9,Potential Field,classical,False,2,3,2,1,True,0.073445,2.0,3.0,0.0,1.3333333333333333,0.0,2.0,54.6875,34.457,
vin test 8x8,non_urban,10,Potential Field,classical,False,1,1,3,1,True,0.076156,2.0,3.0,0.0,1.0,0.0,2.0,54.6875,35.175,
vin test 8x8,non_urban,1,Probabilistic Foam (GBPF),classical,True,1,5,4,1,True,0.01792,5.2426406145095825,5.0,0.1570796292566355,1.2,0.0,5.0,54.6875,59.167,
vin test 8x8,non_urban,2,Probabilistic Foam (GBPF),classical,True,1,1,1,6,True,0.012897,5.0,6.0,0.0,1.0,0.0,5.0,54.6875,23.149,
vin test 8x8,non_urban,3,Probabilistic Foam (GBPF),classical,True,3,2,2,2,True,0.005441,1.0,2.0,0.0,2.0,0.0,1.0,54.6875,12.333,
vin test 8x8,non_urban,4,Probabilistic Foam (GBPF),classical,True,2,2,5,1,True,0.003897,3.414213538169861,4.0,0.1963495451279298,1.25,0.0,3.1622776985168457,54.6875,14.037,
vin test 8x8,non_urban,5,Probabilistic Foam (GBPF),classical,True,1,6,4,1,True,0.023031,6.828427076339722,7.0,0.33659921532951653,1.2857142857142858,0.0,5.830951690673828,54.6875,31.981,
vin test 8x8,non_urban,6,Probabilistic Foam (GBPF),classical,True,6,5,1,6,True,0.005871,6.0,7.0,0.2243994752564138,1.0,0.0,5.099019527435303,54.6875,21.237,
vin test 8x8,non_urban,7,Probabilistic Foam (GBPF),classical,True,6,6,6,3,True,0.004686,3.0,4.0,0.0,1.0,0.0,3.0,54.6875,16.533,
vin test 8x8,non_urban,8,Probabilistic Foam (GBPF),classical,True,3,1,1,4,True,0.011867,4.414213538169861,5.0,0.4712388946156148,1.2,0.0,3.605551242828369,54.6875,26.909,
vin test 8x8,non_urban,9,Probabilistic Foam (GBPF),classical,True,2,3,2,1,True,0.001,2.8284270763397217,3.0,0.5235987641887849,1.3333333333333333,0.0,2.0,54.6875,11.533,
vin test 8x8,non_urban,10,Probabilistic Foam (GBPF),classical,True,1,1,3,1,True,0.002014,2.0,3.0,0.0,1.0,0.0,2.0,54.6875,11.925,
vin test 8x8,non_urban,1,Probabilistic Foam (PFM),classical,True,1,5,4,1,True,0.016255,5.828427076339722,6.0,0.39269908455110264,1.3333333333333333,0.0,5.0,54.6875,68.19,
vin test 8x8,non_urban,2,Probabilistic Foam (PFM),classical,True,1,1,1,6,True,0.028141,5.828427076339722,6.0,0.3926990731415887,1.1666666666666667,0.0,5.0,54.6875,43.041,
vin test 8x8,non_urban,3,Probabilistic Foam (PFM),classical,True,3,2,2,2,True,0.002375,3.0,4.0,0.7853981633974483,1.75,0.0,1.0,54.6875,13.017,
vin test 8x8,non_urban,4,Probabilistic Foam (PFM),classical,True,2,2,5,1,True,0.002976,3.414213538169861,4.0,0.3926990902558596,1.5,0.0,3.1622776985168457,54.6875,16.577,
vin test 8x8,non_urban,5,Probabilistic Foam (PFM),classical,True,1,6,4,1,True,0.027819,7.414213538169861,8.0,0.39269908169872414,1.375,0.0,5.830951690673828,54.6875,51.417,
vin test 8x8,non_urban,6,Probabilistic Foam (PFM),classical,True,6,5,1,6,True,0.044235,6.0,7.0,0.2243994752564138,1.0,0.0,5.099019527435303,54.6875,49.953,
vin test 8x8,non_urban,7,Probabilistic Foam (PFM),classical,True,6,6,6,3,True,0.007632,3.0,4.0,0.0,1.0,0.0,3.0,54.6875,13.433,
vin test 8x8,non_urban,8,Probabilistic Foam (PFM),classical,True,3,1,1,4,True,0.010112,4.414213538169861,5.0,0.6283185307179586,1.4,0.0,3.605551242828369,54.6875,29.737,
vin test 8x8,non_urban,9,Probabilistic Foam (PFM),classical,True,2,3,2,1,True,0.001998,2.0,3.0,0.0,1.3333333333333333,0.0,2.0,54.6875,12.809,
vin test 8x8,non_urban,10,Probabilistic Foam (PFM),classical,True,1,1,3,1,True,0.000992,2.0,3.0,0.0,1.0,0.0,2.0,54.6875,11.561,
vin test 8x8,non_urban,1,Probabilistic Foam (RBPF),classical,True,1,5,4,1,True,0.030211,11.242640614509583,11.0,0.4283989951051044,1.0909090909090908,0.0,5.0,54.6875,89.662,
vin test 8x8,non_urban,2,Probabilistic Foam (RBPF),classical,True,1,1,1,6,True,0.019657,5.828427076339722,6.0,0.3926990731415887,1.1666666666666667,0.0,5.0,54.6875,37.116,
vin test 8x8,non_urban,3,Probabilistic Foam (RBPF),classical,True,3,2,2,2,True,0.007204,3.0,4.0,0.7853981633974483,1.75,0.0,1.0,54.6875,22.02,
vin test 8x8,non_urban,4,Probabilistic Foam (RBPF),classical,True,2,2,5,1,True,0.001016,3.414213538169861,4.0,0.3926990902558596,1.5,0.0,3.1622776985168457,54.6875,12.932,
vin test 8x8,non_urban,5,Probabilistic Foam (RBPF),classical,True,1,6,4,1,True,0.028703,7.414213538169861,8.0,0.39269908169872414,1.375,0.0,5.830951690673828,54.6875,52.82,
vin test 8x8,non_urban,6,Probabilistic Foam (RBPF),classical,True,6,5,1,6,True,0.013549,6.0,7.0,0.2243994752564138,1.0,0.0,5.099019527435303,54.6875,23.956,
vin test 8x8,non_urban,7,Probabilistic Foam (RBPF),classical,True,6,6,6,3,True,0.007151,3.0,4.0,0.0,1.0,0.0,3.0,54.6875,13.548,
vin test 8x8,non_urban,8,Probabilistic Foam (RBPF),classical,True,3,1,1,4,True,0.005974,3.8284270763397217,4.0,0.3926990731415887,1.25,0.0,3.605551242828369,54.6875,22.844,
vin test 8x8,non_urban,9,Probabilistic Foam (RBPF),classical,True,2,3,2,1,True,0.001,2.8284270763397217,3.0,0.5235987641887849,1.3333333333333333,0.0,2.0,54.6875,11.484,
vin test 8x8,non_urban,10,Probabilistic Foam (RBPF),classical,True,1,1,3,1,True,0.001003,2.8284270763397217,3.0,0.0,1.3333333333333333,0.0,2.0,54.6875,11.58,
vin test 8x8,non_urban,1,Probabilistic Foam (HPF),classical,True,1,5,4,1,True,0.011498,5.828427076339722,6.0,0.5235987755982988,1.1666666666666667,0.0,5.0,54.6875,62.974,
vin test 8x8,non_urban,2,Probabilistic Foam (HPF),classical,True,1,1,1,6,True,0.016471,5.828427076339722,6.0,0.3926990731415887,1.1666666666666667,0.0,5.0,54.6875,28.097,
vin test 8x8,non_urban,3,Probabilistic Foam (HPF),classical,True,3,2,2,2,True,0.002169,3.0,4.0,0.7853981633974483,1.75,0.0,1.0,54.6875,13.553,
vin test 8x8,non_urban,4,Probabilistic Foam (HPF),classical,True,2,2,5,1,True,0.001,3.414213538169861,4.0,0.1963495451279298,1.75,0.0,3.1622776985168457,54.6875,12.721,
vin test 8x8,non_urban,5,Probabilistic Foam (HPF),classical,True,1,6,4,1,True,0.010811,6.2426406145095825,6.0,0.13089969104719623,1.1666666666666667,0.0,5.830951690673828,54.6875,29.417,
vin test 8x8,non_urban,6,Probabilistic Foam (HPF),classical,True,6,5,1,6,True,0.009941,5.414213538169861,6.0,0.1308996967519532,1.0,0.0,5.099019527435303,54.6875,28.857,
vin test 8x8,non_urban,7,Probabilistic Foam (HPF),classical,True,6,6,6,3,True,0.004512,3.0,4.0,0.0,1.0,0.0,3.0,54.6875,17.513,
vin test 8x8,non_urban,8,Probabilistic Foam (HPF),classical,True,3,1,1,4,True,0.006786,3.8284270763397217,4.0,0.3926990731415887,1.25,0.0,3.605551242828369,54.6875,23.409,
vin test 8x8,non_urban,9,Probabilistic Foam (HPF),classical,True,2,3,2,1,True,0.001604,2.0,3.0,0.0,1.3333333333333333,0.0,2.0,54.6875,14.577,
vin test 8x8,non_urban,10,Probabilistic Foam (HPF),classical,True,1,1,3,1,True,0.001236,2.0,3.0,0.0,1.0,0.0,2.0,54.6875,11.729,
vin test 8x8 -2,non_urban,1,A*,classical,False,0,7,7,0,True,0.014016,12.242640614509583,12.0,0.327249236175126,1.0690355937288494,0.0,9.899495124816895,28.125,87.67,
vin test 8x8 -2,non_urban,2,A*,classical,False,1,0,4,2,True,0.004019,3.8284270763397217,4.0,0.3926990902558596,1.4125703849682212,0.0,3.605551242828369,28.125,21.745,
vin test 8x8 -2,non_urban,3,A*,classical,False,1,2,0,2,True,0.001015,1.0,2.0,0.0,1.0,0.0,1.0,28.125,10.961,
vin test 8x8 -2,non_urban,4,A*,classical,False,0,1,6,0,True,0.007188,6.414213538169861,7.0,0.22439948014620548,1.2612038749637413,0.0,6.082762718200684,28.125,28.801,
vin test 8x8 -2,non_urban,5,A*,classical,False,3,7,7,5,True,0.015938,14.485281229019165,13.0,0.30207621800780865,1.1087856586440843,0.0,4.4721360206604,28.125,53.617,
vin test 8x8 -2,non_urban,6,A*,classical,False,5,0,4,6,True,0.028997,12.656854152679443,12.0,0.327249236175126,1.0345177968644246,0.0,6.082762718200684,28.125,63.041,
vin test 8x8 -2,non_urban,7,A*,classical,False,1,4,2,0,True,0.003847,4.414213538169861,5.0,0.1570796292566355,1.282842712474619,0.0,4.123105525970459,28.125,13.489,
vin test 8x8 -2,non_urban,8,A*,classical,False,1,0,5,0,True,0.004652,4.0,5.0,0.0,1.7772699034745352,0.0,4.0,28.125,22.521,
vin test 8x8 -2,non_urban,9,A*,classical,False,7,1,0,2,True,0.01012,8.242640614509583,8.0,0.3926990902558596,1.1553300858899107,0.0,7.071067810058594,28.125,38.825,
vin test 8x8 -2,non_urban,10,A*,classical,False,3,5,6,6,True,0.016743,16.485281229019165,15.0,0.31415926307707653,1.0,0.0,3.1622776985168457,28.125,59.225,
vin test 8x8 -2,non_urban,1,SPRM,classical,False,0,7,7,0,True,1.424469,13.41421353816986,14.0,0.33659921532951653,1.1479334151332483,0.0,9.899495124816895,28.125,1888.791,
vin test 8x8 -2,non_urban,2,SPRM,classical,False,1,0,4,2,True,0.009173,3.8284270763397217,4.0,0.3926990902558596,1.4125703849682212,0.0,3.605551242828369,28.125,7.352,
vin test 8x8 -2,non_urban,3,SPRM,classical,False,1,2,0,2,True,0.008466,1.0,2.0,0.0,1.0,0.0,1.0,28.125,7.112,
vin test 8x8 -2,non_urban,4,SPRM,classical,False,0,1,6,0,True,0.008985,6.414213538169861,7.0,0.22439948014620548,1.4377850146065685,0.0,6.082762718200684,28.125,8.666,
vin test 8x8 -2,non_urban,5,SPRM,classical,False,3,7,7,5,True,1.088994,16.242640614509583,16.0,0.5399612405446714,1.166053390593274,0.0,4.4721360206604,28.125,837.998,
vin test 8x8 -2,non_urban,6,SPRM,classical,False,5,0,4,6,True,1.314249,13.828427076339722,14.0,0.44879895540261927,1.1770506189013628,0.0,6.082762718200684,28.125,1864.318,
vin test 8x8 -2,non_urban,7,SPRM,classical,False,1,4,2,0,True,0.100387,4.414213538169861,5.0,0.1570796292566355,1.282842712474619,0.0,4.123105525970459,28.125,162.334,
vin test 8x8 -2,non_urban,8,SPRM,classical,False,1,0,5,0,True,0.008942,4.0,5.0,0.0,1.7772699034745352,0.0,4.0,28.125,10.186,
vin test 8x8 -2,non_urban,9,SPRM,classical,False,7,1,0,2,True,0.140913,8.242640614509583,8.0,0.4908738628198245,1.1035533905932737,0.0,7.071067810058594,28.125,238.55,
vin test 8x8 -2,non_urban,10,SPRM,classical,False,3,5,6,6,True,0.964928,19.656854152679443,19.0,0.62005118613332,1.065402141427331,0.0,3.1622776985168457,28.125,791.302,
vin test 8x8 -2,non_urban,1,RT,classical,False,0,7,7,0,True,0.053503,15.656854152679443,15.0,0.523598773316396,1.1652472443079385,0.0,9.899495124816895,28.125,120.639,
vin test 8x8 -2,non_urban,2,RT,classical,False,1,0,4,2,True,0.014001,12.313708305358887,10.0,0.3141592653589793,1.223606797749979,0.0,3.605551242828369,28.125,39.002,
vin test 8x8 -2,non_urban,3,RT,classical,False,1,2,0,2,True,0.012376,8.656854152679443,8.0,0.9817477085253781,1.5080618877807477,0.0,1.0,28.125,31.258,
vin test 8x8 -2,non_urban,4,RT,classical,False,0,1,6,0,True,0.024081,9.0,10.0,0.47123889803846897,1.7128990204491958,0.0,6.082762718200684,28.125,55.21,
vin test 8x8 -2,non_urban,5,RT,classical,False,3,7,7,5,True,1.670209,27.313708305358887,25.0,0.7225663096410818,1.2288539740695343,0.0,4.4721360206604,28.125,344.134,
vin test 8x8 -2,non_urban,6,RT,classical,False,5,0,4,6,True,5.867521,20.071067690849304,19.0,0.6613879306745398,1.2142667269402885,0.0,6.082762718200684,28.125,741.176,
vin test 8x8 -2,non_urban,7,RT,classical,False,1,4,2,0,True,0.345268,11.242640614509583,11.0,0.4283989888817331,1.0909090909090908,0.0,4.123105525970459,28.125,257.97,
vin test 8x8 -2,non_urban,8,RT,classical,False,1,0,5,0,True,0.082418,4.0,5.0,0.0,1.7772699034745352,0.0,4.0,28.125,100.93,
vin test 8x8 -2,non_urban,9,RT,classical,False,7,1,0,2,True,0.100206,9.656854152679443,9.0,0.6981317084040745,1.0920474583051323,0.0,7.071067810058594,28.125,116.55,
vin test 8x8 -2,non_urban,10,RT,classical,False,3,5,6,6,True,11.631248,42.97056245803833,39.0,0.6645676727714709,1.312822000419421,0.0,3.1622776985168457,28.125,902.049,
vin test 8x8 -2,non_urban,1,RRT,classical,False,0,7,7,0,True,0.167048,20.242640614509583,20.0,0.6283185324293858,1.3478708664619077,0.0,9.899495124816895,28.125,125.654,
vin test 8x8 -2,non_urban,2,RRT,classical,False,1,0,4,2,True,0.005012,4.414213538169861,5.0,0.628318537563667,1.3300563079745769,0.0,3.605551242828369,28.125,19.25,
vin test 8x8 -2,non_urban,3,RRT,classical,False,1,2,0,2,True,0.002473,1.0,2.0,0.0,1.0,0.0,1.0,28.125,14.15,
vin test 8x8 -2,non_urban,4,RRT,classical,False,0,1,6,0,True,0.039481,8.656854152679443,8.0,0.49087385426268904,1.4562851924841107,0.0,6.082762718200684,28.125,54.218,
vin test 8x8 -2,non_urban,5,RRT,classical,False,3,7,7,5,True,0.055409,20.242640614509583,20.0,0.39269908169872414,1.377160188343253,0.0,4.4721360206604,28.125,69.244,
vin test 8x8 -2,non_urban,6,RRT,classical,False,5,0,4,6,True,0.201531,17.82842707633972,18.0,0.6544984685470807,1.1476030138606879,0.0,6.082762718200684,28.125,94.002,
vin test 8x8 -2,non_urban,7,RRT,classical,False,1,4,2,0,True,0.060943,6.414213538169861,7.0,0.6731984208794497,1.3448876517675852,0.0,4.123105525970459,28.125,60.07,
vin test 8x8 -2,non_urban,8,RRT,classical,False,1,0,5,0,True,0.095911,4.828427076339722,5.0,0.31415927220468765,1.612899020449196,0.0,4.0,28.125,86.256,
vin test 8x8 -2,non_urban,9,RRT,classical,False,7,1,0,2,True,0.046125,10.242640614509583,10.0,0.549778719512495,1.3478708664619075,0.0,7.071067810058594,28.125,57.826,
vin test 8x8 -2,non_urban,10,RRT,classical,False,3,5,6,6,True,0.190725,27.899494767189026,26.0,0.6041524268002407,1.2585134366053217,0.0,3.1622776985168457,28.125,105.539,
vin test 8x8 -2,non_urban,1,RRT*,classical,False,0,7,7,0,True,0.051634,12.828427076339722,13.0,0.241660973353061,1.1906698972783905,0.0,9.899495124816895,28.125,84.736,
vin test 8x8 -2,non_urban,2,RRT*,classical,False,1,0,4,2,True,0.693872,3.8284270763397217,4.0,0.3926990902558596,1.4125703849682212,0.0,3.605551242828369,28.125,134.522,
vin test 8x8 -2,non_urban,3,RRT*,classical,False,1,2,0,2,True,0.068032,1.0,2.0,0.0,1.0,0.0,1.0,28.125,38.127,
vin test 8x8 -2,non_urban,4,RRT*,classical,False,0,1,6,0,True,0.037122,6.414213538169861,7.0,0.22439948014620548,1.4377850146065685,0.0,6.082762718200684,28.125,28.319,
vin test 8x8 -2,non_urban,5,RRT*,classical,False,3,7,7,5,True,0.410723,15.071067690849304,14.0,0.3926990853660679,1.1306019374818708,0.0,4.4721360206604,28.125,77.67,
vin test 8x8 -2,non_urban,6,RRT*,classical,False,5,0,4,6,True,0.673255,12.656854152679443,12.0,0.39269908455110264,1.0690355937288492,0.0,6.082762718200684,28.125,74.439,
vin test 8x8 -2,non_urban,7,RRT*,classical,False,1,4,2,0,True,0.181842,4.414213538169861,5.0,0.314159258513271,1.2,0.0,4.123105525970459,28.125,43.559,
vin test 8x8 -2,non_urban,8,RRT*,classical,False,1,0,5,0,True,0.249963,4.0,5.0,0.0,1.7772699034745352,0.0,4.0,28.125,150.803,
vin test 8x8 -2,non_urban,9,RRT*,classical,False,7,1,0,2,True,0.191198,8.828427076339722,9.0,0.5235987832046415,1.0920474583051323,0.0,7.071067810058594,28.125,96.655,
vin test 8x8 -2,non_urban,10,RRT*,classical,False,3,5,6,6,True,0.444501,16.485281229019165,15.0,0.31415926307707653,1.0,0.0,3.1622776985168457,28.125,84.68,
vin test 8x8 -2,non_urban,1,RRT-Connect,classical,False,,,,,False,,,,,,,,,,name 'n' is not defined
vin test 8x8 -2,non_urban,2,RRT-Connect,classical,False,,,,,False,,,,,,,,,,name 'n' is not defined
vin test 8x8 -2,non_urban,3,RRT-Connect,classical,False,,,,,False,,,,,,,,,,name 'n' is not defined
vin test 8x8 -2,non_urban,4,RRT-Connect,classical,False,,,,,False,,,,,,,,,,name 'n' is not defined
vin test 8x8 -2,non_urban,5,RRT-Connect,classical,False,,,,,False,,,,,,,,,,name 'n' is not defined
vin test 8x8 -2,non_urban,6,RRT-Connect,classical,False,,,,,False,,,,,,,,,,name 'n' is not defined
vin test 8x8 -2,non_urban,7,RRT-Connect,classical,False,,,,,False,,,,,,,,,,name 'n' is not defined
vin test 8x8 -2,non_urban,8,RRT-Connect,classical,False,,,,,False,,,,,,,,,,name 'n' is not defined
vin test 8x8 -2,non_urban,9,RRT-Connect,classical,False,,,,,False,,,,,,,,,,name 'n' is not defined
vin test 8x8 -2,non_urban,10,RRT-Connect,classical,False,,,,,False,,,,,,,,,,name 'n' is not defined
vin test 8x8 -2,non_urban,1,Wave-front,classical,False,0,7,7,0,True,0.021382,12.242640614509583,12.0,0.327249236175126,1.0690355937288494,0.0,9.899495124816895,28.125,73.246,
vin test 8x8 -2,non_urban,2,Wave-front,classical,False,1,0,4,2,True,0.005909,3.8284270763397217,4.0,0.1963495451279298,1.6625703849682212,0.0,3.605551242828369,28.125,18.345,
vin test 8x8 -2,non_urban,3,Wave-front,classical,False,1,2,0,2,True,0.002009,1.0,2.0,0.0,1.0,0.0,1.0,28.125,7.737,
vin test 8x8 -2,non_urban,4,Wave-front,classical,False,0,1,6,0,True,0.012596,6.414213538169861,7.0,0.22439948014620548,1.2612038749637413,0.0,6.082762718200684,28.125,27.721,
vin test 8x8 -2,non_urban,5,Wave-front,classical,False,3,7,7,5,True,0.02283,14.485281229019165,13.0,0.30207621800780865,1.1406482403650917,0.0,4.4721360206604,28.125,44.303,
vin test 8x8 -2,non_urban,6,Wave-front,classical,False,5,0,4,6,True,0.017457,12.656854152679443,12.0,0.327249236175126,1.1720412585204985,0.0,6.082762718200684,28.125,24.367,
vin test 8x8 -2,non_urban,7,Wave-front,classical,False,1,4,2,0,True,0.009249,4.414213538169861,5.0,0.1570796292566355,1.282842712474619,0.0,4.123105525970459,28.125,12.055,
vin test 8x8 -2,non_urban,8,Wave-front,classical,False,1,0,5,0,True,0.007032,4.0,5.0,0.0,1.7772699034745352,0.0,4.0,28.125,28.201,
vin test 8x8 -2,non_urban,9,Wave-front,classical,False,7,1,0,2,True,0.016098,8.242640614509583,8.0,0.1963495451279298,1.3830618877807477,0.0,7.071067810058594,28.125,31.177,
vin test 8x8 -2,non_urban,10,Wave-front,classical,False,3,5,6,6,True,0.02579,16.485281229019165,15.0,0.31415926307707653,1.0276142374915398,0.0,3.1622776985168457,28.125,48.273,
vin test 8x8 -2,non_urban,1,Dijkstra,classical,False,0,7,7,0,True,0.021832,12.242640614509583,12.0,0.327249236175126,1.0690355937288494,0.0,9.899495124816895,28.125,92.294,
vin test 8x8 -2,non_urban,2,Dijkstra,classical,False,1,0,4,2,True,0.007448,3.8284270763397217,4.0,0.1963495451279298,1.6625703849682212,0.0,3.605551242828369,28.125,25.465,
vin test 8x8 -2,non_urban,3,Dijkstra,classical,False,1,2,0,2,True,0.001042,1.0,2.0,0.0,1.0,0.0,1.0,28.125,9.889,
vin test 8x8 -2,non_urban,4,Dijkstra,classical,False,0,1,6,0,True,0.013102,6.414213538169861,7.0,0.22439948014620548,1.2612038749637413,0.0,6.082762718200684,28.125,38.825,
vin test 8x8 -2,non_urban,5,Dijkstra,classical,False,3,7,7,5,True,0.022027,14.485281229019165,13.0,0.30207621800780865,1.1406482403650917,0.0,4.4721360206604,28.125,57.753,
vin test 8x8 -2,non_urban,6,Dijkstra,classical,False,5,0,4,6,True,0.022851,12.656854152679443,12.0,0.327249236175126,1.1720412585204985,0.0,6.082762718200684,28.125,45.473,
vin test 8x8 -2,non_urban,7,Dijkstra,classical,False,1,4,2,0,True,0.00749,4.414213538169861,5.0,0.1570796292566355,1.282842712474619,0.0,4.123105525970459,28.125,18.129,
vin test 8x8 -2,non_urban,8,Dijkstra,classical,False,1,0,5,0,True,0.010151,4.0,5.0,0.0,1.7772699034745352,0.0,4.0,28.125,37.369,
vin test 8x8 -2,non_urban,9,Dijkstra,classical,False,7,1,0,2,True,0.022283,8.242640614509583,8.0,0.1963495451279298,1.3830618877807477,0.0,7.071067810058594,28.125,42.473,
vin test 8x8 -2,non_urban,10,Dijkstra,classical,False,3,5,6,6,True,0.028667,16.485281229019165,15.0,0.31415926307707653,1.0276142374915398,0.0,3.1622776985168457,28.125,60.857,
vin test 8x8 -2,non_urban,1,Potential Field,classical,False,0,7,7,0,True,0.048634,12.242640614509583,12.0,0.19634953942317282,1.1720412585204985,0.0,9.899495124816895,28.125,139.678,
vin test 8x8 -2,non_urban,2,Potential Field,classical,False,1,0,4,2,True,0.047615,3.8284270763397217,4.0,0.1963495451279298,1.3090169943749475,0.0,3.605551242828369,28.125,52.215,
vin test 8x8 -2,non_urban,3,Potential Field,classical,False,1,2,0,2,True,0.041732,1.0,2.0,0.0,1.0,0.0,1.0,28.125,30.607,
vin test 8x8 -2,non_urban,4,Potential Field,classical,False,0,1,6,0,True,0.048188,6.414213538169861,7.0,0.11219974007310274,1.6980499310532393,0.0,6.082762718200684,28.125,34.263,
vin test 8x8 -2,non_urban,5,Potential Field,classical,False,3,7,7,5,False,0.042574,4.828427076339722,5.0,0.4712388877699064,1.082842712474619,4.0,4.4721360206604,28.125,33.687,
vin test 8x8 -2,non_urban,6,Potential Field,classical,False,5,0,4,6,True,0.050762,16.656854152679443,16.0,0.5399612362661037,1.0258883476483185,0.0,6.082762718200684,28.125,40.983,
vin test 8x8 -2,non_urban,7,Potential Field,classical,False,1,4,2,0,True,0.043556,4.414213538169861,5.0,0.314159258513271,1.2,0.0,4.123105525970459,28.125,34.519,
vin test 8x8 -2,non_urban,8,Potential Field,classical,False,1,0,5,0,True,0.042646,4.0,5.0,0.0,1.7772699034745352,0.0,4.0,28.125,101.825,
vin test 8x8 -2,non_urban,9,Potential Field,classical,False,7,1,0,2,True,0.046549,9.071067690849304,8.0,0.2945243176918947,1.0,0.0,7.071067810058594,28.125,65.655,
vin test 8x8 -2,non_urban,10,Potential Field,classical,False,3,5,6,6,False,0.044788,4.828427076339722,5.0,0.4712388877699064,1.0,3.1622776985168457,3.1622776985168457,28.125,36.199,
vin test 8x8 -2,non_urban,1,Probabilistic Foam (GBPF),classical,True,0,7,7,0,True,0.072907,13.41421353816986,14.0,0.33659921532951653,1.1479334151332483,0.0,9.899495124816895,28.125,93.5,
vin test 8x8 -2,non_urban,2,Probabilistic Foam (GBPF),classical,True,1,0,4,2,True,0.00151,3.8284270763397217,4.0,0.1963495451279298,1.3090169943749475,0.0,3.605551242828369,28.125,10.189,
vin test 8x8 -2,non_urban,3,Probabilistic Foam (GBPF),classical,True,1,2,0,2,True,0.001872,1.0,2.0,0.0,1.0,0.0,1.0,28.125,7.853,
vin test 8x8 -2,non_urban,4,Probabilistic Foam (GBPF),classical,True,0,1,6,0,True,0.011298,6.414213538169861,7.0,0.11219974007310274,1.6980499310532393,0.0,6.082762718200684,28.125,28.125,
vin test 8x8 -2,non_urban,5,Probabilistic Foam (GBPF),classical,True,3,7,7,5,True,0.410284,18.242640614509583,18.0,0.3054326181482148,1.3404994558051089,0.0,4.4721360206604,28.125,118.299,
vin test 8x8 -2,non_urban,6,Probabilistic Foam (GBPF),classical,True,5,0,4,6,True,1.57842,13.242640614509583,13.0,0.4229067073173039,1.0637251634420148,0.0,6.082762718200684,28.125,72.846,
vin test 8x8 -2,non_urban,7,Probabilistic Foam (GBPF),classical,True,1,4,2,0,True,0.006089,4.414213538169861,5.0,0.314159258513271,1.2,0.0,4.123105525970459,28.125,14.37,
vin test 8x8 -2,non_urban,8,Probabilistic Foam (GBPF),classical,True,1,0,5,0,True,0.004003,4.0,5.0,0.0,1.7772699034745352,0.0,4.0,28.125,16.453,
vin test 8x8 -2,non_urban,9,Probabilistic Foam (GBPF),classical,True,7,1,0,2,True,0.021868,9.071067690849304,8.0,0.3926990902558596,1.051776695296637,0.0,7.071067810058594,28.125,38.637,
vin test 8x8 -2,non_urban,10,Probabilistic Foam (GBPF),classical,True,3,5,6,6,True,0.711748,20.82842707633972,21.0,0.5983986023137007,1.1938603719935943,0.0,3.1622776985168457,28.125,151.027,
vin test 8x8 -2,non_urban,1,Probabilistic Foam (PFM),classical,True,0,7,7,0,True,0.075221,15.313708305358887,13.0,0.5437371834619754,1.0318625817210074,0.0,9.899495124816895,28.125,124.854,
vin test 8x8 -2,non_urban,2,Probabilistic Foam (PFM),classical,True,1,0,4,2,True,0.001784,3.8284270763397217,4.0,0.1963495451279298,1.6625703849682212,0.0,3.605551242828369,28.125,10.657,
vin test 8x8 -2,non_urban,3,Probabilistic Foam (PFM),classical,True,1,2,0,2,True,0.002,2.414213538169861,3.0,0.26179938209439246,1.1380711874576983,0.0,1.0,28.125,9.305,
vin test 8x8 -2,non_urban,4,Probabilistic Foam (PFM),classical,True,0,1,6,0,False,0.108006,0.0,1.0,0.0,2.0,6.082762718200684,6.082762718200684,28.125,80.425,
vin test 8x8 -2,non_urban,5,Probabilistic Foam (PFM),classical,True,3,7,7,5,False,0.006455,0.0,1.0,0.0,1.4142135623730951,4.4721360206604,4.4721360206604,28.125,6.977,
vin test 8x8 -2,non_urban,6,Probabilistic Foam (PFM),classical,True,5,0,4,6,False,0.092295,0.0,1.0,0.0,1.0,6.082762718200684,6.082762718200684,28.125,40.257,
vin test 8x8 -2,non_urban,7,Probabilistic Foam (PFM),classical,True,1,4,2,0,True,0.020755,4.414213538169861,5.0,0.314159258513271,1.2,0.0,4.123105525970459,28.125,23.633,
vin test 8x8 -2,non_urban,8,Probabilistic Foam (PFM),classical,True,1,0,5,0,True,0.005449,4.828427076339722,5.0,0.31415927220468765,1.612899020449196,0.0,4.0,28.125,24.361,
vin test 8x8 -2,non_urban,9,Probabilistic Foam (PFM),classical,True,7,1,0,2,True,0.041773,9.656854152679443,9.0,0.6108652477059436,1.405586837763654,0.0,7.071067810058594,28.125,66.187,
vin test 8x8 -2,non_urban,10,Probabilistic Foam (PFM),classical,True,3,5,6,6,False,0.012766,0.0,1.0,0.0,1.0,3.1622776985168457,3.1622776985168457,28.125,19.673,
vin test 8x8 -2,non_urban,1,Probabilistic Foam (RBPF),classical,True,0,7,7,0,False,0.004192,0.0,1.0,0.0,1.0,9.899495124816895,9.899495124816895,28.125,40.918,
vin test 8x8 -2,non_urban,2,Probabilistic Foam (RBPF),classical,True,1,0,4,2,True,0.00335,3.8284270763397217,4.0,0.1963495451279298,1.3090169943749475,0.0,3.605551242828369,28.125,13.868,
vin test 8x8 -2,non_urban,3,Probabilistic Foam (RBPF),classical,True,1,2,0,2,True,0.0,1.0,2.0,0.0,1.0,0.0,1.0,28.125,7.924,
vin test 8x8 -2,non_urban,4,Probabilistic Foam (RBPF),classical,True,0,1,6,0,False,0.090591,0.0,1.0,0.0,2.0,6.082762718200684,6.082762718200684,28.125,86.868,
vin test 8x8 -2,non_urban,5,Probabilistic Foam (RBPF),classical,True,3,7,7,5,False,0.007576,0.0,1.0,0.0,1.4142135623730951,4.4721360206604,4.4721360206604,28.125,13.724,
vin test 8x8 -2,non_urban,6,Probabilistic Foam (RBPF),classical,True,5,0,4,6,False,0.087215,0.0,1.0,0.0,1.0,6.082762718200684,6.082762718200684,28.125,61.916,
vin test 8x8 -2,non_urban,7,Probabilistic Foam (RBPF),classical,True,1,4,2,0,True,0.019969,4.414213538169861,5.0,0.314159258513271,1.2,0.0,4.123105525970459,28.125,25.268,
vin test 8x8 -2,non_urban,8,Probabilistic Foam (RBPF),classical,True,1,0,5,0,True,0.006163,4.828427076339722,5.0,0.31415927220468765,1.612899020449196,0.0,4.0,28.125,22.188,
vin test 8x8 -2,non_urban,9,Probabilistic Foam (RBPF),classical,True,7,1,0,2,True,0.026338,9.656854152679443,9.0,0.43633231870333933,1.45161056691622,0.0,7.071067810058594,28.125,47.58,
vin test 8x8 -2,non_urban,10,Probabilistic Foam (RBPF),classical,True,3,5,6,6,False,0.013163,0.0,1.0,0.0,1.0,3.1622776985168457,3.1622776985168457,28.125,19.932,
vin test 8x8 -2,non_urban,1,Probabilistic Foam (HPF),classical,True,0,7,7,0,True,0.05854,16.485281229019165,15.0,0.366519139495955,1.110018769324859,0.0,9.899495124816895,28.125,116.582,
vin test 8x8 -2,non_urban,2,Probabilistic Foam (HPF),classical,True,1,0,4,2,True,0.001824,3.8284270763397217,4.0,0.1963495451279298,1.6625703849682212,0.0,3.605551242828369,28.125,10.825,
vin test 8x8 -2,non_urban,3,Probabilistic Foam (HPF),classical,True,1,2,0,2,True,0.002685,2.414213538169861,3.0,0.26179938209439246,1.3333333333333333,0.0,1.0,28.125,10.393,
vin test 8x8 -2,non_urban,4,Probabilistic Foam (HPF),classical,True,0,1,6,0,False,0.089745,0.0,1.0,0.0,2.0,6.082762718200684,6.082762718200684,28.125,81.009,
vin test 8x8 -2,non_urban,5,Probabilistic Foam (HPF),classical,True,3,7,7,5,False,0.007084,0.0,1.0,0.0,1.4142135623730951,4.4721360206604,4.4721360206604,28.125,7.223,
vin test 8x8 -2,non_urban,6,Probabilistic Foam (HPF),classical,True,5,0,4,6,True,0.100337,14.071067690849304,13.0,0.4229067020513744,1.172510822086099,0.0,6.082762718200684,28.125,55.243,
vin test 8x8 -2,non_urban,7,Probabilistic Foam (HPF),classical,True,1,4,2,0,True,0.007569,4.414213538169861,5.0,0.1570796292566355,1.282842712474619,0.0,4.123105525970459,28.125,18.113,
vin test 8x8 -2,non_urban,8,Probabilistic Foam (HPF),classical,True,1,0,5,0,True,0.007381,4.828427076339722,5.0,0.31415927220468765,1.612899020449196,0.0,4.0,28.125,23.105,
vin test 8x8 -2,non_urban,9,Probabilistic Foam (HPF),classical,True,7,1,0,2,False,0.023212,0.0,1.0,0.0,1.0,7.071067810058594,7.071067810058594,28.125,31.961,
vin test 8x8 -2,non_urban,10,Probabilistic Foam (HPF),classical,True,3,5,6,6,False,0.022874,0.0,1.0,0.0,1.0,3.1622776985168457,3.1622776985168457,28.125,27.209,
vin test 8x8 -3,non_urban,1,A*,classical,False,1,7,7,0,True,0.017532,10.656854152679443,10.0,0.47123889803846897,1.5414213562373096,0.0,9.219544410705566,26.5625,87.613,
vin test 8x8 -3,non_urban,2,A*,classical,False,1,0,4,2,True,0.004336,4.414213538169861,5.0,0.3141592653589793,1.082842712474619,0.0,3.605551242828369,26.5625,22.616,
vin test 8x8 -3,non_urban,3,A*,classical,False,1,2,0,2,True,0.002,1.0,2.0,0.0,1.5,0.0,1.0,26.5625,11.184,
vin test 8x8 -3,non_urban,4,A*,classical,False,0,1,6,0,True,0.005967,6.414213538169861,7.0,0.22439948014620548,1.6643259342675552,0.0,6.082762718200684,26.5625,26.152,
vin test 8x8 -3,non_urban,5,A*,classical,False,4,7,0,6,True,0.003999,4.414213538169861,5.0,0.31415927220468765,1.1656854249492379,0.0,4.123105525970459,26.5625,19.528,
vin test 8x8 -3,non_urban,6,A*,classical,False,5,0,6,6,True,0.013549,10.071067690849304,9.0,0.3490658503988659,1.1373408863888654,0.0,6.082762718200684,26.5625,43.776,
vin test 8x8 -3,non_urban,7,A*,classical,False,0,5,2,0,True,0.007458,5.828427076339722,6.0,0.3926990731415887,1.1380711874576983,0.0,5.385164737701416,26.5625,27.92,
vin test 8x8 -3,non_urban,8,A*,classical,False,1,0,5,0,True,0.004024,4.0,5.0,0.0,1.412899020449196,0.0,4.0,26.5625,21.232,
vin test 8x8 -3,non_urban,9,A*,classical,False,7,1,0,2,True,0.008992,8.242640614509583,8.0,0.1963495451279298,1.5,0.0,7.071067810058594,26.5625,37.304,
vin test 8x8 -3,non_urban,10,A*,classical,False,6,5,7,6,True,0.001098,1.4142135381698608,2.0,0.0,1.5,0.0,1.4142135381698608,26.5625,10.048,
vin test 8x8 -3,non_urban,1,SPRM,classical,False,1,7,7,0,True,0.12158,10.656854152679443,10.0,0.5497787160896409,1.4414213562373095,0.0,9.219544410705566,26.5625,251.947,
vin test 8x8 -3,non_urban,2,SPRM,classical,False,1,0,4,2,True,0.146667,7.828427076339722,8.0,0.5890486268266539,1.301776695296637,0.0,3.605551242828369,26.5625,511.501,
vin test 8x8 -3,non_urban,3,SPRM,classical,False,1,2,0,2,True,0.007541,1.0,2.0,0.0,1.5,0.0,1.0,26.5625,7.112,
vin test 8x8 -3,non_urban,4,SPRM,classical,False,0,1,6,0,True,0.172194,6.414213538169861,7.0,0.22439948014620548,1.6643259342675552,0.0,6.082762718200684,26.5625,507.409,
vin test 8x8 -3,non_urban,5,SPRM,classical,False,4,7,0,6,True,0.139659,4.414213538169861,5.0,0.31415927220468765,1.1656854249492379,0.0,4.123105525970459,26.5625,445.19,
vin test 8x8 -3,non_urban,6,SPRM,classical,False,5,0,6,6,True,0.215975,14.899494767189026,13.0,0.30207621537484386,1.1588073155573833,0.0,6.082762718200684,26.5625,639.984,
vin test 8x8 -3,non_urban,7,SPRM,classical,False,0,5,2,0,True,0.183528,5.828427076339722,6.0,0.13089969104719623,1.4417135899788143,0.0,5.385164737701416,26.5625,599.422,
vin test 8x8 -3,non_urban,8,SPRM,classical,False,1,0,5,0,True,0.008942,4.0,5.0,0.0,1.412899020449196,0.0,4.0,26.5625,9.994,
vin test 8x8 -3,non_urban,9,SPRM,classical,False,7,1,0,2,True,0.121163,8.242640614509583,8.0,0.4908738628198245,1.426776695296637,0.0,7.071067810058594,26.5625,212.342,
vin test 8x8 -3,non_urban,10,SPRM,classical,False,6,5,7,6,True,0.007482,1.4142135381698608,2.0,0.0,1.5,0.0,1.4142135381698608,26.5625,7.112,
vin test 8x8 -3,non_urban,1,RT,classical,False,1,7,7,0,True,0.122296,21.82842707633972,22.0,0.3569991636248155,1.3133146466814622,0.0,9.219544410705566,26.5625,154.691,
vin test 8x8 -3,non_urban,2,RT,classical,False,1,0,4,2,True,0.166581,12.656854152679443,12.0,0.3926990759939672,1.3928980535099054,0.0,3.605551242828369,26.5625,159.914,
vin test 8x8 -3,non_urban,3,RT,classical,False,1,2,0,2,True,0.01136,5.2426406145095825,5.0,0.314159258513271,1.282842712474619,0.0,1.0,26.5625,29.482,
vin test 8x8 -3,non_urban,4,RT,classical,False,0,1,6,0,True,0.118903,9.242640614509583,9.0,0.43633231870333933,1.7389201710969873,0.0,6.082762718200684,26.5625,134.74,
vin test 8x8 -3,non_urban,5,RT,classical,False,4,7,0,6,True,0.015388,5.0,6.0,0.2617993877991494,1.4131181107698458,0.0,4.123105525970459,26.5625,30.47,
vin test 8x8 -3,non_urban,6,RT,classical,False,5,0,6,6,True,0.997034,28.899494767189026,27.0,0.72722052356589,1.2092696866619588,0.0,6.082762718200684,26.5625,298.306,
vin test 8x8 -3,non_urban,7,RT,classical,False,0,5,2,0,True,0.006237,6.414213538169861,7.0,0.4487989456230359,1.2949278717494257,0.0,5.385164737701416,26.5625,17.454,
vin test 8x8 -3,non_urban,8,RT,classical,False,1,0,5,0,True,0.006675,4.0,5.0,0.0,1.412899020449196,0.0,4.0,26.5625,24.082,
vin test 8x8 -3,non_urban,9,RT,classical,False,7,1,0,2,True,0.074906,18.485281229019165,17.0,0.5543987035746694,1.5231130721760102,0.0,7.071067810058594,26.5625,104.496,
vin test 8x8 -3,non_urban,10,RT,classical,False,6,5,7,6,True,0.022036,2.0,3.0,0.5235987755982988,1.3333333333333333,0.0,1.4142135381698608,26.5625,49.83,
vin test 8x8 -3,non_urban,1,RRT,classical,False,1,7,7,0,True,0.130969,15.242640614509583,15.0,0.6283185307179586,1.5652472443079384,0.0,9.219544410705566,26.5625,115.494,
vin test 8x8 -3,non_urban,2,RRT,classical,False,1,0,4,2,True,0.005499,7.828427076339722,8.0,0.5890486268266539,1.051776695296637,0.0,3.605551242828369,26.5625,19.85,
vin test 8x8 -3,non_urban,3,RRT,classical,False,1,2,0,2,True,0.002917,1.0,2.0,0.0,1.5,0.0,1.0,26.5625,12.062,
vin test 8x8 -3,non_urban,4,RRT,classical,False,0,1,6,0,True,0.026085,9.242640614509583,9.0,0.43633231870333933,1.4904681735970107,0.0,6.082762718200684,26.5625,49.354,
vin test 8x8 -3,non_urban,5,RRT,classical,False,4,7,0,6,True,0.010941,5.0,6.0,0.2617993877991494,1.4131181107698458,0.0,4.123105525970459,26.5625,33.402,
vin test 8x8 -3,non_urban,6,RRT,classical,False,5,0,6,6,True,0.477588,17.485281229019165,16.0,0.3436116954167417,1.3205618877807477,0.0,6.082762718200684,26.5625,104.128,
vin test 8x8 -3,non_urban,7,RRT,classical,False,0,5,2,0,True,0.084045,8.656854152679443,8.0,0.29452430913475924,1.051776695296637,0.0,5.385164737701416,26.5625,68.038,
vin test 8x8 -3,non_urban,8,RRT,classical,False,1,0,5,0,True,0.1225,6.0,7.0,0.4487989505128276,1.7572232971065385,0.0,4.0,26.5625,84.762,
vin test 8x8 -3,non_urban,9,RRT,classical,False,7,1,0,2,True,0.071818,12.242640614509583,12.0,0.6544984694978736,1.6375234616560739,0.0,7.071067810058594,26.5625,67.662,
vin test 8x8 -3,non_urban,10,RRT,classical,False,6,5,7,6,True,0.015943,2.0,3.0,0.5235987755982988,1.3333333333333333,0.0,1.4142135381698608,26.5625,33.054,
vin test 8x8 -3,non_urban,1,RRT*,classical,False,1,7,7,0,True,0.265271,11.242640614509583,11.0,0.42839899199341874,1.5513177365678161,0.0,9.219544410705566,26.5625,161.39,
vin test 8x8 -3,non_urban,2,RRT*,classical,False,1,0,4,2,True,1.163505,4.414213538169861,5.0,0.3141592653589793,1.082842712474619,0.0,3.605551242828369,26.5625,83.074,
vin test 8x8 -3,non_urban,3,RRT*,classical,False,1,2,0,2,True,0.140496,1.0,2.0,0.0,1.5,0.0,1.0,26.5625,49.223,
vin test 8x8 -3,non_urban,4,RRT*,classical,False,0,1,6,0,True,0.69095,6.414213538169861,7.0,0.22439948014620548,1.6643259342675552,0.0,6.082762718200684,26.5625,74.271,
vin test 8x8 -3,non_urban,5,RRT*,classical,False,4,7,0,6,True,0.127808,4.414213538169861,5.0,0.31415927220468765,1.1656854249492379,0.0,4.123105525970459,26.5625,37.783,
vin test 8x8 -3,non_urban,6,RRT*,classical,False,5,0,6,6,True,1.062242,10.071067690849304,9.0,0.3490658503988659,1.1373408863888654,0.0,6.082762718200684,26.5625,78.967,
vin test 8x8 -3,non_urban,7,RRT*,classical,False,0,5,2,0,True,0.013024,5.828427076339722,6.0,0.3926990731415887,1.2750469233121475,0.0,5.385164737701416,26.5625,18.239,
vin test 8x8 -3,non_urban,8,RRT*,classical,False,1,0,5,0,True,0.044322,4.0,5.0,0.0,1.412899020449196,0.0,4.0,26.5625,66.398,
vin test 8x8 -3,non_urban,9,RRT*,classical,False,7,1,0,2,True,0.104189,8.242640614509583,8.0,0.3926990902558596,1.375,0.0,7.071067810058594,26.5625,65.851,
vin test 8x8 -3,non_urban,10,RRT*,classical,False,6,5,7,6,True,0.046504,1.4142135381698608,2.0,0.0,1.5,0.0,1.4142135381698608,26.5625,53.935,
vin test 8x8 -3,non_urban,1,RRT-Connect,classical,False,,,,,False,,,,,,,,,,name 'n' is not defined
vin test 8x8 -3,non_urban,2,RRT-Connect,classical,False,,,,,False,,,,,,,,,,name 'n' is not defined
vin test 8x8 -3,non_urban,3,RRT-Connect,classical,False,,,,,False,,,,,,,,,,name 'n' is not defined
vin test 8x8 -3,non_urban,4,RRT-Connect,classical,False,,,,,False,,,,,,,,,,name 'n' is not defined
vin test 8x8 -3,non_urban,5,RRT-Connect,classical,False,,,,,False,,,,,,,,,,name 'n' is not defined
vin test 8x8 -3,non_urban,6,RRT-Connect,classical,False,,,,,False,,,,,,,,,,name 'n' is not defined
vin test 8x8 -3,non_urban,7,RRT-Connect,classical,False,,,,,False,,,,,,,,,,name 'n' is not defined
vin test 8x8 -3,non_urban,8,RRT-Connect,classical,False,,,,,False,,,,,,,,,,name 'n' is not defined
vin test 8x8 -3,non_urban,9,RRT-Connect,classical,False,,,,,False,,,,,,,,,,name 'n' is not defined
vin test 8x8 -3,non_urban,10,RRT-Connect,classical,False,,,,,False,,,,,,,,,,name 'n' is not defined
vin test 8x8 -3,non_urban,1,Wave-front,classical,False,1,7,7,0,True,0.018053,11.485281229019165,10.0,0.39269907998729703,1.3414213562373096,0.0,9.219544410705566,26.5625,67.398,
vin test 8x8 -3,non_urban,2,Wave-front,classical,False,1,0,4,2,True,0.008009,4.414213538169861,5.0,0.3141592653589793,1.082842712474619,0.0,3.605551242828369,26.5625,20.625,
vin test 8x8 -3,non_urban,3,Wave-front,classical,False,1,2,0,2,True,0.001505,1.0,2.0,0.0,1.5,0.0,1.0,26.5625,7.825,
vin test 8x8 -3,non_urban,4,Wave-front,classical,False,0,1,6,0,True,0.011382,6.414213538169861,7.0,0.22439948014620548,1.6643259342675552,0.0,6.082762718200684,26.5625,25.937,
vin test 8x8 -3,non_urban,5,Wave-front,classical,False,4,7,0,6,True,0.008809,4.414213538169861,5.0,0.15707963610234382,1.248528137423857,0.0,4.123105525970459,26.5625,21.447,
vin test 8x8 -3,non_urban,6,Wave-front,classical,False,5,0,6,6,True,0.019349,10.071067690849304,9.0,0.3490658503988659,1.1373408863888654,0.0,6.082762718200684,26.5625,34.953,
vin test 8x8 -3,non_urban,7,Wave-front,classical,False,0,5,2,0,True,0.013464,5.828427076339722,6.0,0.13089969104719623,1.4417135899788143,0.0,5.385164737701416,26.5625,22.055,
vin test 8x8 -3,non_urban,8,Wave-front,classical,False,1,0,5,0,True,0.008587,4.0,5.0,0.0,1.412899020449196,0.0,4.0,26.5625,31.177,
vin test 8x8 -3,non_urban,9,Wave-front,classical,False,7,1,0,2,True,0.018071,8.242640614509583,8.0,0.2945243176918947,1.5,0.0,7.071067810058594,26.5625,34.209,
vin test 8x8 -3,non_urban,10,Wave-front,classical,False,6,5,7,6,True,0.002006,1.4142135381698608,2.0,0.0,1.5,0.0,1.4142135381698608,26.5625,7.769,
vin test 8x8 -3,non_urban,1,Dijkstra,classical,False,1,7,7,0,True,0.025114,10.656854152679443,10.0,0.39269907998729703,1.3414213562373096,0.0,9.219544410705566,26.5625,94.462,
vin test 8x8 -3,non_urban,2,Dijkstra,classical,False,1,0,4,2,True,0.009048,4.414213538169861,5.0,0.3141592653589793,1.082842712474619,0.0,3.605551242828369,26.5625,30.313,
vin test 8x8 -3,non_urban,3,Dijkstra,classical,False,1,2,0,2,True,0.001998,1.0,2.0,0.0,1.5,0.0,1.0,26.5625,10.041,
vin test 8x8 -3,non_urban,4,Dijkstra,classical,False,0,1,6,0,True,0.017473,6.414213538169861,7.0,0.22439948014620548,1.6643259342675552,0.0,6.082762718200684,26.5625,42.345,
vin test 8x8 -3,non_urban,5,Dijkstra,classical,False,4,7,0,6,True,0.010948,4.414213538169861,5.0,0.15707963610234382,1.248528137423857,0.0,4.123105525970459,26.5625,32.713,
vin test 8x8 -3,non_urban,6,Dijkstra,classical,False,5,0,6,6,True,0.020758,10.071067690849304,9.0,0.3490658503988659,1.1373408863888654,0.0,6.082762718200684,26.5625,52.785,
vin test 8x8 -3,non_urban,7,Dijkstra,classical,False,0,5,2,0,True,0.013868,5.828427076339722,6.0,0.13089969104719623,1.4417135899788143,0.0,5.385164737701416,26.5625,23.577,
vin test 8x8 -3,non_urban,8,Dijkstra,classical,False,1,0,5,0,True,0.0074,4.0,5.0,0.0,1.412899020449196,0.0,4.0,26.5625,34.969,
vin test 8x8 -3,non_urban,9,Dijkstra,classical,False,7,1,0,2,True,0.014551,8.242640614509583,8.0,0.2945243176918947,1.5,0.0,7.071067810058594,26.5625,40.585,
vin test 8x8 -3,non_urban,10,Dijkstra,classical,False,6,5,7,6,True,0.002907,1.4142135381698608,2.0,0.0,1.5,0.0,1.4142135381698608,26.5625,13.657,
vin test 8x8 -3,non_urban,1,Potential Field,classical,False,1,7,7,0,True,0.045308,10.656854152679443,10.0,0.31415926193612514,1.5650281539872886,0.0,9.219544410705566,26.5625,134.318,
vin test 8x8 -3,non_urban,2,Potential Field,classical,False,1,0,4,2,True,0.047136,4.414213538169861,5.0,0.3141592653589793,1.082842712474619,0.0,3.605551242828369,26.5625,57.047,
vin test 8x8 -3,non_urban,3,Potential Field,classical,False,1,2,0,2,True,0.041617,1.0,2.0,0.0,1.5,0.0,1.0,26.5625,30.607,
vin test 8x8 -3,non_urban,4,Potential Field,classical,False,0,1,6,0,True,0.043366,6.414213538169861,7.0,0.11219974007310274,1.7234993003208543,0.0,6.082762718200684,26.5625,34.263,
vin test 8x8 -3,non_urban,5,Potential Field,classical,False,4,7,0,6,True,0.044832,5.2426406145095825,5.0,0.15707963610234382,1.082842712474619,0.0,4.123105525970459,26.5625,33.687,
vin test 8x8 -3,non_urban,6,Potential Field,classical,False,5,0,6,6,True,0.044995,12.656854152679443,12.0,0.5235987755982988,1.1863389981249826,0.0,6.082762718200684,26.5625,38.431,
vin test 8x8 -3,non_urban,7,Potential Field,classical,False,0,5,2,0,True,0.042766,6.656854152679443,6.0,0.5235987641887849,1.0,0.0,5.385164737701416,26.5625,35.127,
vin test 8x8 -3,non_urban,8,Potential Field,classical,False,1,0,5,0,True,0.049356,4.0,5.0,0.0,1.412899020449196,0.0,4.0,26.5625,98.657,
vin test 8x8 -3,non_urban,9,Potential Field,classical,False,7,1,0,2,True,0.043879,8.242640614509583,8.0,0.2945243176918947,1.25,0.0,7.071067810058594,26.5625,68.663,
vin test 8x8 -3,non_urban,10,Potential Field,classical,False,6,5,7,6,True,0.040682,1.4142135381698608,2.0,0.0,1.5,0.0,1.4142135381698608,26.5625,34.327,
vin test 8x8 -3,non_urban,1,Probabilistic Foam (GBPF),classical,True,1,7,7,0,True,0.262363,15.0,16.0,0.4908738521234052,1.4825843344836476,0.0,9.219544410705566,26.5625,136.718,
vin test 8x8 -3,non_urban,2,Probabilistic Foam (GBPF),classical,True,1,0,4,2,True,0.024513,5.828427076339722,6.0,0.2617993877991494,1.0690355937288492,0.0,3.605551242828369,26.5625,31.693,
vin test 8x8 -3,non_urban,3,Probabilistic Foam (GBPF),classical,True,1,2,0,2,True,0.002013,2.414213538169861,3.0,0.26179938209439246,1.4714045207910316,0.0,1.0,26.5625,11.461,
vin test 8x8 -3,non_urban,4,Probabilistic Foam (GBPF),classical,True,0,1,6,0,True,0.006091,6.414213538169861,7.0,0.11219974007310274,1.7234993003208543,0.0,6.082762718200684,26.5625,20.789,
vin test 8x8 -3,non_urban,5,Probabilistic Foam (GBPF),classical,True,4,7,0,6,True,0.007043,5.2426406145095825,5.0,0.15707963610234382,1.082842712474619,0.0,4.123105525970459,26.5625,19.493,
vin test 8x8 -3,non_urban,6,Probabilistic Foam (GBPF),classical,True,5,0,6,6,True,0.617248,13.242640614509583,13.0,0.483321946706122,1.1720052290384453,0.0,6.082762718200684,26.5625,91.027,
vin test 8x8 -3,non_urban,7,Probabilistic Foam (GBPF),classical,True,0,5,2,0,True,0.023635,6.414213538169861,7.0,0.5609986856961386,1.2949278717494257,0.0,5.385164737701416,26.5625,25.245,
vin test 8x8 -3,non_urban,8,Probabilistic Foam (GBPF),classical,True,1,0,5,0,True,0.011027,4.0,5.0,0.0,1.412899020449196,0.0,4.0,26.5625,28.229,
vin test 8x8 -3,non_urban,9,Probabilistic Foam (GBPF),classical,True,7,1,0,2,True,0.030782,11.41421353816986,12.0,0.71994831787385,1.5053745918538317,0.0,7.071067810058594,26.5625,48.387,
vin test 8x8 -3,non_urban,10,Probabilistic Foam (GBPF),classical,True,6,5,7,6,True,0.000998,2.0,3.0,0.5235987755982988,1.3333333333333333,0.0,1.4142135381698608,26.5625,9.877,
vin test 8x8 -3,non_urban,1,Probabilistic Foam (PFM),classical,True,1,7,7,0,False,0.004799,0.0,1.0,0.0,1.4142135623730951,9.219544410705566,9.219544410705566,26.5625,39.406,
vin test 8x8 -3,non_urban,2,Probabilistic Foam (PFM),classical,True,1,0,4,2,False,0.058489,0.0,1.0,0.0,1.4142135623730951,3.605551242828369,3.605551242828369,26.5625,62.265,
vin test 8x8 -3,non_urban,3,Probabilistic Foam (PFM),classical,True,1,2,0,2,True,0.0,2.414213538169861,3.0,0.26179938209439246,1.6666666666666667,0.0,1.0,26.5625,11.145,
vin test 8x8 -3,non_urban,4,Probabilistic Foam (PFM),classical,True,0,1,6,0,True,0.02976,7.2426406145095825,7.0,0.44879896029241095,1.6306019374818708,0.0,6.082762718200684,26.5625,54.593,
vin test 8x8 -3,non_urban,5,Probabilistic Foam (PFM),classical,True,4,7,0,6,True,0.016909,5.2426406145095825,5.0,0.15707963610234382,1.082842712474619,0.0,4.123105525970459,26.5625,35.993,
vin test 8x8 -3,non_urban,6,Probabilistic Foam (PFM),classical,True,5,0,6,6,True,0.05941,10.071067690849304,9.0,0.3490658503988659,1.1373408863888654,0.0,6.082762718200684,26.5625,42.305,
vin test 8x8 -3,non_urban,7,Probabilistic Foam (PFM),classical,True,0,5,2,0,True,0.036341,7.2426406145095825,7.0,0.560998680806347,1.4040610178208843,0.0,5.385164737701416,26.5625,29.297,
vin test 8x8 -3,non_urban,8,Probabilistic Foam (PFM),classical,True,1,0,5,0,False,0.053142,0.0,1.0,0.0,1.4142135623730951,4.0,4.0,26.5625,89.705,
vin test 8x8 -3,non_urban,9,Probabilistic Foam (PFM),classical,True,7,1,0,2,True,0.01509,8.242640614509583,8.0,0.4908738628198245,1.551776695296637,0.0,7.071067810058594,26.5625,33.545,
vin test 8x8 -3,non_urban,10,Probabilistic Foam (PFM),classical,True,6,5,7,6,True,0.002,2.0,3.0,0.5235987755982988,1.3333333333333333,0.0,1.4142135381698608,26.5625,11.177,
vin test 8x8 -3,non_urban,1,Probabilistic Foam (RBPF),classical,True,1,7,7,0,False,0.005175,0.0,1.0,0.0,1.4142135623730951,9.219544410705566,9.219544410705566,26.5625,40.915,
vin test 8x8 -3,non_urban,2,Probabilistic Foam (RBPF),classical,True,1,0,4,2,False,0.060974,0.0,1.0,0.0,1.4142135623730951,3.605551242828369,3.605551242828369,26.5625,62.793,
vin test 8x8 -3,non_urban,3,Probabilistic Foam (RBPF),classical,True,1,2,0,2,True,0.001353,2.414213538169861,3.0,0.26179938209439246,1.4714045207910316,0.0,1.0,26.5625,10.113,
vin test 8x8 -3,non_urban,4,Probabilistic Foam (RBPF),classical,True,0,1,6,0,True,0.023711,7.2426406145095825,7.0,0.22439948014620548,1.68977530353517,0.0,6.082762718200684,26.5625,41.257,
vin test 8x8 -3,non_urban,5,Probabilistic Foam (RBPF),classical,True,4,7,0,6,True,0.033796,5.2426406145095825,5.0,0.15707963610234382,1.082842712474619,0.0,4.123105525970459,26.5625,54.105,
vin test 8x8 -3,non_urban,6,Probabilistic Foam (RBPF),classical,True,5,0,6,6,True,0.047753,10.071067690849304,9.0,0.3490658503988659,1.1373408863888654,0.0,6.082762718200684,26.5625,34.505,
vin test 8x8 -3,non_urban,7,Probabilistic Foam (RBPF),classical,True,0,5,2,0,True,0.046689,10.071067690849304,9.0,0.43633230729382544,1.3142696805273546,0.0,5.385164737701416,26.5625,33.561,
vin test 8x8 -3,non_urban,8,Probabilistic Foam (RBPF),classical,True,1,0,5,0,False,0.066194,0.0,1.0,0.0,1.4142135623730951,4.0,4.0,26.5625,98.993,
vin test 8x8 -3,non_urban,9,Probabilistic Foam (RBPF),classical,True,7,1,0,2,True,0.015952,8.242640614509583,8.0,0.3926990902558596,1.5,0.0,7.071067810058594,26.5625,33.889,
vin test 8x8 -3,non_urban,10,Probabilistic Foam (RBPF),classical,True,6,5,7,6,True,0.002096,2.0,3.0,0.5235987755982988,1.3333333333333333,0.0,1.4142135381698608,26.5625,9.793,
vin test 8x8 -3,non_urban,1,Probabilistic Foam (HPF),classical,True,1,7,7,0,False,0.004811,0.0,1.0,0.0,1.4142135623730951,9.219544410705566,9.219544410705566,26.5625,40.078,
vin test 8x8 -3,non_urban,2,Probabilistic Foam (HPF),classical,True,1,0,4,2,False,0.062224,0.0,1.0,0.0,1.4142135623730951,3.605551242828369,3.605551242828369,26.5625,68.681,
vin test 8x8 -3,non_urban,3,Probabilistic Foam (HPF),classical,True,1,2,0,2,True,0.003545,2.414213538169861,3.0,0.26179938209439246,1.4714045207910316,0.0,1.0,26.5625,11.409,
vin test 8x8 -3,non_urban,4,Probabilistic Foam (HPF),classical,True,0,1,6,0,False,0.069814,0.0,1.0,0.0,2.0,6.082762718200684,6.082762718200684,26.5625,78.735,
vin test 8x8 -3,non_urban,5,Probabilistic Foam (HPF),classical,True,4,7,0,6,True,0.026503,11.242640614509583,11.0,0.5711986705124246,1.1662206477041992,0.0,4.123105525970459,26.5625,26.755,
vin test 8x8 -3,non_urban,6,Probabilistic Foam (HPF),classical,True,5,0,6,6,False,0.015077,0.0,1.0,0.0,2.23606797749979,6.082762718200684,6.082762718200684,26.5625,10.273,
vin test 8x8 -3,non_urban,7,Probabilistic Foam (HPF),classical,True,0,5,2,0,True,0.01439,7.2426406145095825,7.0,0.673198415989658,1.4632343838741837,0.0,5.385164737701416,26.5625,17.617,
vin test 8x8 -3,non_urban,8,Probabilistic Foam (HPF),classical,True,1,0,5,0,False,0.013979,0.0,1.0,0.0,1.4142135623730951,4.0,4.0,26.5625,21.209,
vin test 8x8 -3,non_urban,9,Probabilistic Foam (HPF),classical,True,7,1,0,2,True,0.014817,8.242640614509583,8.0,0.3926990902558596,1.5,0.0,7.071067810058594,26.5625,35.521,
vin test 8x8 -3,non_urban,10,Probabilistic Foam (HPF),classical,True,6,5,7,6,True,0.000999,2.0,3.0,0.5235987755982988,1.3333333333333333,0.0,1.4142135381698608,26.5625,9.905,
vin test 16x16 -1,non_urban,1,A*,classical,False,9,12,12,1,True,0.020981,15.071067690849304,14.0,0.44879894317814006,1.4595698857292985,0.0,11.401754379272461,16.796875,110.358,
vin test 16x16 -1,non_urban,2,A*,classical,False,6,0,5,14,True,0.013441,14.41421353816986,15.0,0.10471975283775699,1.8860845243106892,0.0,14.03566837310791,16.796875,57.433,
vin test 16x16 -1,non_urban,3,A*,classical,False,11,4,3,4,True,0.007518,8.0,9.0,0.0,1.8331637224951285,0.0,8.0,16.796875,37.465,
vin test 16x16 -1,non_urban,4,A*,classical,False,14,3,3,2,True,0.022481,12.242640614509583,12.0,0.1963495451279298,1.6571957931143897,0.0,11.045360565185547,16.796875,63.457,
vin test 16x16 -1,non_urban,5,A*,classical,False,4,14,10,1,True,0.025089,15.485281229019165,14.0,0.3926990731415887,1.4627649046156483,0.0,14.317821502685547,16.796875,49.665,
vin test 16x16 -1,non_urban,6,A*,classical,False,4,13,5,14,True,0.002001,1.4142135381698608,2.0,0.0,1.2071067811865475,0.0,1.4142135381698608,16.796875,10.969,
vin test 16x16 -1,non_urban,7,A*,classical,False,10,10,6,1,True,0.02562,16.313708305358887,14.0,0.3926990853660679,1.0714285714285714,0.0,9.848857879638672,16.796875,47.273,
vin test 16x16 -1,non_urban,8,A*,classical,False,12,11,8,7,True,0.029688,12.242640614509583,12.0,0.327249236175126,1.0,0.0,5.656854152679443,16.796875,101.409,
vin test 16x16 -1,non_urban,9,A*,classical,False,8,0,7,0,True,0.001,1.0,2.0,0.0,2.0,0.0,1.0,16.796875,13.665,
vin test 16x16 -1,non_urban,10,A*,classical,False,7,1,12,3,True,0.007885,5.828427076339722,6.0,0.3926990902558596,1.4417135899788143,0.0,5.385164737701416,16.796875,35.537,
vin test 16x16 -1,non_urban,1,SPRM,classical,False,9,12,12,1,True,0.219925,18.727921843528748,16.0,0.44178646370213887,1.4427662462551916,0.0,11.401754379272461,16.796875,630.125,
vin test 16x16 -1,non_urban,2,SPRM,classical,False,6,0,5,14,True,0.15557,16.071067690849304,15.0,0.5235987641887849,1.617493701663758,0.0,14.03566837310791,16.796875,436.683,
vin test 16x16 -1,non_urban,3,SPRM,classical,False,11,4,3,4,True,0.008811,8.0,9.0,0.0,1.8331637224951285,0.0,8.0,16.796875,12.17,
vin test 16x16 -1,non_urban,4,SPRM,classical,False,14,3,3,2,True,0.184961,17.656854152679443,17.0,0.4619989236724451,2.4513967986837404,0.0,11.045360565185547,16.796875,485.617,
vin test 16x16 -1,non_urban,5,SPRM,classical,False,4,14,10,1,True,0.152522,18.41421353816986,19.0,0.16534697996638165,1.5668408699620744,0.0,14.317821502685547,16.796875,197.462,
vin test 16x16 -1,non_urban,6,SPRM,classical,False,4,13,5,14,True,0.007961,1.4142135381698608,2.0,0.0,1.2071067811865475,0.0,1.4142135381698608,16.796875,8.378,
vin test 16x16 -1,non_urban,7,SPRM,classical,False,10,10,6,1,True,0.520183,42.21320307254791,37.0,0.5731283890436984,1.991732605482193,0.0,9.848857879638672,16.796875,888.592,
vin test 16x16 -1,non_urban,8,SPRM,classical,False,12,11,8,7,True,0.553929,27.899494767189026,26.0,0.5739448097387965,1.7022300157301504,0.0,5.656854152679443,16.796875,809.558,
vin test 16x16 -1,non_urban,9,SPRM,classical,False,8,0,7,0,True,0.007942,1.0,2.0,0.0,2.0,0.0,1.0,16.796875,8.33,
vin test 16x16 -1,non_urban,10,SPRM,classical,False,7,1,12,3,True,0.008987,5.828427076339722,6.0,0.5235987870078128,1.4023689270621826,0.0,5.385164737701416,16.796875,10.546,
vin test 16x16 -1,non_urban,1,RT,classical,False,9,12,12,1,True,0.402971,58.62741661071777,53.0,0.5631156662601635,1.8796646289226362,0.0,11.401754379272461,16.796875,279.102,
vin test 16x16 -1,non_urban,2,RT,classical,False,6,0,5,14,True,0.429308,16.071067690849304,15.0,0.36651913493214944,1.954688527838857,0.0,14.03566837310791,16.796875,198.253,
vin test 16x16 -1,non_urban,3,RT,classical,False,11,4,3,4,True,0.186588,28.0,29.0,0.21666156231653746,2.156507307964152,0.0,8.0,16.796875,137.206,
vin test 16x16 -1,non_urban,4,RT,classical,False,14,3,3,2,True,0.114231,42.870057225227356,36.0,0.6544984733010453,1.9763396344302429,0.0,11.045360565185547,16.796875,108.87,
vin test 16x16 -1,non_urban,5,RT,classical,False,4,14,10,1,True,0.13808,37.485281229019165,36.0,0.305432617197422,2.4980855541957734,0.0,14.317821502685547,16.796875,115.259,
vin test 16x16 -1,non_urban,6,RT,classical,False,4,13,5,14,True,0.928155,32.14213538169861,29.0,0.3791577281524679,1.5176764557378861,0.0,1.4142135381698608,16.796875,302.944,
vin test 16x16 -1,non_urban,7,RT,classical,False,10,10,6,1,True,3.906574,65.62741661071777,60.0,0.5105088047821523,2.450562207842503,0.0,9.848857879638672,16.796875,753.865,
vin test 16x16 -1,non_urban,8,RT,classical,False,12,11,8,7,True,0.024141,41.69848430156708,34.0,0.4388989741666409,2.4940058150441438,0.0,5.656854152679443,16.796875,43.148,
vin test 16x16 -1,non_urban,9,RT,classical,False,8,0,7,0,True,4.681447,43.041630148887634,37.0,0.5731283834931241,2.1132968626464006,0.0,1.0,16.796875,716.583,
vin test 16x16 -1,non_urban,10,RT,classical,False,7,1,12,3,True,2.928485,46.455843687057495,40.0,0.6086835779165931,2.619171930111597,0.0,5.385164737701416,16.796875,522.798,
vin test 16x16 -1,non_urban,1,RRT,classical,False,9,12,12,1,True,0.571816,40.72792184352875,38.0,0.41336745802271413,2.967284202057706,0.0,11.401754379272461,16.796875,259.762,
vin test 16x16 -1,non_urban,2,RRT,classical,False,6,0,5,14,True,0.015934,18.071067690849304,17.0,0.508198808589948,2.0491894677065003,0.0,14.03566837310791,16.796875,44.72,
vin test 16x16 -1,non_urban,3,RRT,classical,False,11,4,3,4,True,0.045015,11.656854152679443,11.0,0.6425984988810277,2.42550145458742,0.0,8.0,16.796875,61.072,
vin test 16x16 -1,non_urban,4,RRT,classical,False,14,3,3,2,True,2.908057,15.071067690849304,14.0,0.6170985630673774,2.281069763922409,0.0,11.045360565185547,16.796875,252.926,
vin test 16x16 -1,non_urban,5,RRT,classical,False,4,14,10,1,True,0.273321,16.071067690849304,15.0,0.4188790159148335,1.5967229746412437,0.0,14.317821502685547,16.796875,116.513,
vin test 16x16 -1,non_urban,6,RRT,classical,False,4,13,5,14,True,0.022395,1.4142135381698608,2.0,0.0,1.2071067811865475,0.0,1.4142135381698608,16.796875,35.348,
vin test 16x16 -1,non_urban,7,RRT,classical,False,10,10,6,1,True,0.019846,22.899494767189026,21.0,0.5609986905859304,1.9158578563053386,0.0,9.848857879638672,16.796875,41.64,
vin test 16x16 -1,non_urban,8,RRT,classical,False,12,11,8,7,True,0.59999,36.14213538169861,33.0,0.618798552979808,2.2209366935578445,0.0,5.656854152679443,16.796875,227.088,
vin test 16x16 -1,non_urban,9,RRT,classical,False,8,0,7,0,True,3.863231,1.0,2.0,0.0,2.0,0.0,1.0,16.796875,287.568,
vin test 16x16 -1,non_urban,10,RRT,classical,False,7,1,12,3,True,0.006772,5.828427076339722,6.0,0.5235987870078128,1.4023689270621826,0.0,5.385164737701416,16.796875,20.244,
vin test 16x16 -1,non_urban,1,RRT*,classical,False,9,12,12,1,True,1.341084,15.656854152679443,15.0,0.5235987710344933,1.6761454888473033,0.0,11.401754379272461,16.796875,202.57,
vin test 16x16 -1,non_urban,2,RRT*,classical,False,6,0,5,14,True,5.803959,14.41421353816986,15.0,0.10471975283775699,1.8860845243106892,0.0,14.03566837310791,16.796875,176.283,
vin test 16x16 -1,non_urban,3,RRT*,classical,False,11,4,3,4,True,10.950007,8.0,9.0,0.0,1.8331637224951285,0.0,8.0,16.796875,253.355,
vin test 16x16 -1,non_urban,4,RRT*,classical,False,14,3,3,2,True,6.506164,12.242640614509583,12.0,0.3926990902558596,1.5887079251871652,0.0,11.045360565185547,16.796875,184.55,
vin test 16x16 -1,non_urban,5,RRT*,classical,False,4,14,10,1,True,4.91607,15.485281229019165,14.0,0.4487989407332442,1.5046067930175702,0.0,14.317821502685547,16.796875,162.035,
vin test 16x16 -1,non_urban,6,RRT*,classical,False,4,13,5,14,True,6.958687,1.4142135381698608,2.0,0.0,1.2071067811865475,0.0,1.4142135381698608,16.796875,191.111,
vin test 16x16 -1,non_urban,7,RRT*,classical,False,10,10,6,1,True,12.643082,16.313708305358887,14.0,0.3926990853660679,1.1724438258837926,0.0,9.848857879638672,16.796875,473.547,
vin test 16x16 -1,non_urban,8,RRT*,classical,False,12,11,8,7,True,5.399572,13.656854152679443,13.0,0.5437371913608696,1.0769230769230769,0.0,5.656854152679443,16.796875,171.088,
vin test 16x16 -1,non_urban,9,RRT*,classical,False,8,0,7,0,True,0.323541,1.0,2.0,0.0,2.0,0.0,1.0,16.796875,51.095,
vin test 16x16 -1,non_urban,10,RRT*,classical,False,7,1,12,3,True,9.778183,5.828427076339722,6.0,0.5235987870078128,1.4023689270621826,0.0,5.385164737701416,16.796875,251.523,
vin test 16x16 -1,non_urban,1,RRT-Connect,classical,False,,,,,False,,,,,,,,,,name 'n' is not defined
vin test 16x16 -1,non_urban,2,RRT-Connect,classical,False,,,,,False,,,,,,,,,,name 'n' is not defined
vin test 16x16 -1,non_urban,3,RRT-Connect,classical,False,,,,,False,,,,,,,,,,name 'n' is not defined
vin test 16x16 -1,non_urban,4,RRT-Connect,classical,False,,,,,False,,,,,,,,,,name 'n' is not defined
vin test 16x16 -1,non_urban,5,RRT-Connect,classical,False,,,,,False,,,,,,,,,,name 'n' is not defined
vin test 16x16 -1,non_urban,6,RRT-Connect,classical,False,,,,,False,,,,,,,,,,name 'n' is not defined
vin test 16x16 -1,non_urban,7,RRT-Connect,classical,False,,,,,False,,,,,,,,,,name 'n' is not defined
vin test 16x16 -1,non_urban,8,RRT-Connect,classical,False,,,,,False,,,,,,,,,,name 'n' is not defined
vin test 16x16 -1,non_urban,9,RRT-Connect,classical,False,,,,,False,,,,,,,,,,name 'n' is not defined
vin test 16x16 -1,non_urban,10,RRT-Connect,classical,False,,,,,False,,,,,,,,,,name 'n' is not defined
vin test 16x16 -1,non_urban,1,Wave-front,classical,False,9,12,12,1,True,0.068987,15.899494767189026,14.0,0.16829960521986242,1.4468452010954909,0.0,11.401754379272461,16.796875,124.558,
vin test 16x16 -1,non_urban,2,Wave-front,classical,False,6,0,5,14,True,0.080838,14.41421353816986,15.0,0.10471975283775699,1.8860845243106892,0.0,14.03566837310791,16.796875,31.975,
vin test 16x16 -1,non_urban,3,Wave-front,classical,False,11,4,3,4,True,0.044591,8.0,9.0,0.0,1.8331637224951285,0.0,8.0,16.796875,17.143,
vin test 16x16 -1,non_urban,4,Wave-front,classical,False,14,3,3,2,True,0.059395,12.242640614509583,12.0,0.1963495451279298,1.6571957931143897,0.0,11.045360565185547,16.796875,19.975,
vin test 16x16 -1,non_urban,5,Wave-front,classical,False,4,14,10,1,True,0.071767,15.485281229019165,14.0,0.11219973518331106,1.4627649046156483,0.0,14.317821502685547,16.796875,21.311,
vin test 16x16 -1,non_urban,6,Wave-front,classical,False,4,13,5,14,True,0.000998,1.4142135381698608,2.0,0.0,1.2071067811865475,0.0,1.4142135381698608,16.796875,8.537,
vin test 16x16 -1,non_urban,7,Wave-front,classical,False,10,10,6,1,True,0.070468,16.313708305358887,14.0,0.28049934529296516,1.0,0.0,9.848857879638672,16.796875,21.071,
vin test 16x16 -1,non_urban,8,Wave-front,classical,False,12,11,8,7,True,0.087322,12.242640614509583,12.0,0.327249236175126,1.0,0.0,5.656854152679443,16.796875,98.697,
vin test 16x16 -1,non_urban,9,Wave-front,classical,False,8,0,7,0,True,0.002778,1.0,2.0,0.0,2.0,0.0,1.0,16.796875,10.281,
vin test 16x16 -1,non_urban,10,Wave-front,classical,False,7,1,12,3,True,0.020828,5.828427076339722,6.0,0.1308996967519532,1.6477249195621126,0.0,5.385164737701416,16.796875,26.463,
vin test 16x16 -1,non_urban,1,Dijkstra,classical,False,9,12,12,1,True,0.084695,15.071067690849304,14.0,0.2804993404031735,1.5060185671487905,0.0,11.401754379272461,16.796875,216.406,
vin test 16x16 -1,non_urban,2,Dijkstra,classical,False,6,0,5,14,True,0.068465,14.41421353816986,15.0,0.10471975283775699,1.8860845243106892,0.0,14.03566837310791,16.796875,85.62,
vin test 16x16 -1,non_urban,3,Dijkstra,classical,False,11,4,3,4,True,0.040174,8.0,9.0,0.0,1.8331637224951285,0.0,8.0,16.796875,57.385,
vin test 16x16 -1,non_urban,4,Dijkstra,classical,False,14,3,3,2,True,0.060088,12.242640614509583,12.0,0.1963495451279298,1.6571957931143897,0.0,11.045360565185547,16.796875,69.937,
vin test 16x16 -1,non_urban,5,Dijkstra,classical,False,4,14,10,1,True,0.085676,15.485281229019165,14.0,0.11219973518331106,1.4627649046156483,0.0,14.317821502685547,16.796875,91.737,
vin test 16x16 -1,non_urban,6,Dijkstra,classical,False,4,13,5,14,True,0.005842,1.4142135381698608,2.0,0.0,1.2071067811865475,0.0,1.4142135381698608,16.796875,17.193,
vin test 16x16 -1,non_urban,7,Dijkstra,classical,False,10,10,6,1,True,0.078726,16.313708305358887,14.0,0.28049934529296516,1.0,0.0,9.848857879638672,16.796875,89.873,
vin test 16x16 -1,non_urban,8,Dijkstra,classical,False,12,11,8,7,True,0.058105,12.242640614509583,12.0,0.327249236175126,1.0,0.0,5.656854152679443,16.796875,140.928,
vin test 16x16 -1,non_urban,9,Dijkstra,classical,False,8,0,7,0,True,0.000975,1.0,2.0,0.0,2.0,0.0,1.0,16.796875,12.649,
vin test 16x16 -1,non_urban,10,Dijkstra,classical,False,7,1,12,3,True,0.033996,5.828427076339722,6.0,0.1308996967519532,1.6477249195621126,0.0,5.385164737701416,16.796875,61.817,
vin test 16x16 -1,non_urban,1,Potential Field,classical,False,9,12,12,1,True,0.345947,15.071067690849304,14.0,0.336599207994829,1.4595698857292985,0.0,11.401754379272461,16.796875,224.198,
vin test 16x16 -1,non_urban,2,Potential Field,classical,False,6,0,5,14,True,0.333745,14.41421353816986,15.0,0.052359876418878494,1.9136987618022292,0.0,14.03566837310791,16.796875,113.815,
vin test 16x16 -1,non_urban,3,Potential Field,classical,False,11,4,3,4,True,0.331074,8.0,9.0,0.0,1.8331637224951285,0.0,8.0,16.796875,112.727,
vin test 16x16 -1,non_urban,4,Potential Field,classical,False,14,3,3,2,True,0.338314,12.242640614509583,12.0,0.32724924187988297,1.8238624597810562,0.0,11.045360565185547,16.796875,117.13,
vin test 16x16 -1,non_urban,5,Potential Field,classical,False,4,14,10,1,True,0.343375,15.485281229019165,14.0,0.16829960277496658,1.3372392394098829,0.0,14.317821502685547,16.796875,120.279,
vin test 16x16 -1,non_urban,6,Potential Field,classical,False,4,13,5,14,True,0.335175,1.4142135381698608,2.0,0.0,1.2071067811865475,0.0,1.4142135381698608,16.796875,114.135,
vin test 16x16 -1,non_urban,7,Potential Field,classical,False,10,10,6,1,True,0.333542,16.313708305358887,14.0,0.16829960521986242,1.2775963940980481,0.0,9.848857879638672,16.796875,220.599,
vin test 16x16 -1,non_urban,8,Potential Field,classical,False,12,11,8,7,False,0.333651,3.8284270763397217,4.0,0.3926990731415887,1.0,3.605551242828369,5.656854152679443,16.796875,114.663,
vin test 16x16 -1,non_urban,9,Potential Field,classical,False,8,0,7,0,True,0.370919,1.0,2.0,0.0,2.0,0.0,1.0,16.796875,121.999,
vin test 16x16 -1,non_urban,10,Potential Field,classical,False,7,1,12,3,True,0.337611,5.828427076339722,6.0,0.2617993935039064,1.3333333333333333,0.0,5.385164737701416,16.796875,103.991,
vin test 16x16 -1,non_urban,1,Probabilistic Foam (GBPF),classical,True,9,12,12,1,True,0.578777,23.656854152679443,23.0,0.7171026672076113,2.054468687836921,0.0,11.401754379272461,16.796875,184.014,
vin test 16x16 -1,non_urban,2,Probabilistic Foam (GBPF),classical,True,6,0,5,14,True,0.012855,15.242640614509583,15.0,0.20943950567551398,1.9931212760082886,0.0,14.03566837310791,16.796875,40.597,
vin test 16x16 -1,non_urban,3,Probabilistic Foam (GBPF),classical,True,11,4,3,4,True,0.00488,9.41421353816986,10.0,0.39269908341015125,1.7498473502456158,0.0,8.0,16.796875,18.117,
vin test 16x16 -1,non_urban,4,Probabilistic Foam (GBPF),classical,True,14,3,3,2,True,0.068716,12.242640614509583,12.0,0.32724924187988297,1.9268681245727055,0.0,11.045360565185547,16.796875,54.809,
vin test 16x16 -1,non_urban,5,Probabilistic Foam (GBPF),classical,True,4,14,10,1,True,0.37408,21.485281229019165,20.0,0.5105088036412008,1.6300563079745771,0.0,14.317821502685547,16.796875,120.691,
vin test 16x16 -1,non_urban,6,Probabilistic Foam (GBPF),classical,True,4,13,5,14,True,0.001397,1.4142135381698608,2.0,0.0,1.2071067811865475,0.0,1.4142135381698608,16.796875,9.698,
vin test 16x16 -1,non_urban,7,Probabilistic Foam (GBPF),classical,True,10,10,6,1,True,0.190832,20.656854152679443,20.0,0.7068583521919848,1.5596742653368971,0.0,9.848857879638672,16.796875,85.749,
vin test 16x16 -1,non_urban,8,Probabilistic Foam (GBPF),classical,True,12,11,8,7,True,0.333809,17.656854152679443,17.0,0.41579902466083657,1.715795287068596,0.0,5.656854152679443,16.796875,137.237,
vin test 16x16 -1,non_urban,9,Probabilistic Foam (GBPF),classical,True,8,0,7,0,True,0.004116,5.828427076339722,6.0,0.5235987755982988,1.872677996249965,0.0,1.0,16.796875,20.277,
vin test 16x16 -1,non_urban,10,Probabilistic Foam (GBPF),classical,True,7,1,12,3,True,0.004035,5.828427076339722,6.0,0.3926990902558596,1.4417135899788143,0.0,5.385164737701416,16.796875,17.389,
vin test 16x16 -1,non_urban,1,Probabilistic Foam (PFM),classical,True,9,12,12,1,True,0.328302,21.313708305358887,19.0,0.5373776916463736,1.9059605339250014,0.0,11.401754379272461,16.796875,190.526,
vin test 16x16 -1,non_urban,2,Probabilistic Foam (PFM),classical,True,6,0,5,14,True,0.092428,18.313708305358887,16.0,0.34361169113817397,2.3303157997602684,0.0,14.03566837310791,16.796875,45.987,
vin test 16x16 -1,non_urban,3,Probabilistic Foam (PFM),classical,True,11,4,3,4,True,0.072406,10.242640614509583,10.0,0.4712389048841773,2.3444448022961835,0.0,8.0,16.796875,43.401,
vin test 16x16 -1,non_urban,4,Probabilistic Foam (PFM),classical,True,14,3,3,2,True,0.046817,17.899494767189026,16.0,0.4417864658414227,2.524452795325524,0.0,11.045360565185547,16.796875,32.377,
vin test 16x16 -1,non_urban,5,Probabilistic Foam (PFM),classical,True,4,14,10,1,True,0.255682,25.14213538169861,22.0,0.3569991636248155,2.6891034184189295,0.0,14.317821502685547,16.796875,79.113,
vin test 16x16 -1,non_urban,6,Probabilistic Foam (PFM),classical,True,4,13,5,14,True,0.000997,3.414213538169861,4.0,0.19634953657079435,1.4571067811865475,0.0,1.4142135381698608,16.796875,10.545,
vin test 16x16 -1,non_urban,7,Probabilistic Foam (PFM),classical,True,10,10,6,1,True,0.131737,22.899494767189026,21.0,0.373999130317148,2.364339307519874,0.0,9.848857879638672,16.796875,59.975,
vin test 16x16 -1,non_urban,8,Probabilistic Foam (PFM),classical,True,12,11,8,7,True,0.222113,17.071067690849304,16.0,0.29452430913475924,1.6071735401324292,0.0,5.656854152679443,16.796875,178.553,
vin test 16x16 -1,non_urban,9,Probabilistic Foam (PFM),classical,True,8,0,7,0,True,0.001998,3.0,4.0,0.7853981633974483,2.0,0.0,1.0,16.796875,12.969,
vin test 16x16 -1,non_urban,10,Probabilistic Foam (PFM),classical,True,7,1,12,3,True,0.01902,7.828427076339722,8.0,0.39269908169872414,2.236615278374021,0.0,5.385164737701416,16.796875,19.385,
vin test 16x16 -1,non_urban,1,Probabilistic Foam (RBPF),classical,True,9,12,12,1,True,0.135993,19.313708305358887,17.0,0.5543986935074512,2.008750296607591,0.0,11.401754379272461,16.796875,169.174,
vin test 16x16 -1,non_urban,2,Probabilistic Foam (RBPF),classical,True,6,0,5,14,True,0.120121,22.071067690849304,21.0,0.4487989456230359,2.216841589981748,0.0,14.03566837310791,16.796875,54.604,
vin test 16x16 -1,non_urban,3,Probabilistic Foam (RBPF),classical,True,11,4,3,4,True,0.182183,10.485281229019165,9.0,0.2617993935039064,1.9054172269254492,0.0,8.0,16.796875,67.702,
vin test 16x16 -1,non_urban,4,Probabilistic Foam (RBPF),classical,True,14,3,3,2,True,0.048926,17.899494767189026,16.0,0.4908738521234052,2.3699442981380505,0.0,11.045360565185547,16.796875,35.812,
vin test 16x16 -1,non_urban,5,Probabilistic Foam (RBPF),classical,True,4,14,10,1,True,0.214641,20.071067690849304,19.0,0.49604094710515373,2.159742345247459,0.0,14.317821502685547,16.796875,73.388,
vin test 16x16 -1,non_urban,6,Probabilistic Foam (RBPF),classical,True,4,13,5,14,True,0.001533,1.4142135381698608,2.0,0.0,1.2071067811865475,0.0,1.4142135381698608,16.796875,10.178,
vin test 16x16 -1,non_urban,7,Probabilistic Foam (RBPF),classical,True,10,10,6,1,True,0.203775,22.313708305358887,20.0,0.3534291743845653,2.060197746474479,0.0,9.848857879638672,16.796875,77.844,
vin test 16x16 -1,non_urban,8,Probabilistic Foam (RBPF),classical,True,12,11,8,7,True,0.22988,33.79898953437805,29.0,0.595819294009889,2.3759747585174336,0.0,5.656854152679443,16.796875,181.42,
vin test 16x16 -1,non_urban,9,Probabilistic Foam (RBPF),classical,True,8,0,7,0,True,0.003464,3.0,4.0,0.7853981633974483,2.0,0.0,1.0,16.796875,13.084,
vin test 16x16 -1,non_urban,10,Probabilistic Foam (RBPF),classical,True,7,1,12,3,True,0.010151,7.2426406145095825,7.0,0.560998695475722,2.1011719903570527,0.0,5.385164737701416,16.796875,16.708,
vin test 16x16 -1,non_urban,1,Probabilistic Foam (HPF),classical,True,9,12,12,1,True,0.057154,16.485281229019165,15.0,0.3141592653589793,1.9432503361552695,0.0,11.401754379272461,16.796875,120.214,
vin test 16x16 -1,non_urban,2,Probabilistic Foam (HPF),classical,True,6,0,5,14,True,0.043431,17.485281229019165,16.0,0.44178645942357114,1.8612044840228028,0.0,14.03566837310791,16.796875,77.209,
vin test 16x16 -1,non_urban,3,Probabilistic Foam (HPF),classical,True,11,4,3,4,True,0.018781,10.485281229019165,9.0,0.2617993935039064,2.14889919504666,0.0,8.0,16.796875,28.369,
vin test 16x16 -1,non_urban,4,Probabilistic Foam (HPF),classical,True,14,3,3,2,True,0.023142,13.071067690849304,12.0,0.3926990902558596,2.2995461208226704,0.0,11.045360565185547,16.796875,21.777,
vin test 16x16 -1,non_urban,5,Probabilistic Foam (HPF),classical,True,4,14,10,1,True,0.082882,16.899494767189026,15.0,0.6283185215903475,1.620475719291018,0.0,14.317821502685547,16.796875,52.321,
vin test 16x16 -1,non_urban,6,Probabilistic Foam (HPF),classical,True,4,13,5,14,True,0.00214,1.4142135381698608,2.0,0.0,1.2071067811865475,0.0,1.4142135381698608,16.796875,9.929,
vin test 16x16 -1,non_urban,7,Probabilistic Foam (HPF),classical,True,10,10,6,1,True,0.074371,21.14213538169861,18.0,0.47996554334764774,1.6905307380132073,0.0,9.848857879638672,16.796875,52.779,
vin test 16x16 -1,non_urban,8,Probabilistic Foam (HPF),classical,True,12,11,8,7,True,0.120616,16.485281229019165,15.0,0.4188790159148335,1.3495093791412855,0.0,5.656854152679443,16.796875,157.807,
vin test 16x16 -1,non_urban,9,Probabilistic Foam (HPF),classical,True,8,0,7,0,True,0.002002,3.0,4.0,0.7853981633974483,2.0,0.0,1.0,16.796875,13.505,
vin test 16x16 -1,non_urban,10,Probabilistic Foam (HPF),classical,True,7,1,12,3,True,0.012889,5.828427076339722,6.0,0.2617993935039064,1.3333333333333333,0.0,5.385164737701416,16.796875,30.137,
vin test 16x16 -2,non_urban,1,A*,classical,False,0,13,12,1,True,0.047342,19.313708305358887,17.0,0.27719934977389105,1.0730965110070168,0.0,16.970561981201172,19.53125,169.894,
vin test 16x16 -2,non_urban,2,A*,classical,False,6,0,15,14,True,0.058461,19.485281229019165,18.0,0.2617993897007351,1.5107491837076636,0.0,16.6433162689209,19.53125,92.529,
vin test 16x16 -2,non_urban,3,A*,classical,False,15,4,7,4,True,0.006825,8.0,9.0,0.0,1.275412073846564,0.0,8.0,19.53125,23.977,
vin test 16x16 -2,non_urban,4,A*,classical,False,2,4,4,2,True,0.004099,3.414213538169861,4.0,0.39269908169872414,1.1035533905932737,0.0,2.8284270763397217,19.53125,17.153,
vin test 16x16 -2,non_urban,5,A*,classical,False,14,14,10,1,True,0.025622,15.242640614509583,15.0,0.20943951023931953,1.5190562969322896,0.0,13.601470947265625,19.53125,45.681,
vin test 16x16 -2,non_urban,6,A*,classical,False,10,13,15,14,True,0.006419,5.414213538169861,6.0,0.2617993935039064,1.5107491837076632,0.0,5.099019527435303,19.53125,23.281,
vin test 16x16 -2,non_urban,7,A*,classical,False,15,10,6,1,True,0.027223,15.071067690849304,14.0,0.3926990853660679,1.4345899957202188,0.0,12.727922439575195,19.53125,45.625,
vin test 16x16 -2,non_urban,8,A*,classical,False,2,12,3,8,True,0.006077,5.828427076339722,6.0,0.5235987698935419,1.0,0.0,4.123105525970459,19.53125,37.697,
vin test 16x16 -2,non_urban,9,A*,classical,False,8,0,7,0,True,0.001494,1.0,2.0,0.0,2.0,0.0,1.0,19.53125,14.337,
vin test 16x16 -2,non_urban,10,A*,classical,False,7,1,0,4,True,0.008046,8.242640614509583,8.0,0.0981747725639649,1.4571067811865475,0.0,7.6157732009887695,19.53125,41.633,
vin test 16x16 -2,non_urban,1,SPRM,classical,False,0,13,12,1,True,0.161151,24.82842707633972,25.0,0.18849555921538758,1.8575328118593142,0.0,16.970561981201172,19.53125,294.553,
vin test 16x16 -2,non_urban,2,SPRM,classical,False,6,0,15,14,True,0.114868,21.82842707633972,22.0,0.21419949599670937,1.9344792494877134,0.0,16.6433162689209,19.53125,161.871,
vin test 16x16 -2,non_urban,3,SPRM,classical,False,15,4,7,4,True,0.009033,8.0,9.0,0.0,1.275412073846564,0.0,8.0,19.53125,12.842,
vin test 16x16 -2,non_urban,4,SPRM,classical,False,2,4,4,2,True,0.118585,6.828427076339722,7.0,0.6731984306590331,1.1775200981598977,0.0,2.8284270763397217,19.53125,172.745,
vin test 16x16 -2,non_urban,5,SPRM,classical,False,14,14,10,1,True,0.142583,17.0,18.0,0.08726646259971647,1.6714670852072286,0.0,13.601470947265625,19.53125,189.974,
vin test 16x16 -2,non_urban,6,SPRM,classical,False,10,13,15,14,True,0.008009,5.414213538169861,6.0,0.2617993935039064,1.5107491837076632,0.0,5.099019527435303,19.53125,11.218,
vin test 16x16 -2,non_urban,7,SPRM,classical,False,15,10,6,1,True,0.157829,18.242640614509583,18.0,0.34906584849728023,1.8002548809814403,0.0,12.727922439575195,19.53125,253.304,
vin test 16x16 -2,non_urban,8,SPRM,classical,False,2,12,3,8,True,0.110164,7.828427076339722,8.0,0.3926990774201564,1.1035533905932737,0.0,4.123105525970459,19.53125,151.686,
vin test 16x16 -2,non_urban,9,SPRM,classical,False,8,0,7,0,True,0.007859,1.0,2.0,0.0,2.0,0.0,1.0,19.53125,9.002,
vin test 16x16 -2,non_urban,10,SPRM,classical,False,7,1,0,4,True,0.106712,9.071067690849304,8.0,0.2945243176918947,1.6625703849682212,0.0,7.6157732009887695,19.53125,59.406,
vin test 16x16 -2,non_urban,1,RT,classical,False,0,13,12,1,True,0.442897,37.65685415267944,37.0,0.382085593004164,1.4050243910903177,0.0,16.970561981201172,19.53125,295.406,
vin test 16x16 -2,non_urban,2,RT,classical,False,6,0,15,14,True,0.178325,21.82842707633972,22.0,0.2141995022200806,2.2512275160244717,0.0,16.6433162689209,19.53125,130.921,
vin test 16x16 -2,non_urban,3,RT,classical,False,15,4,7,4,True,0.057456,36.97056245803833,33.0,0.4759988869075445,1.3874498319389195,0.0,8.0,19.53125,60.974,
vin test 16x16 -2,non_urban,4,RT,classical,False,2,4,4,2,True,3.5229,66.76955199241638,57.0,0.4960409483061555,1.365048366411727,0.0,2.8284270763397217,19.53125,512.363,
vin test 16x16 -2,non_urban,5,RT,classical,False,14,14,10,1,True,28.741298,48.31370830535889,46.0,0.30732971760024247,1.814095928709438,0.0,13.601470947265625,19.53125,1362.119,
vin test 16x16 -2,non_urban,6,RT,classical,False,10,13,15,14,True,8.443905,23.55634891986847,20.0,0.3141592687818335,1.2239354332309538,0.0,5.099019527435303,19.53125,934.95,
vin test 16x16 -2,non_urban,7,RT,classical,False,15,10,6,1,True,2.214565,54.97056245803833,51.0,0.3541991693792436,1.8637012432816356,0.0,12.727922439575195,19.53125,346.916,
vin test 16x16 -2,non_urban,8,RT,classical,False,2,12,3,8,True,0.993128,27.727921843528748,25.0,0.28274333266194385,1.457445039754289,0.0,4.123105525970459,19.53125,272.97,
vin test 16x16 -2,non_urban,9,RT,classical,False,8,0,7,0,True,0.02232,15.828427076339722,16.0,0.4417864679807066,1.5228161363744845,0.0,1.0,19.53125,39.042,
vin test 16x16 -2,non_urban,10,RT,classical,False,7,1,0,4,True,0.131478,40.38477599620819,36.0,0.45814892722232226,1.2785690316973228,0.0,7.6157732009887695,19.53125,116.43,
vin test 16x16 -2,non_urban,1,RRT,classical,False,0,13,12,1,True,0.02831,30.727921843528748,28.0,0.42074901549455185,1.7055876396942884,0.0,16.970561981201172,19.53125,97.258,
vin test 16x16 -2,non_urban,2,RRT,classical,False,6,0,15,14,True,1.762394,29.38477599620819,25.0,0.5654866803844463,1.5068877588542806,0.0,16.6433162689209,19.53125,289.767,
vin test 16x16 -2,non_urban,3,RRT,classical,False,15,4,7,4,True,0.123447,9.656854152679443,9.0,0.5235987870078128,1.3674595321516962,0.0,8.0,19.53125,74.97,
vin test 16x16 -2,non_urban,4,RRT,classical,False,2,4,4,2,True,0.384641,9.41421353816986,10.0,0.6283185341408128,1.3307135789365265,0.0,2.8284270763397217,19.53125,137.654,
vin test 16x16 -2,non_urban,5,RRT,classical,False,14,14,10,1,True,1.641449,18.656854152679443,18.0,0.5235987774998845,1.4325469141102412,0.0,13.601470947265625,19.53125,214.597,
vin test 16x16 -2,non_urban,6,RRT,classical,False,10,13,15,14,True,0.115368,6.828427076339722,7.0,0.6731984355488247,1.875570029213137,0.0,5.099019527435303,19.53125,72.298,
vin test 16x16 -2,non_urban,7,RRT,classical,False,15,10,6,1,True,0.10018,28.485281229019165,27.0,0.5817764185991671,1.668698866575511,0.0,12.727922439575195,19.53125,129.154,
vin test 16x16 -2,non_urban,8,RRT,classical,False,2,12,3,8,True,2.315076,18.071067690849304,17.0,0.3695991276626717,1.291226154095215,0.0,4.123105525970459,19.53125,297.604,
vin test 16x16 -2,non_urban,9,RRT,classical,False,8,0,7,0,True,0.126461,1.0,2.0,0.0,2.0,0.0,1.0,19.53125,74.188,
vin test 16x16 -2,non_urban,10,RRT,classical,False,7,1,0,4,True,1.003762,9.41421353816986,10.0,0.4712388946156148,1.5307135789365263,0.0,7.6157732009887695,19.53125,247.237,
vin test 28x28 -1,non_urban,1,RRT-Connect,classical,False,,,,,False,,,,,,,,,,name 'n' is not defined
vin test 28x28 -1,non_urban,2,RRT-Connect,classical,False,,,,,False,,,,,,,,,,name 'n' is not defined
vin test 28x28 -1,non_urban,3,RRT-Connect,classical,False,,,,,False,,,,,,,,,,name 'n' is not defined
vin test 28x28 -1,non_urban,4,RRT-Connect,classical,False,,,,,False,,,,,,,,,,name 'n' is not defined
vin test 28x28 -1,non_urban,5,RRT-Connect,classical,False,,,,,False,,,,,,,,,,name 'n' is not defined
vin test 28x28 -1,non_urban,6,RRT-Connect,classical,False,,,,,False,,,,,,,,,,name 'n' is not defined
vin test 28x28 -1,non_urban,7,RRT-Connect,classical,False,,,,,False,,,,,,,,,,name 'n' is not defined
vin test 28x28 -1,non_urban,8,RRT-Connect,classical,False,,,,,False,,,,,,,,,,name 'n' is not defined
vin test 28x28 -1,non_urban,9,RRT-Connect,classical,False,,,,,False,,,,,,,,,,name 'n' is not defined
vin test 28x28 -1,non_urban,10,RRT-Connect,classical,False,,,,,False,,,,,,,,,,name 'n' is not defined
vin test 28x28 -1,non_urban,1,Wave-front,classical,False,9,22,15,3,True,0.29012,21.485281229019165,20.0,0.03926990731415887,2.900446345900088,0.0,19.92485809326172,7.670454545454546,104.054,
vin test 28x28 -1,non_urban,2,Wave-front,classical,False,25,0,15,25,True,0.373732,29.14213538169861,26.0,0.030207621010891438,6.273200299738386,0.0,26.925823211669922,7.670454545454546,34.119,
vin test 28x28 -1,non_urban,3,Wave-front,classical,False,18,8,19,7,True,0.001,1.4142135381698608,2.0,0.0,1.618033988749895,0.0,1.4142135381698608,7.670454545454546,13.817,
vin test 28x28 -1,non_urban,4,Wave-front,classical,False,30,6,10,4,True,0.231728,20.82842707633972,21.0,0.03739991335770091,5.345201346806259,0.0,20.099750518798828,7.670454545454546,37.943,
vin test 28x28 -1,non_urban,5,Wave-front,classical,False,10,25,5,3,True,0.203377,24.071067690849304,23.0,0.1024432364717188,3.839548498860226,0.0,22.56102752685547,7.670454545454546,36.919,
vin test 28x28 -1,non_urban,6,Wave-front,classical,False,14,23,14,25,True,0.002016,2.0,3.0,0.0,6.08428328525216,0.0,2.0,7.670454545454546,21.049,
vin test 28x28 -1,non_urban,7,Wave-front,classical,False,4,30,12,19,True,0.132124,14.313708305358887,12.0,0.06544984552359812,9.064567432242175,0.0,13.601470947265625,7.670454545454546,128.287,
vin test 28x28 -1,non_urban,8,Wave-front,classical,False,23,2,25,20,True,0.222882,18.82842707633972,19.0,0.04133674454121986,5.016411406316447,0.0,18.11077117919922,7.670454545454546,33.511,
vin test 28x28 -1,non_urban,9,Wave-front,classical,False,25,14,32,0,True,0.079308,16.899494767189026,15.0,0.052359876418878494,8.736787720691515,0.0,15.65247631072998,7.670454545454546,23.753,
vin test 28x28 -1,non_urban,10,Wave-front,classical,False,30,0,29,2,True,0.002003,2.414213538169861,3.0,0.26179938209439246,13.961662541912034,0.0,2.2360680103302,7.670454545454546,15.961,
vin test 28x28 -1,non_urban,1,Dijkstra,classical,False,9,22,15,3,True,0.292261,21.485281229019165,20.0,0.03926990731415887,2.900446345900088,0.0,19.92485809326172,7.670454545454546,406.721,
vin test 28x28 -1,non_urban,2,Dijkstra,classical,False,25,0,15,25,True,0.306913,29.14213538169861,26.0,0.030207621010891438,6.273200299738386,0.0,26.925823211669922,7.670454545454546,327.024,
vin test 28x28 -1,non_urban,3,Dijkstra,classical,False,18,8,19,7,True,0.002625,1.4142135381698608,2.0,0.0,1.618033988749895,0.0,1.4142135381698608,7.670454545454546,20.009,
vin test 28x28 -1,non_urban,4,Dijkstra,classical,False,30,6,10,4,True,0.185779,20.82842707633972,21.0,0.03739991335770091,5.345201346806259,0.0,20.099750518798828,7.670454545454546,214.617,
vin test 28x28 -1,non_urban,5,Dijkstra,classical,False,10,25,5,3,True,0.318338,24.071067690849304,23.0,0.1024432364717188,3.839548498860226,0.0,22.56102752685547,7.670454545454546,338.121,
vin test 28x28 -1,non_urban,6,Dijkstra,classical,False,14,23,14,25,True,0.007167,2.0,3.0,0.0,6.08428328525216,0.0,2.0,7.670454545454546,26.553,
vin test 28x28 -1,non_urban,7,Dijkstra,classical,False,4,30,12,19,True,0.103685,14.313708305358887,12.0,0.06544984552359812,9.064567432242175,0.0,13.601470947265625,7.670454545454546,217.985,
vin test 28x28 -1,non_urban,8,Dijkstra,classical,False,23,2,25,20,True,0.173421,18.82842707633972,19.0,0.04133674454121986,5.016411406316447,0.0,18.11077117919922,7.670454545454546,205.001,
vin test 28x28 -1,non_urban,9,Dijkstra,classical,False,25,14,32,0,True,0.226764,16.899494767189026,15.0,0.052359876418878494,8.736787720691515,0.0,15.65247631072998,7.670454545454546,241.873,
vin test 28x28 -1,non_urban,10,Dijkstra,classical,False,30,0,29,2,True,0.007022,2.414213538169861,3.0,0.26179938209439246,13.961662541912034,0.0,2.2360680103302,7.670454545454546,23.553,
vin test 16x16 -2,non_urban,1,RRT*,classical,False,0,13,12,1,True,8.197803,19.313708305358887,17.0,0.46199891360522694,1.215109073499552,0.0,16.970561981201172,19.53125,335.946,
vin test 16x16 -2,non_urban,2,RRT*,classical,False,6,0,15,14,True,7.644618,19.485281229019165,18.0,0.39269908455110264,1.7312192872525907,0.0,16.6433162689209,19.53125,214.627,
vin test 16x16 -2,non_urban,3,RRT*,classical,False,15,4,7,4,True,1.211762,8.0,9.0,0.0,1.275412073846564,0.0,8.0,19.53125,75.827,
vin test 16x16 -2,non_urban,4,RRT*,classical,False,2,4,4,2,True,1.577379,3.414213538169861,4.0,0.39269908169872414,1.1035533905932737,0.0,2.8284270763397217,19.53125,85.783,
vin test 16x16 -2,non_urban,5,RRT*,classical,False,14,14,10,1,True,2.988995,16.071067690849304,15.0,0.4188790159148335,1.662163460177756,0.0,13.601470947265625,19.53125,124.438,
vin test 16x16 -2,non_urban,6,RRT*,classical,False,10,13,15,14,True,2.515366,5.414213538169861,6.0,0.2617993935039064,1.5107491837076632,0.0,5.099019527435303,19.53125,114.899,
vin test 16x16 -2,non_urban,7,RRT*,classical,False,15,10,6,1,True,6.045218,15.071067690849304,14.0,0.44879895295772343,1.4900988636286332,0.0,12.727922439575195,19.53125,374.811,
vin test 16x16 -2,non_urban,8,RRT*,classical,False,2,12,3,8,True,4.42645,5.828427076339722,6.0,0.5235987698935419,1.0690355937288492,0.0,4.123105525970459,19.53125,148.255,
vin test 16x16 -2,non_urban,9,RRT*,classical,False,8,0,7,0,True,8.684138,1.0,2.0,0.0,2.0,0.0,1.0,19.53125,218.315,
vin test 16x16 -2,non_urban,10,RRT*,classical,False,7,1,0,4,True,8.418037,8.242640614509583,8.0,0.1963495451279298,1.4348385830773844,0.0,7.6157732009887695,19.53125,210.12,
vin test 16x16 -2,non_urban,1,RRT-Connect,classical,False,,,,,False,,,,,,,,,,name 'n' is not defined
vin test 16x16 -2,non_urban,2,RRT-Connect,classical,False,,,,,False,,,,,,,,,,name 'n' is not defined
vin test 16x16 -2,non_urban,3,RRT-Connect,classical,False,,,,,False,,,,,,,,,,name 'n' is not defined
vin test 16x16 -2,non_urban,4,RRT-Connect,classical,False,,,,,False,,,,,,,,,,name 'n' is not defined
vin test 16x16 -2,non_urban,5,RRT-Connect,classical,False,,,,,False,,,,,,,,,,name 'n' is not defined
vin test 16x16 -2,non_urban,6,RRT-Connect,classical,False,,,,,False,,,,,,,,,,name 'n' is not defined
vin test 16x16 -2,non_urban,7,RRT-Connect,classical,False,,,,,False,,,,,,,,,,name 'n' is not defined
vin test 16x16 -2,non_urban,8,RRT-Connect,classical,False,,,,,False,,,,,,,,,,name 'n' is not defined
vin test 16x16 -2,non_urban,9,RRT-Connect,classical,False,,,,,False,,,,,,,,,,name 'n' is not defined
vin test 16x16 -2,non_urban,10,RRT-Connect,classical,False,,,,,False,,,,,,,,,,name 'n' is not defined
vin test 16x16 -2,non_urban,1,Wave-front,classical,False,0,13,12,1,True,0.086183,19.55634891986847,16.0,0.2454369228527768,1.051776695296637,0.0,16.970561981201172,19.53125,133.91,
vin test 16x16 -2,non_urban,2,Wave-front,classical,False,6,0,15,14,True,0.079433,19.485281229019165,18.0,0.21816615745008403,1.6448721593950577,0.0,16.6433162689209,19.53125,21.935,
vin test 16x16 -2,non_urban,3,Wave-front,classical,False,15,4,7,4,True,0.04648,8.0,9.0,0.0,1.275412073846564,0.0,8.0,19.53125,17.239,
vin test 16x16 -2,non_urban,4,Wave-front,classical,False,2,4,4,2,True,0.007229,3.414213538169861,4.0,0.39269908169872414,1.1035533905932737,0.0,2.8284270763397217,19.53125,13.689,
vin test 16x16 -2,non_urban,5,Wave-front,classical,False,14,14,10,1,True,0.079068,15.242640614509583,15.0,0.20943951023931953,1.5190562969322896,0.0,13.601470947265625,19.53125,22.487,
vin test 16x16 -2,non_urban,6,Wave-front,classical,False,10,13,15,14,True,0.012571,6.2426406145095825,6.0,0.1308996967519532,1.4417135899788143,0.0,5.099019527435303,19.53125,14.521,
vin test 16x16 -2,non_urban,7,Wave-front,classical,False,15,10,6,1,True,0.071029,15.071067690849304,14.0,0.22439947770130964,1.6625426895124258,0.0,12.727922439575195,19.53125,20.623,
vin test 16x16 -2,non_urban,8,Wave-front,classical,False,2,12,3,8,True,0.022822,5.828427076339722,6.0,0.5235987698935419,1.0,0.0,4.123105525970459,19.53125,37.345,
vin test 16x16 -2,non_urban,9,Wave-front,classical,False,8,0,7,0,True,0.002103,1.0,2.0,0.0,2.0,0.0,1.0,19.53125,10.953,
vin test 16x16 -2,non_urban,10,Wave-front,classical,False,7,1,0,4,True,0.031839,8.242640614509583,8.0,0.0981747725639649,1.4571067811865475,0.0,7.6157732009887695,19.53125,48.209,
vin test 16x16 -2,non_urban,1,Dijkstra,classical,False,0,13,12,1,True,0.08626,19.313708305358887,17.0,0.27719934977389105,1.23908794719094,0.0,16.970561981201172,19.53125,216.718,
vin test 16x16 -2,non_urban,2,Dijkstra,classical,False,6,0,15,14,True,0.091604,19.485281229019165,18.0,0.21816615745008403,1.6448721593950577,0.0,16.6433162689209,19.53125,95.556,
vin test 16x16 -2,non_urban,3,Dijkstra,classical,False,15,4,7,4,True,0.031374,8.0,9.0,0.0,1.275412073846564,0.0,8.0,19.53125,38.169,
vin test 16x16 -2,non_urban,4,Dijkstra,classical,False,2,4,4,2,True,0.013827,3.414213538169861,4.0,0.39269908169872414,1.1035533905932737,0.0,2.8284270763397217,19.53125,30.097,
vin test 16x16 -2,non_urban,5,Dijkstra,classical,False,14,14,10,1,True,0.064972,15.242640614509583,15.0,0.20943951023931953,1.5190562969322896,0.0,13.601470947265625,19.53125,75.001,
vin test 16x16 -2,non_urban,6,Dijkstra,classical,False,10,13,15,14,True,0.023692,5.414213538169861,6.0,0.2617993935039064,1.5107491837076632,0.0,5.099019527435303,19.53125,34.689,
vin test 16x16 -2,non_urban,7,Dijkstra,classical,False,15,10,6,1,True,0.066344,15.071067690849304,14.0,0.22439947770130964,1.6625426895124258,0.0,12.727922439575195,19.53125,73.761,
vin test 16x16 -2,non_urban,8,Dijkstra,classical,False,2,12,3,8,True,0.021319,5.828427076339722,6.0,0.5235987698935419,1.0,0.0,4.123105525970459,19.53125,58.689,
vin test 16x16 -2,non_urban,9,Dijkstra,classical,False,8,0,7,0,True,0.002,1.0,2.0,0.0,2.0,0.0,1.0,19.53125,13.369,
vin test 16x16 -2,non_urban,10,Dijkstra,classical,False,7,1,0,4,True,0.039622,8.242640614509583,8.0,0.0981747725639649,1.4571067811865475,0.0,7.6157732009887695,19.53125,96.425,
vin test 16x16 -2,non_urban,1,Potential Field,classical,False,0,13,12,1,True,0.396369,21.55634891986847,18.0,0.5672320040457787,1.1472378633262714,0.0,16.970561981201172,19.53125,227.005,
vin test 16x16 -2,non_urban,2,Potential Field,classical,False,6,0,15,14,True,0.395309,27.97056245803833,24.0,0.425424003034334,1.2208567949894071,0.0,16.6433162689209,19.53125,119.374,
vin test 16x16 -2,non_urban,3,Potential Field,classical,False,15,4,7,4,True,0.387869,8.0,9.0,0.0,1.275412073846564,0.0,8.0,19.53125,106.606,
vin test 16x16 -2,non_urban,4,Potential Field,classical,False,2,4,4,2,True,0.388572,4.828427076339722,5.0,0.1570796292566355,1.082842712474619,0.0,2.8284270763397217,19.53125,112.649,
vin test 16x16 -2,non_urban,5,Potential Field,classical,False,14,14,10,1,True,0.385579,17.727921843528748,15.0,0.4188790159148335,1.0552284749830794,0.0,13.601470947265625,19.53125,120.814,
vin test 16x16 -2,non_urban,6,Potential Field,classical,False,10,13,15,14,True,0.385458,5.414213538169861,6.0,0.1308996967519532,1.7167605132909616,0.0,5.099019527435303,19.53125,116.686,
vin test 16x16 -2,non_urban,7,Potential Field,classical,False,15,10,6,1,True,0.388596,25.55634891986847,22.0,0.46409891551277727,1.3892258456682791,0.0,12.727922439575195,19.53125,227.584,
vin test 16x16 -2,non_urban,8,Potential Field,classical,False,2,12,3,8,True,0.38457,5.828427076339722,6.0,0.5235987698935419,1.0,0.0,4.123105525970459,19.53125,115.902,
vin test 16x16 -2,non_urban,9,Potential Field,classical,False,8,0,7,0,True,0.40466,1.0,2.0,0.0,2.0,0.0,1.0,19.53125,121.926,
vin test 16x16 -2,non_urban,10,Potential Field,classical,False,7,1,0,4,True,0.393689,8.242640614509583,8.0,0.1963495451279298,1.4348385830773844,0.0,7.6157732009887695,19.53125,105.299,
vin test 28x28 -1,non_urban,1,Potential Field,classical,False,9,22,15,3,True,2.515476,30.213203072547913,25.0,0.3455751898411647,1.9080573395005218,0.0,19.92485809326172,7.670454545454546,465.327,
vin test 28x28 -1,non_urban,2,Potential Field,classical,False,25,0,15,25,True,2.643282,37.870057225227356,31.0,0.2786896692267457,3.1586005018217755,0.0,26.925823211669922,7.670454545454546,413.655,
vin test 28x28 -1,non_urban,3,Potential Field,classical,False,18,8,19,7,True,2.529318,1.4142135381698608,2.0,0.0,1.618033988749895,0.0,1.4142135381698608,7.670454545454546,403.279,
vin test 28x28 -1,non_urban,4,Potential Field,classical,False,30,6,10,4,True,2.525845,20.82842707633972,21.0,0.03739991335770091,6.699084041851491,0.0,20.099750518798828,7.670454545454546,450.903,
vin test 28x28 -1,non_urban,5,Potential Field,classical,False,10,25,5,3,True,2.524062,24.071067690849304,23.0,0.03414774549057293,6.652774745150701,0.0,22.56102752685547,7.670454545454546,557.495,
vin test 28x28 -1,non_urban,6,Potential Field,classical,False,14,23,14,25,True,2.50992,2.0,3.0,0.0,6.08428328525216,0.0,2.0,7.670454545454546,430.935,
vin test 28x28 -1,non_urban,7,Potential Field,classical,False,4,30,12,19,True,2.50631,14.313708305358887,12.0,0.06544984552359812,8.218568287688045,0.0,13.601470947265625,7.670454545454546,443.228,
vin test 28x28 -1,non_urban,8,Potential Field,classical,False,23,2,25,20,True,2.531269,18.82842707633972,19.0,0.04133674454121986,6.508771515299801,0.0,18.11077117919922,7.670454545454546,463.624,
vin test 28x28 -1,non_urban,9,Potential Field,classical,False,25,14,32,0,True,2.558561,16.899494767189026,15.0,0.052359876418878494,11.745841293919353,0.0,15.65247631072998,7.670454545454546,495.135,
vin test 28x28 -1,non_urban,10,Potential Field,classical,False,30,0,29,2,True,2.46506,2.414213538169861,3.0,0.26179938209439246,13.708647089752638,0.0,2.2360680103302,7.670454545454546,402.583,
vin test 28x28 -1,non_urban,1,Probabilistic Foam (GBPF),classical,True,9,22,15,3,True,0.015198,23.97056245803833,20.0,0.19634953657079435,3.612014236214674,0.0,19.92485809326172,7.670454545454546,89.695,
vin test 28x28 -1,non_urban,2,Probabilistic Foam (GBPF),classical,True,25,0,15,25,True,0.033091,54.79898953437805,50.0,0.4241150106306202,6.5146177704617,0.0,26.925823211669922,7.670454545454546,74.061,
vin test 28x28 -1,non_urban,3,Probabilistic Foam (GBPF),classical,True,18,8,19,7,True,0.001249,2.0,3.0,0.5235987755982988,1.5500938466242948,0.0,1.4142135381698608,7.670454545454546,14.821,
vin test 28x28 -1,non_urban,4,Probabilistic Foam (GBPF),classical,True,30,6,10,4,True,0.019835,21.656854152679443,21.0,0.2991993068616073,5.210438209022065,0.0,20.099750518798828,7.670454545454546,39.837,
vin test 28x28 -1,non_urban,5,Probabilistic Foam (GBPF),classical,True,10,25,5,3,True,0.010898,29.97056245803833,26.0,0.5739448071058317,6.751698063794105,0.0,22.56102752685547,7.670454545454546,29.749,
vin test 28x28 -1,non_urban,6,Probabilistic Foam (GBPF),classical,True,14,23,14,25,True,0.002984,8.828427076339722,9.0,0.3490658427925233,7.807723845436352,0.0,2.0,7.670454545454546,18.437,
vin test 28x28 -1,non_urban,7,Probabilistic Foam (GBPF),classical,True,4,30,12,19,True,0.020883,33.72792184352875,31.0,0.3800313710420819,8.063761792220598,0.0,13.601470947265625,7.670454545454546,42.197,
vin test 28x28 -1,non_urban,8,Probabilistic Foam (GBPF),classical,True,23,2,25,20,True,0.007407,27.313708305358887,25.0,0.4398229687642878,9.040760934502687,0.0,18.11077117919922,7.670454545454546,47.319,
vin test 28x28 -1,non_urban,9,Probabilistic Foam (GBPF),classical,True,25,14,32,0,True,0.011532,21.97056245803833,18.0,0.5235987755982988,7.945191625042012,0.0,15.65247631072998,7.670454545454546,48.019,
vin test 28x28 -1,non_urban,10,Probabilistic Foam (GBPF),classical,True,30,0,29,2,True,0.011742,2.414213538169861,3.0,0.26179938209439246,13.961662541912034,0.0,2.2360680103302,7.670454545454546,31.586,
vin test 16x16 -2,non_urban,1,Probabilistic Foam (GBPF),classical,True,0,13,12,1,True,1.745056,34.485281229019165,33.0,0.7615982200892997,1.5560246381420144,0.0,16.970561981201172,19.53125,273.562,
vin test 16x16 -2,non_urban,2,Probabilistic Foam (GBPF),classical,True,6,0,15,14,True,4.370831,21.242640614509583,21.0,0.3739991270572869,1.8090654426329915,0.0,16.6433162689209,19.53125,202.37,
vin test 16x16 -2,non_urban,3,Probabilistic Foam (GBPF),classical,True,15,4,7,4,True,0.001514,8.0,9.0,0.0,1.275412073846564,0.0,8.0,19.53125,13.381,
vin test 16x16 -2,non_urban,4,Probabilistic Foam (GBPF),classical,True,2,4,4,2,True,0.027691,4.828427076339722,5.0,0.1570796292566355,1.082842712474619,0.0,2.8284270763397217,19.53125,29.741,
vin test 16x16 -2,non_urban,5,Probabilistic Foam (GBPF),classical,True,14,14,10,1,True,0.764471,17.82842707633972,18.0,0.43633230919541105,1.3670943816172798,0.0,13.601470947265625,19.53125,110.997,
vin test 16x16 -2,non_urban,6,Probabilistic Foam (GBPF),classical,True,10,13,15,14,True,0.015251,6.828427076339722,7.0,0.4487989505128276,1.6398155235170109,0.0,5.099019527435303,19.53125,22.405,
vin test 16x16 -2,non_urban,7,Probabilistic Foam (GBPF),classical,True,15,10,6,1,True,0.880914,25.313708305358887,23.0,0.6146594337122875,1.546501796274854,0.0,12.727922439575195,19.53125,127.189,
vin test 16x16 -2,non_urban,8,Probabilistic Foam (GBPF),classical,True,2,12,3,8,True,0.012399,7.0,8.0,0.5890486225480862,1.1035533905932737,0.0,4.123105525970459,19.53125,28.269,
vin test 16x16 -2,non_urban,9,Probabilistic Foam (GBPF),classical,True,8,0,7,0,True,0.00351,3.0,4.0,0.7853981633974483,2.0,0.0,1.0,19.53125,14.253,
vin test 16x16 -2,non_urban,10,Probabilistic Foam (GBPF),classical,True,7,1,0,4,True,0.062248,10.242640614509583,10.0,0.6283185341408128,1.565685424949238,0.0,7.6157732009887695,19.53125,62.581,
vin test 28x28 -1,non_urban,1,Probabilistic Foam (PFM),classical,True,9,22,15,3,True,0.142029,41.38477599620819,37.0,0.5094474554886942,7.593529974413784,0.0,19.92485809326172,7.670454545454546,123.446,
vin test 28x28 -1,non_urban,2,Probabilistic Foam (PFM),classical,True,25,0,15,25,True,0.076523,47.28427076339722,40.0,0.2748893580448205,11.935779978836873,0.0,26.925823211669922,7.670454545454546,38.185,
vin test 28x28 -1,non_urban,3,Probabilistic Foam (PFM),classical,True,18,8,19,7,True,0.001103,2.0,3.0,0.5235987755982988,1.5500938466242948,0.0,1.4142135381698608,7.670454545454546,14.041,
vin test 28x28 -1,non_urban,4,Probabilistic Foam (PFM),classical,True,30,6,10,4,True,0.033713,20.82842707633972,21.0,0.14959965343080364,6.419123056002773,0.0,20.099750518798828,7.670454545454546,26.563,
vin test 28x28 -1,non_urban,5,Probabilistic Foam (PFM),classical,True,10,25,5,3,True,0.12949,40.21320307254791,35.0,0.40391904665991996,10.880213289408204,0.0,22.56102752685547,7.670454545454546,47.201,
vin test 28x28 -1,non_urban,6,Probabilistic Foam (PFM),classical,True,14,23,14,25,True,0.002507,10.828427076339722,11.0,0.5711986705124246,6.74748971247869,0.0,2.0,7.670454545454546,17.529,
vin test 28x28 -1,non_urban,7,Probabilistic Foam (PFM),classical,True,4,30,12,19,False,0.240269,0.0,1.0,0.0,15.264337522473747,13.601470947265625,13.601470947265625,7.670454545454546,34.201,
vin test 28x28 -1,non_urban,8,Probabilistic Foam (PFM),classical,True,23,2,25,20,True,0.053422,29.899494767189026,28.0,0.30854927297655327,10.838622354890145,0.0,18.11077117919922,7.670454545454546,91.745,
vin test 28x28 -1,non_urban,9,Probabilistic Foam (PFM),classical,True,25,14,32,0,True,0.01866,16.899494767189026,15.0,0.314159258513271,10.044938870407474,0.0,15.65247631072998,7.670454545454546,46.691,
vin test 28x28 -1,non_urban,10,Probabilistic Foam (PFM),classical,True,30,0,29,2,False,0.264131,0.0,1.0,0.0,14.866068747318506,2.2360680103302,2.2360680103302,7.670454545454546,52.911,
vin test 16x16 -2,non_urban,1,Probabilistic Foam (PFM),classical,True,0,13,12,1,True,0.391252,28.97056245803833,25.0,0.5654866735387378,2.085138480066066,0.0,16.970561981201172,19.53125,213.95,
vin test 16x16 -2,non_urban,2,Probabilistic Foam (PFM),classical,True,6,0,15,14,True,0.456783,21.485281229019165,20.0,0.31415926022469803,2.0527434698769396,0.0,16.6433162689209,19.53125,119.299,
vin test 16x16 -2,non_urban,3,Probabilistic Foam (PFM),classical,True,15,4,7,4,True,0.12103,9.656854152679443,9.0,0.3490658580052085,1.3674595321516962,0.0,8.0,19.53125,54.865,
vin test 16x16 -2,non_urban,4,Probabilistic Foam (PFM),classical,True,2,4,4,2,True,0.021467,5.656854152679443,5.0,0.314159258513271,1.3313708498984762,0.0,2.8284270763397217,19.53125,22.785,
vin test 16x16 -2,non_urban,5,Probabilistic Foam (PFM),classical,True,14,14,10,1,True,0.109103,19.242640614509583,19.0,0.28935721719304563,2.2912409506398888,0.0,13.601470947265625,19.53125,55.671,
vin test 16x16 -2,non_urban,6,Probabilistic Foam (PFM),classical,True,10,13,15,14,True,0.022327,6.828427076339722,7.0,0.33659921532951653,2.2195187224636515,0.0,5.099019527435303,19.53125,22.969,
vin test 16x16 -2,non_urban,7,Probabilistic Foam (PFM),classical,True,15,10,6,1,True,0.126251,20.242640614509583,20.0,0.3141592636475522,2.341134916658558,0.0,12.727922439575195,19.53125,59.097,
vin test 16x16 -2,non_urban,8,Probabilistic Foam (PFM),classical,True,2,12,3,8,True,0.09508,7.2426406145095825,7.0,0.2243994703666221,1.0,0.0,4.123105525970459,19.53125,112.561,
vin test 16x16 -2,non_urban,9,Probabilistic Foam (PFM),classical,True,8,0,7,0,True,0.001507,3.0,4.0,0.7853981633974483,2.0,0.0,1.0,19.53125,15.657,
vin test 16x16 -2,non_urban,10,Probabilistic Foam (PFM),classical,True,7,1,0,4,True,0.085741,11.071067690849304,10.0,0.3926990868330054,2.1950844619618657,0.0,7.6157732009887695,19.53125,89.207,
vin test 28x28 -1,non_urban,1,Probabilistic Foam (RBPF),classical,True,9,22,15,3,True,0.13736,34.31370830535889,32.0,0.3436116975560256,7.018062211027215,0.0,19.92485809326172,7.670454545454546,119.558,
vin test 28x28 -1,non_urban,2,Probabilistic Foam (RBPF),classical,True,25,0,15,25,True,0.048268,39.38477599620819,35.0,0.5834386278430095,8.955662732824512,0.0,26.925823211669922,7.670454545454546,31.532,
vin test 28x28 -1,non_urban,3,Probabilistic Foam (RBPF),classical,True,18,8,19,7,True,0.002004,3.414213538169861,4.0,0.5890486182695185,1.8090169943749475,0.0,1.4142135381698608,7.670454545454546,14.132,
vin test 28x28 -1,non_urban,4,Probabilistic Foam (RBPF),classical,True,30,6,10,4,True,0.10609,25.899494767189026,24.0,0.5235987827292451,8.291970031679835,0.0,20.099750518798828,7.670454545454546,35.406,
vin test 28x28 -1,non_urban,5,Probabilistic Foam (RBPF),classical,True,10,25,5,3,True,0.059077,37.485281229019165,36.0,0.34906585230045156,10.587185806756356,0.0,22.56102752685547,7.670454545454546,35.828,
vin test 28x28 -1,non_urban,6,Probabilistic Foam (RBPF),classical,True,14,23,14,25,True,0.002657,9.656854152679443,9.0,0.6108652248869157,7.706456735001644,0.0,2.0,7.670454545454546,17.02,
vin test 28x28 -1,non_urban,7,Probabilistic Foam (RBPF),classical,True,4,30,12,19,False,0.284023,0.0,1.0,0.0,15.264337522473747,13.601470947265625,13.601470947265625,7.670454545454546,39.572,
vin test 28x28 -1,non_urban,8,Probabilistic Foam (RBPF),classical,True,23,2,25,20,True,0.041111,24.97056245803833,21.0,0.6357985058918184,8.028198477562512,0.0,18.11077117919922,7.670454545454546,75.044,
vin test 28x28 -1,non_urban,9,Probabilistic Foam (RBPF),classical,True,25,14,32,0,True,0.021466,21.485281229019165,20.0,0.549778716089641,10.583195076608444,0.0,15.65247631072998,7.670454545454546,55.494,
vin test 28x28 -1,non_urban,10,Probabilistic Foam (RBPF),classical,True,30,0,29,2,False,0.360003,0.0,1.0,0.0,14.866068747318506,2.2360680103302,2.2360680103302,7.670454545454546,69.716,
vin test 16x16 -2,non_urban,1,Probabilistic Foam (RBPF),classical,True,0,13,12,1,True,0.336105,28.38477599620819,24.0,0.5890486154171403,1.9985910142284702,0.0,16.970561981201172,19.53125,210.238,
vin test 16x16 -2,non_urban,2,Probabilistic Foam (RBPF),classical,True,6,0,15,14,True,0.529409,25.727921843528748,23.0,0.5463639323137595,2.170093863564737,0.0,16.6433162689209,19.53125,127.686,
vin test 16x16 -2,non_urban,3,Probabilistic Foam (RBPF),classical,True,15,4,7,4,True,0.152118,9.656854152679443,9.0,0.3490658580052085,1.3674595321516962,0.0,8.0,19.53125,63.948,
vin test 16x16 -2,non_urban,4,Probabilistic Foam (RBPF),classical,True,2,4,4,2,True,0.03091,9.656854152679443,9.0,0.610865240099601,2.05142674887935,0.0,2.8284270763397217,19.53125,22.298,
vin test 16x16 -2,non_urban,5,Probabilistic Foam (RBPF),classical,True,14,14,10,1,True,0.101799,22.899494767189026,21.0,0.5235987707085072,2.2236121772536315,0.0,13.601470947265625,19.53125,56.236,
vin test 16x16 -2,non_urban,6,Probabilistic Foam (RBPF),classical,True,10,13,15,14,True,0.017932,6.828427076339722,7.0,0.44879895540261927,1.9592538060169808,0.0,5.099019527435303,19.53125,23.916,
vin test 16x16 -2,non_urban,7,Probabilistic Foam (RBPF),classical,True,15,10,6,1,True,0.199661,17.656854152679443,17.0,0.2771993517873347,2.037299007385071,0.0,12.727922439575195,19.53125,76.332,
vin test 16x16 -2,non_urban,8,Probabilistic Foam (RBPF),classical,True,2,12,3,8,True,0.021108,7.828427076339722,8.0,0.5890486182695185,1.478553390593274,0.0,4.123105525970459,19.53125,41.188,
vin test 16x16 -2,non_urban,9,Probabilistic Foam (RBPF),classical,True,8,0,7,0,True,0.001506,3.0,4.0,0.7853981633974483,2.0,0.0,1.0,19.53125,14.18,
vin test 16x16 -2,non_urban,10,Probabilistic Foam (RBPF),classical,True,7,1,0,4,True,0.076706,13.071067690849304,12.0,0.45814893007470076,1.9964514441031795,0.0,7.6157732009887695,19.53125,99.13,
vin test 28x28 -1,non_urban,1,Probabilistic Foam (HPF),classical,True,9,22,15,3,True,0.084459,34.899494767189026,33.0,0.33319922187250967,7.021777290964118,0.0,19.92485809326172,7.670454545454546,115.174,
vin test 28x28 -1,non_urban,2,Probabilistic Foam (HPF),classical,True,25,0,15,25,True,0.062026,40.55634891986847,37.0,0.4033125671554493,8.924765614928308,0.0,26.925823211669922,7.670454545454546,35.129,
vin test 28x28 -1,non_urban,3,Probabilistic Foam (HPF),classical,True,18,8,19,7,True,0.001001,1.4142135381698608,2.0,0.0,1.618033988749895,0.0,1.4142135381698608,7.670454545454546,13.473,
vin test 28x28 -1,non_urban,4,Probabilistic Foam (HPF),classical,True,30,6,10,4,True,0.029605,22.485281229019165,21.0,0.41139904693471,6.781155678361993,0.0,20.099750518798828,7.670454545454546,28.089,
vin test 28x28 -1,non_urban,5,Probabilistic Foam (HPF),classical,True,10,25,5,3,True,0.063961,37.14213538169861,34.0,0.4388989711464756,9.593813247773175,0.0,22.56102752685547,7.670454545454546,36.995,
vin test 28x28 -1,non_urban,6,Probabilistic Foam (HPF),classical,True,14,23,14,25,True,0.002001,10.828427076339722,11.0,0.5711986705124246,7.211735533471707,0.0,2.0,7.670454545454546,17.641,
vin test 28x28 -1,non_urban,7,Probabilistic Foam (HPF),classical,True,4,30,12,19,False,0.241434,0.0,1.0,0.0,15.264337522473747,13.601470947265625,13.601470947265625,7.670454545454546,36.785,
vin test 28x28 -1,non_urban,8,Probabilistic Foam (HPF),classical,True,23,2,25,20,True,0.029633,31.656854152679443,31.0,0.30402509771698266,11.411055403111794,0.0,18.11077117919922,7.670454545454546,78.449,
vin test 28x28 -1,non_urban,9,Probabilistic Foam (HPF),classical,True,25,14,32,0,True,0.024724,25.14213538169861,22.0,0.5354987438813805,9.835681259687254,0.0,15.65247631072998,7.670454545454546,60.051,
vin test 28x28 -1,non_urban,10,Probabilistic Foam (HPF),classical,True,30,0,29,2,False,0.287498,0.0,1.0,0.0,14.866068747318506,2.2360680103302,2.2360680103302,7.670454545454546,56.881,
vin test 16x16 -2,non_urban,1,Probabilistic Foam (HPF),classical,True,0,13,12,1,True,0.156754,24.38477599620819,20.0,0.6283185272951046,1.2742640687119287,0.0,16.970561981201172,19.53125,182.03,
vin test 16x16 -2,non_urban,2,Probabilistic Foam (HPF),classical,True,6,0,15,14,True,0.104282,22.313708305358887,20.0,0.4712388946156148,1.7998473502456158,0.0,16.6433162689209,19.53125,60.121,
vin test 16x16 -2,non_urban,3,Probabilistic Foam (HPF),classical,True,15,4,7,4,True,0.053575,11.071067690849304,10.0,0.549778719512495,1.4714776642118867,0.0,8.0,19.53125,37.665,
vin test 16x16 -2,non_urban,4,Probabilistic Foam (HPF),classical,True,2,4,4,2,True,0.015535,5.656854152679443,5.0,0.314159258513271,1.3313708498984762,0.0,2.8284270763397217,19.53125,19.715,
vin test 16x16 -2,non_urban,5,Probabilistic Foam (HPF),classical,True,14,14,10,1,True,0.146714,22.899494767189026,21.0,0.6357985091516793,1.7775737248023524,0.0,13.601470947265625,19.53125,69.129,
vin test 16x16 -2,non_urban,6,Probabilistic Foam (HPF),classical,True,10,13,15,14,True,0.010514,6.828427076339722,7.0,0.44879895540261927,1.9592538060169808,0.0,5.099019527435303,19.53125,17.849,
vin test 16x16 -2,non_urban,7,Probabilistic Foam (HPF),classical,True,15,10,6,1,True,0.065874,18.485281229019165,17.0,0.41579903070116747,2.0822361851792017,0.0,12.727922439575195,19.53125,49.055,
vin test 16x16 -2,non_urban,8,Probabilistic Foam (HPF),classical,True,2,12,3,8,True,0.017589,7.828427076339722,8.0,0.5890486182695185,1.478553390593274,0.0,4.123105525970459,19.53125,47.873,
vin test 16x16 -2,non_urban,9,Probabilistic Foam (HPF),classical,True,8,0,7,0,True,0.003009,3.0,4.0,0.7853981633974483,2.0,0.0,1.0,19.53125,19.441,
vin test 16x16 -2,non_urban,10,Probabilistic Foam (HPF),classical,True,7,1,0,4,True,0.048406,11.899494767189026,10.0,0.314159258513271,1.4485281374238572,0.0,7.6157732009887695,19.53125,73.905,
Small Obstacle,non_urban,1,A*,classical,False,9,22,15,3,True,0.049537,21.485281229019165,20.0,0.19634953657079435,2.5839651892666735,0.0,19.92485809326172,7.670454545454546,159.078,
Small Obstacle,non_urban,2,A*,classical,False,25,0,15,25,True,0.100482,29.14213538169861,26.0,0.5437371781960461,4.56981321531266,0.0,26.925823211669922,7.670454545454546,141.913,
Small Obstacle,non_urban,3,A*,classical,False,18,8,19,7,True,0.001115,1.4142135381698608,2.0,0.0,1.618033988749895,0.0,1.4142135381698608,7.670454545454546,15.265,
Small Obstacle,non_urban,4,A*,classical,False,30,6,10,4,True,0.029896,20.82842707633972,21.0,0.14959965343080364,5.476298396267826,0.0,20.099750518798828,7.670454545454546,68.796,
Small Obstacle,non_urban,5,A*,classical,False,10,25,5,3,True,0.062106,24.071067690849304,23.0,0.3414774549057293,4.174786183540895,0.0,22.56102752685547,7.670454545454546,93.889,
Small Obstacle,non_urban,6,A*,classical,False,14,23,14,25,True,0.004002,2.0,3.0,0.0,6.08428328525216,0.0,2.0,7.670454545454546,18.361,
Small Obstacle,non_urban,7,A*,classical,False,4,30,12,19,True,0.024653,14.313708305358887,12.0,0.26179938209439246,8.270751253472824,0.0,13.601470947265625,7.670454545454546,100.961,
Small Obstacle,non_urban,8,A*,classical,False,23,2,25,20,True,0.041621,18.82842707633972,19.0,0.1240102336236596,5.115829445269607,0.0,18.11077117919922,7.670454545454546,116.521,
Small Obstacle,non_urban,9,A*,classical,False,25,14,32,0,True,0.042239,16.899494767189026,15.0,0.5235987641887849,10.451286761931533,0.0,15.65247631072998,7.670454545454546,94.599,
Small Obstacle,non_urban,10,A*,classical,False,30,0,29,2,True,0.002397,2.414213538169861,3.0,0.26179938209439246,13.708647089752638,0.0,2.2360680103302,7.670454545454546,18.625,
vin test 28x28 -1,non_urban,1,A*,classical,False,9,22,15,3,True,0.043541,21.485281229019165,20.0,0.19634953657079435,2.5839651892666735,0.0,19.92485809326172,7.670454545454546,159.078,
vin test 28x28 -1,non_urban,2,A*,classical,False,25,0,15,25,True,0.105784,29.14213538169861,26.0,0.5437371781960461,4.56981321531266,0.0,26.925823211669922,7.670454545454546,141.913,
vin test 28x28 -1,non_urban,3,A*,classical,False,18,8,19,7,True,0.002135,1.4142135381698608,2.0,0.0,1.618033988749895,0.0,1.4142135381698608,7.670454545454546,15.265,
vin test 28x28 -1,non_urban,4,A*,classical,False,30,6,10,4,True,0.034654,20.82842707633972,21.0,0.14959965343080364,5.476298396267826,0.0,20.099750518798828,7.670454545454546,68.796,
vin test 28x28 -1,non_urban,5,A*,classical,False,10,25,5,3,True,0.05869,24.071067690849304,23.0,0.3414774549057293,4.174786183540895,0.0,22.56102752685547,7.670454545454546,93.889,
vin test 28x28 -1,non_urban,6,A*,classical,False,14,23,14,25,True,0.003369,2.0,3.0,0.0,6.08428328525216,0.0,2.0,7.670454545454546,18.361,
vin test 28x28 -1,non_urban,7,A*,classical,False,4,30,12,19,True,0.027035,14.313708305358887,12.0,0.26179938209439246,8.270751253472824,0.0,13.601470947265625,7.670454545454546,100.961,
vin test 28x28 -1,non_urban,8,A*,classical,False,23,2,25,20,True,0.036049,18.82842707633972,19.0,0.1240102336236596,5.115829445269607,0.0,18.11077117919922,7.670454545454546,116.521,
vin test 28x28 -1,non_urban,9,A*,classical,False,25,14,32,0,True,0.047076,16.899494767189026,15.0,0.5235987641887849,10.451286761931533,0.0,15.65247631072998,7.670454545454546,94.599,
vin test 28x28 -1,non_urban,10,A*,classical,False,30,0,29,2,True,0.00161,2.414213538169861,3.0,0.26179938209439246,13.708647089752638,0.0,2.2360680103302,7.670454545454546,18.625,
Small Obstacle,non_urban,1,SPRM,classical,False,9,22,15,3,True,0.170354,24.79898953437805,20.0,0.314159258513271,3.9239234486005294,0.0,19.92485809326172,7.670454545454546,561.531,
Small Obstacle,non_urban,2,SPRM,classical,False,25,0,15,25,True,0.095293,29.14213538169861,26.0,0.3322838311198058,5.347440411942824,0.0,26.925823211669922,7.670454545454546,437.073,
Small Obstacle,non_urban,3,SPRM,classical,False,18,8,19,7,True,0.010369,1.4142135381698608,2.0,0.0,1.618033988749895,0.0,1.4142135381698608,7.670454545454546,12.97,
Small Obstacle,non_urban,4,SPRM,classical,False,30,6,10,4,True,0.06792,21.656854152679443,21.0,0.2991993068616073,5.519948405768461,0.0,20.099750518798828,7.670454545454546,151.113,
Small Obstacle,non_urban,5,SPRM,classical,False,10,25,5,3,True,0.173795,24.071067690849304,23.0,0.3414774549057293,6.171065524510678,0.0,22.56102752685547,7.670454545454546,485.906,
Small Obstacle,non_urban,6,SPRM,classical,False,14,23,14,25,True,0.009852,2.0,3.0,0.0,6.08428328525216,0.0,2.0,7.670454545454546,13.466,
Small Obstacle,non_urban,7,SPRM,classical,False,4,30,12,19,True,0.010792,14.313708305358887,12.0,0.3926990731415887,8.544833494727007,0.0,13.601470947265625,7.670454545454546,24.042,
Small Obstacle,non_urban,8,SPRM,classical,False,23,2,25,20,True,0.084211,23.79898953437805,19.0,0.4133674454121986,8.744086088164584,0.0,18.11077117919922,7.670454545454546,196.622,
Small Obstacle,non_urban,9,SPRM,classical,False,25,14,32,0,True,0.163335,20.41421353816986,21.0,0.14959964854101196,11.53866869924859,0.0,15.65247631072998,7.670454545454546,515.03,
Small Obstacle,non_urban,10,SPRM,classical,False,30,0,29,2,True,0.009915,2.414213538169861,3.0,0.26179938209439246,13.961662541912034,0.0,2.2360680103302,7.670454545454546,13.466,
vin test 28x28 -1,non_urban,1,SPRM,classical,False,9,22,15,3,True,0.140873,24.79898953437805,20.0,0.314159258513271,3.9239234486005294,0.0,19.92485809326172,7.670454545454546,561.531,
vin test 28x28 -1,non_urban,2,SPRM,classical,False,25,0,15,25,True,0.094097,29.14213538169861,26.0,0.3322838311198058,5.347440411942824,0.0,26.925823211669922,7.670454545454546,437.073,
vin test 28x28 -1,non_urban,3,SPRM,classical,False,18,8,19,7,True,0.00984,1.4142135381698608,2.0,0.0,1.618033988749895,0.0,1.4142135381698608,7.670454545454546,12.97,
vin test 28x28 -1,non_urban,4,SPRM,classical,False,30,6,10,4,True,0.069368,21.656854152679443,21.0,0.2991993068616073,5.519948405768461,0.0,20.099750518798828,7.670454545454546,151.113,
vin test 28x28 -1,non_urban,5,SPRM,classical,False,10,25,5,3,True,0.139686,24.071067690849304,23.0,0.3414774549057293,6.171065524510678,0.0,22.56102752685547,7.670454545454546,485.906,
vin test 28x28 -1,non_urban,6,SPRM,classical,False,14,23,14,25,True,0.011744,2.0,3.0,0.0,6.08428328525216,0.0,2.0,7.670454545454546,13.466,
vin test 28x28 -1,non_urban,7,SPRM,classical,False,4,30,12,19,True,0.009526,14.313708305358887,12.0,0.3926990731415887,8.544833494727007,0.0,13.601470947265625,7.670454545454546,24.042,
vin test 28x28 -1,non_urban,8,SPRM,classical,False,23,2,25,20,True,0.076234,23.79898953437805,19.0,0.4133674454121986,8.744086088164584,0.0,18.11077117919922,7.670454545454546,196.622,
vin test 28x28 -1,non_urban,9,SPRM,classical,False,25,14,32,0,True,0.175121,20.41421353816986,21.0,0.14959964854101196,11.53866869924859,0.0,15.65247631072998,7.670454545454546,515.03,
vin test 28x28 -1,non_urban,10,SPRM,classical,False,30,0,29,2,True,0.016384,2.414213538169861,3.0,0.26179938209439246,13.961662541912034,0.0,2.2360680103302,7.670454545454546,13.466,
Small Obstacle,non_urban,1,RT,classical,False,9,22,15,3,True,2.145641,85.18376553058624,75.0,0.6283185361945258,5.750256747090586,0.0,19.92485809326172,7.670454545454546,630.889,
Small Obstacle,non_urban,2,RT,classical,False,25,0,15,25,True,9.907574,102.63960921764374,85.0,0.7114783372608815,5.985762652775944,0.0,26.925823211669922,7.670454545454546,1209.008,
Small Obstacle,non_urban,3,RT,classical,False,18,8,19,7,True,11.607108,53.35533845424652,44.0,0.49979882814123633,4.639406404926267,0.0,1.4142135381698608,7.670454545454546,1342.174,
Small Obstacle,non_urban,4,RT,classical,False,30,6,10,4,True,16.257673,103.9827550649643,88.0,0.5265737692249124,5.174889232129911,0.0,20.099750518798828,7.670454545454546,1838.144,
Small Obstacle,non_urban,5,RT,classical,False,10,25,5,3,True,45.427197,86.74011445045471,72.0,0.512690470388015,7.678798765652868,0.0,22.56102752685547,7.670454545454546,2745.985,
Small Obstacle,non_urban,6,RT,classical,False,14,23,14,25,True,0.585978,56.28427076339722,49.0,0.46482749039731863,5.358330439146229,0.0,2.0,7.670454545454546,284.178,
Small Obstacle,non_urban,7,RT,classical,False,4,30,12,19,True,0.06036,21.242640614509583,21.0,0.2991992987119545,9.640340167536484,0.0,13.601470947265625,7.670454545454546,62.466,
Small Obstacle,non_urban,8,RT,classical,False,23,2,25,20,True,0.207853,70.76955199241638,61.0,0.5021398051768269,7.17030674532283,0.0,18.11077117919922,7.670454545454546,141.426,
Small Obstacle,non_urban,9,RT,classical,False,25,14,32,0,True,69.813967,40.79898953437805,36.0,0.37088245891784893,9.536378487809213,0.0,15.65247631072998,7.670454545454546,3582.724,
Small Obstacle,non_urban,10,RT,classical,False,30,0,29,2,True,8.871279,75.04163014888763,69.0,0.5122161937681081,7.083670777461505,0.0,2.2360680103302,7.670454545454546,1167.462,
Small Obstacle,non_urban,1,RRT-Connect,classical,False,,,,,False,,,,,,,,,,name 'n' is not defined
Small Obstacle,non_urban,2,RRT-Connect,classical,False,,,,,False,,,,,,,,,,name 'n' is not defined
Small Obstacle,non_urban,3,RRT-Connect,classical,False,,,,,False,,,,,,,,,,name 'n' is not defined
Small Obstacle,non_urban,4,RRT-Connect,classical,False,,,,,False,,,,,,,,,,name 'n' is not defined
Small Obstacle,non_urban,5,RRT-Connect,classical,False,,,,,False,,,,,,,,,,name 'n' is not defined
Small Obstacle,non_urban,6,RRT-Connect,classical,False,,,,,False,,,,,,,,,,name 'n' is not defined
Small Obstacle,non_urban,7,RRT-Connect,classical,False,,,,,False,,,,,,,,,,name 'n' is not defined
Small Obstacle,non_urban,8,RRT-Connect,classical,False,,,,,False,,,,,,,,,,name 'n' is not defined
Small Obstacle,non_urban,9,RRT-Connect,classical,False,,,,,False,,,,,,,,,,name 'n' is not defined
Small Obstacle,non_urban,10,RRT-Connect,classical,False,,,,,False,,,,,,,,,,name 'n' is not defined
Small Obstacle,non_urban,1,Wave-front,classical,False,9,22,15,3,True,0.25196,21.485281229019165,20.0,0.03926990731415887,2.900446345900088,0.0,19.92485809326172,7.670454545454546,104.054,
Small Obstacle,non_urban,2,Wave-front,classical,False,25,0,15,25,True,0.382621,29.14213538169861,26.0,0.030207621010891438,6.273200299738386,0.0,26.925823211669922,7.670454545454546,34.119,
Small Obstacle,non_urban,3,Wave-front,classical,False,18,8,19,7,True,0.001989,1.4142135381698608,2.0,0.0,1.618033988749895,0.0,1.4142135381698608,7.670454545454546,13.817,
Small Obstacle,non_urban,4,Wave-front,classical,False,30,6,10,4,True,0.281936,20.82842707633972,21.0,0.03739991335770091,5.345201346806259,0.0,20.099750518798828,7.670454545454546,37.943,
Small Obstacle,non_urban,5,Wave-front,classical,False,10,25,5,3,True,0.2136,24.071067690849304,23.0,0.1024432364717188,3.839548498860226,0.0,22.56102752685547,7.670454545454546,36.919,
Small Obstacle,non_urban,6,Wave-front,classical,False,14,23,14,25,True,0.003245,2.0,3.0,0.0,6.08428328525216,0.0,2.0,7.670454545454546,21.049,
Small Obstacle,non_urban,7,Wave-front,classical,False,4,30,12,19,True,0.128267,14.313708305358887,12.0,0.06544984552359812,9.064567432242175,0.0,13.601470947265625,7.670454545454546,128.287,
Small Obstacle,non_urban,8,Wave-front,classical,False,23,2,25,20,True,0.227238,18.82842707633972,19.0,0.04133674454121986,5.016411406316447,0.0,18.11077117919922,7.670454545454546,33.511,
Small Obstacle,non_urban,9,Wave-front,classical,False,25,14,32,0,True,0.080014,16.899494767189026,15.0,0.052359876418878494,8.736787720691515,0.0,15.65247631072998,7.670454545454546,23.753,
Small Obstacle,non_urban,10,Wave-front,classical,False,30,0,29,2,True,0.001987,2.414213538169861,3.0,0.26179938209439246,13.961662541912034,0.0,2.2360680103302,7.670454545454546,15.961,
Small Obstacle,non_urban,1,Dijkstra,classical,False,9,22,15,3,True,0.298341,21.485281229019165,20.0,0.03926990731415887,2.900446345900088,0.0,19.92485809326172,7.670454545454546,406.721,
Small Obstacle,non_urban,2,Dijkstra,classical,False,25,0,15,25,True,0.308848,29.14213538169861,26.0,0.030207621010891438,6.273200299738386,0.0,26.925823211669922,7.670454545454546,327.024,
Small Obstacle,non_urban,3,Dijkstra,classical,False,18,8,19,7,True,0.003413,1.4142135381698608,2.0,0.0,1.618033988749895,0.0,1.4142135381698608,7.670454545454546,20.009,
Small Obstacle,non_urban,4,Dijkstra,classical,False,30,6,10,4,True,0.203609,20.82842707633972,21.0,0.03739991335770091,5.345201346806259,0.0,20.099750518798828,7.670454545454546,214.617,
Small Obstacle,non_urban,5,Dijkstra,classical,False,10,25,5,3,True,0.320933,24.071067690849304,23.0,0.1024432364717188,3.839548498860226,0.0,22.56102752685547,7.670454545454546,338.121,
Small Obstacle,non_urban,6,Dijkstra,classical,False,14,23,14,25,True,0.00613,2.0,3.0,0.0,6.08428328525216,0.0,2.0,7.670454545454546,26.553,
Small Obstacle,non_urban,7,Dijkstra,classical,False,4,30,12,19,True,0.108202,14.313708305358887,12.0,0.06544984552359812,9.064567432242175,0.0,13.601470947265625,7.670454545454546,217.985,
Small Obstacle,non_urban,8,Dijkstra,classical,False,23,2,25,20,True,0.178487,18.82842707633972,19.0,0.04133674454121986,5.016411406316447,0.0,18.11077117919922,7.670454545454546,205.001,
Small Obstacle,non_urban,9,Dijkstra,classical,False,25,14,32,0,True,0.233754,16.899494767189026,15.0,0.052359876418878494,8.736787720691515,0.0,15.65247631072998,7.670454545454546,241.873,
Small Obstacle,non_urban,10,Dijkstra,classical,False,30,0,29,2,True,0.005737,2.414213538169861,3.0,0.26179938209439246,13.961662541912034,0.0,2.2360680103302,7.670454545454546,23.553,
vin test 28x28 -1,non_urban,1,RRT-Connect,classical,False,,,,,False,,,,,,,,,,name 'n' is not defined
vin test 28x28 -1,non_urban,2,RRT-Connect,classical,False,,,,,False,,,,,,,,,,name 'n' is not defined
vin test 28x28 -1,non_urban,3,RRT-Connect,classical,False,,,,,False,,,,,,,,,,name 'n' is not defined
vin test 28x28 -1,non_urban,4,RRT-Connect,classical,False,,,,,False,,,,,,,,,,name 'n' is not defined
vin test 28x28 -1,non_urban,5,RRT-Connect,classical,False,,,,,False,,,,,,,,,,name 'n' is not defined
vin test 28x28 -1,non_urban,6,RRT-Connect,classical,False,,,,,False,,,,,,,,,,name 'n' is not defined
vin test 28x28 -1,non_urban,7,RRT-Connect,classical,False,,,,,False,,,,,,,,,,name 'n' is not defined
vin test 28x28 -1,non_urban,8,RRT-Connect,classical,False,,,,,False,,,,,,,,,,name 'n' is not defined
vin test 28x28 -1,non_urban,9,RRT-Connect,classical,False,,,,,False,,,,,,,,,,name 'n' is not defined
vin test 28x28 -1,non_urban,10,RRT-Connect,classical,False,,,,,False,,,,,,,,,,name 'n' is not defined
vin test 28x28 -1,non_urban,1,Wave-front,classical,False,9,22,15,3,True,0.256731,21.485281229019165,20.0,0.03926990731415887,2.900446345900088,0.0,19.92485809326172,7.670454545454546,104.054,
vin test 28x28 -1,non_urban,2,Wave-front,classical,False,25,0,15,25,True,0.379985,29.14213538169861,26.0,0.030207621010891438,6.273200299738386,0.0,26.925823211669922,7.670454545454546,34.119,
vin test 28x28 -1,non_urban,3,Wave-front,classical,False,18,8,19,7,True,0.000996,1.4142135381698608,2.0,0.0,1.618033988749895,0.0,1.4142135381698608,7.670454545454546,13.817,
vin test 28x28 -1,non_urban,4,Wave-front,classical,False,30,6,10,4,True,0.264232,20.82842707633972,21.0,0.03739991335770091,5.345201346806259,0.0,20.099750518798828,7.670454545454546,37.943,
vin test 28x28 -1,non_urban,5,Wave-front,classical,False,10,25,5,3,True,0.204489,24.071067690849304,23.0,0.1024432364717188,3.839548498860226,0.0,22.56102752685547,7.670454545454546,36.919,
vin test 28x28 -1,non_urban,6,Wave-front,classical,False,14,23,14,25,True,0.003002,2.0,3.0,0.0,6.08428328525216,0.0,2.0,7.670454545454546,21.049,
vin test 28x28 -1,non_urban,7,Wave-front,classical,False,4,30,12,19,True,0.125878,14.313708305358887,12.0,0.06544984552359812,9.064567432242175,0.0,13.601470947265625,7.670454545454546,128.287,
vin test 28x28 -1,non_urban,8,Wave-front,classical,False,23,2,25,20,True,0.229444,18.82842707633972,19.0,0.04133674454121986,5.016411406316447,0.0,18.11077117919922,7.670454545454546,33.511,
vin test 28x28 -1,non_urban,9,Wave-front,classical,False,25,14,32,0,True,0.079543,16.899494767189026,15.0,0.052359876418878494,8.736787720691515,0.0,15.65247631072998,7.670454545454546,23.753,
vin test 28x28 -1,non_urban,10,Wave-front,classical,False,30,0,29,2,True,0.002004,2.414213538169861,3.0,0.26179938209439246,13.961662541912034,0.0,2.2360680103302,7.670454545454546,15.961,
vin test 28x28 -1,non_urban,1,Dijkstra,classical,False,9,22,15,3,True,0.300889,21.485281229019165,20.0,0.03926990731415887,2.900446345900088,0.0,19.92485809326172,7.670454545454546,406.668,
vin test 28x28 -1,non_urban,2,Dijkstra,classical,False,25,0,15,25,True,0.334722,29.14213538169861,26.0,0.030207621010891438,6.273200299738386,0.0,26.925823211669922,7.670454545454546,327.024,
vin test 28x28 -1,non_urban,3,Dijkstra,classical,False,18,8,19,7,True,0.004684,1.4142135381698608,2.0,0.0,1.618033988749895,0.0,1.4142135381698608,7.670454545454546,20.009,
vin test 28x28 -1,non_urban,4,Dijkstra,classical,False,30,6,10,4,True,0.188032,20.82842707633972,21.0,0.03739991335770091,5.345201346806259,0.0,20.099750518798828,7.670454545454546,214.617,
vin test 28x28 -1,non_urban,5,Dijkstra,classical,False,10,25,5,3,True,0.318618,24.071067690849304,23.0,0.1024432364717188,3.839548498860226,0.0,22.56102752685547,7.670454545454546,338.121,
vin test 28x28 -1,non_urban,6,Dijkstra,classical,False,14,23,14,25,True,0.00627,2.0,3.0,0.0,6.08428328525216,0.0,2.0,7.670454545454546,26.553,
vin test 28x28 -1,non_urban,7,Dijkstra,classical,False,4,30,12,19,True,0.104152,14.313708305358887,12.0,0.06544984552359812,9.064567432242175,0.0,13.601470947265625,7.670454545454546,217.985,
vin test 28x28 -1,non_urban,8,Dijkstra,classical,False,23,2,25,20,True,0.17121,18.82842707633972,19.0,0.04133674454121986,5.016411406316447,0.0,18.11077117919922,7.670454545454546,205.001,
vin test 28x28 -1,non_urban,9,Dijkstra,classical,False,25,14,32,0,True,0.233849,16.899494767189026,15.0,0.052359876418878494,8.736787720691515,0.0,15.65247631072998,7.670454545454546,241.873,
vin test 28x28 -1,non_urban,10,Dijkstra,classical,False,30,0,29,2,True,0.005603,2.414213538169861,3.0,0.26179938209439246,13.961662541912034,0.0,2.2360680103302,7.670454545454546,23.553,
Small Obstacle,non_urban,1,Potential Field,classical,False,9,22,15,3,True,2.66386,30.213203072547913,25.0,0.3455751898411647,1.9080573395005218,0.0,19.92485809326172,7.670454545454546,465.327,
Small Obstacle,non_urban,2,Potential Field,classical,False,25,0,15,25,True,2.561199,37.870057225227356,31.0,0.2786896692267457,3.1586005018217755,0.0,26.925823211669922,7.670454545454546,413.655,
Small Obstacle,non_urban,3,Potential Field,classical,False,18,8,19,7,True,2.551805,1.4142135381698608,2.0,0.0,1.618033988749895,0.0,1.4142135381698608,7.670454545454546,403.279,
Small Obstacle,non_urban,4,Potential Field,classical,False,30,6,10,4,True,2.562747,20.82842707633972,21.0,0.03739991335770091,6.699084041851491,0.0,20.099750518798828,7.670454545454546,450.903,
Small Obstacle,non_urban,5,Potential Field,classical,False,10,25,5,3,True,2.501249,24.071067690849304,23.0,0.03414774549057293,6.652774745150701,0.0,22.56102752685547,7.670454545454546,557.495,
Small Obstacle,non_urban,6,Potential Field,classical,False,14,23,14,25,True,2.427761,2.0,3.0,0.0,6.08428328525216,0.0,2.0,7.670454545454546,430.935,
Small Obstacle,non_urban,7,Potential Field,classical,False,4,30,12,19,True,2.444354,14.313708305358887,12.0,0.06544984552359812,8.218568287688045,0.0,13.601470947265625,7.670454545454546,443.228,
Small Obstacle,non_urban,8,Potential Field,classical,False,23,2,25,20,True,2.445603,18.82842707633972,19.0,0.04133674454121986,6.508771515299801,0.0,18.11077117919922,7.670454545454546,463.624,
Small Obstacle,non_urban,9,Potential Field,classical,False,25,14,32,0,True,2.436049,16.899494767189026,15.0,0.052359876418878494,11.745841293919353,0.0,15.65247631072998,7.670454545454546,495.135,
Small Obstacle,non_urban,10,Potential Field,classical,False,30,0,29,2,True,2.435384,2.414213538169861,3.0,0.26179938209439246,13.708647089752638,0.0,2.2360680103302,7.670454545454546,402.583,
Small Obstacle,non_urban,1,Probabilistic Foam (GBPF),classical,True,9,22,15,3,True,0.173949,43.5269113779068,35.0,0.5385587386594767,3.28174222881153,0.0,19.92485809326172,7.670454545454546,185.734,
Small Obstacle,non_urban,2,Probabilistic Foam (GBPF),classical,True,25,0,15,25,True,0.019817,43.72792184352875,41.0,0.26818473538171,9.216396615061761,0.0,26.925823211669922,7.670454545454546,43.781,
Small Obstacle,non_urban,3,Probabilistic Foam (GBPF),classical,True,18,8,19,7,True,0.001793,2.0,3.0,0.5235987755982988,1.74535599249993,0.0,1.4142135381698608,7.670454545454546,14.762,
Small Obstacle,non_urban,4,Probabilistic Foam (GBPF),classical,True,30,6,10,4,True,0.004462,20.82842707633972,21.0,0.14959965343080364,6.1007172501140605,0.0,20.099750518798828,7.670454545454546,21.706,
Small Obstacle,non_urban,5,Probabilistic Foam (GBPF),classical,True,10,25,5,3,True,0.011659,25.485281229019165,24.0,0.19634953942317282,5.456567500497411,0.0,22.56102752685547,7.670454545454546,32.61,
Small Obstacle,non_urban,6,Probabilistic Foam (GBPF),classical,True,14,23,14,25,True,0.001967,9.656854152679443,9.0,0.6108652439027723,7.4725593698314485,0.0,2.0,7.670454545454546,16.922,
Small Obstacle,non_urban,7,Probabilistic Foam (GBPF),classical,True,4,30,12,19,True,0.003397,14.313708305358887,12.0,0.3926990731415887,8.544833494727007,0.0,13.601470947265625,7.670454545454546,18.114,
Small Obstacle,non_urban,8,Probabilistic Foam (GBPF),classical,True,23,2,25,20,True,0.035841,29.213203072547913,24.0,0.6217735424575067,8.70495558299808,0.0,18.11077117919922,7.670454545454546,75.28,
Small Obstacle,non_urban,9,Probabilistic Foam (GBPF),classical,True,25,14,32,0,True,0.008415,24.313708305358887,22.0,0.6425984911018138,9.47923345016631,0.0,15.65247631072998,7.670454545454546,45.7,
Small Obstacle,non_urban,10,Probabilistic Foam (GBPF),classical,True,30,0,29,2,True,0.00554,2.414213538169861,3.0,0.26179938209439246,13.961662541912034,0.0,2.2360680103302,7.670454545454546,21.434,
Small Obstacle,non_urban,1,Probabilistic Foam (PFM),classical,True,9,22,15,3,True,0.244632,44.79898953437805,40.0,0.4123340319329495,7.575177622130894,0.0,19.92485809326172,7.670454545454546,133.016,
Small Obstacle,non_urban,2,Probabilistic Foam (PFM),classical,True,25,0,15,25,True,0.091706,45.870057225227356,39.0,0.6041524254837587,10.67314276998244,0.0,26.925823211669922,7.670454545454546,40.737,
Small Obstacle,non_urban,3,Probabilistic Foam (PFM),classical,True,18,8,19,7,True,0.001143,3.414213538169861,4.0,0.5890486182695185,1.8090169943749475,0.0,1.4142135381698608,7.670454545454546,15.025,
Small Obstacle,non_urban,4,Probabilistic Foam (PFM),classical,True,30,6,10,4,True,0.043968,20.82842707633972,21.0,0.14959965343080364,6.419123056002773,0.0,20.099750518798828,7.670454545454546,28.441,
Small Obstacle,non_urban,5,Probabilistic Foam (PFM),classical,True,10,25,5,3,True,0.179328,36.899494767189026,35.0,0.4039190525276699,10.606094880107912,0.0,22.56102752685547,7.670454545454546,43.937,
Small Obstacle,non_urban,6,Probabilistic Foam (PFM),classical,True,14,23,14,25,True,0.005213,9.656854152679443,9.0,0.6108652248869157,7.908007354912913,0.0,2.0,7.670454545454546,21.177,
Small Obstacle,non_urban,7,Probabilistic Foam (PFM),classical,True,4,30,12,19,False,0.219944,0.0,1.0,0.0,15.264337522473747,13.601470947265625,13.601470947265625,7.670454545454546,32.473,
Small Obstacle,non_urban,8,Probabilistic Foam (PFM),classical,True,23,2,25,20,True,0.022966,29.313708305358887,27.0,0.4945099477592461,10.372771862450392,0.0,18.11077117919922,7.670454545454546,64.825,
Small Obstacle,non_urban,9,Probabilistic Foam (PFM),classical,True,25,14,32,0,True,0.018023,18.071067690849304,17.0,0.5543986975343385,10.045562953791675,0.0,15.65247631072998,7.670454545454546,51.291,
Small Obstacle,non_urban,10,Probabilistic Foam (PFM),classical,True,30,0,29,2,False,0.319825,0.0,1.0,0.0,14.866068747318506,2.2360680103302,2.2360680103302,7.670454545454546,79.951,
vin test 28x28 -1,non_urban,1,Potential Field,classical,False,9,22,15,3,True,2.486077,30.213203072547913,25.0,0.3455751898411647,1.9080573395005218,0.0,19.92485809326172,7.670454545454546,465.327,
vin test 28x28 -1,non_urban,2,Potential Field,classical,False,25,0,15,25,True,2.46197,37.870057225227356,31.0,0.2786896692267457,3.1586005018217755,0.0,26.925823211669922,7.670454545454546,413.655,
vin test 28x28 -1,non_urban,3,Potential Field,classical,False,18,8,19,7,True,2.443737,1.4142135381698608,2.0,0.0,1.618033988749895,0.0,1.4142135381698608,7.670454545454546,403.279,
vin test 28x28 -1,non_urban,4,Potential Field,classical,False,30,6,10,4,True,2.452066,20.82842707633972,21.0,0.03739991335770091,6.699084041851491,0.0,20.099750518798828,7.670454545454546,450.903,
vin test 28x28 -1,non_urban,5,Potential Field,classical,False,10,25,5,3,True,2.473518,24.071067690849304,23.0,0.03414774549057293,6.652774745150701,0.0,22.56102752685547,7.670454545454546,557.495,
vin test 28x28 -1,non_urban,6,Potential Field,classical,False,14,23,14,25,True,2.626131,2.0,3.0,0.0,6.08428328525216,0.0,2.0,7.670454545454546,430.935,
vin test 28x28 -1,non_urban,7,Potential Field,classical,False,4,30,12,19,True,2.629833,14.313708305358887,12.0,0.06544984552359812,8.218568287688045,0.0,13.601470947265625,7.670454545454546,443.228,
vin test 28x28 -1,non_urban,8,Potential Field,classical,False,23,2,25,20,True,2.495474,18.82842707633972,19.0,0.04133674454121986,6.508771515299801,0.0,18.11077117919922,7.670454545454546,463.624,
vin test 28x28 -1,non_urban,9,Potential Field,classical,False,25,14,32,0,True,2.616006,16.899494767189026,15.0,0.052359876418878494,11.745841293919353,0.0,15.65247631072998,7.670454545454546,495.135,
vin test 28x28 -1,non_urban,10,Potential Field,classical,False,30,0,29,2,True,2.54246,2.414213538169861,3.0,0.26179938209439246,13.708647089752638,0.0,2.2360680103302,7.670454545454546,402.583,
Small Obstacle,non_urban,1,Probabilistic Foam (RBPF),classical,True,9,22,15,3,True,0.130052,37.62741661071777,32.0,0.6626796966228505,7.526860152305976,0.0,19.92485809326172,7.670454545454546,118.582,
Small Obstacle,non_urban,2,Probabilistic Foam (RBPF),classical,True,25,0,15,25,True,0.078172,33.97056245803833,30.0,0.41887901477388223,7.818947268203411,0.0,26.925823211669922,7.670454545454546,33.044,
Small Obstacle,non_urban,3,Probabilistic Foam (RBPF),classical,True,18,8,19,7,True,0.001005,2.0,3.0,0.5235987755982988,1.5500938466242948,0.0,1.4142135381698608,7.670454545454546,13.82,
Small Obstacle,non_urban,4,Probabilistic Foam (RBPF),classical,True,30,6,10,4,True,0.028267,24.97056245803833,21.0,0.5609987003655138,7.1237797937247,0.0,20.099750518798828,7.670454545454546,24.58,
Small Obstacle,non_urban,5,Probabilistic Foam (RBPF),classical,True,10,25,5,3,True,0.024228,30.313708305358887,28.0,0.420749015494552,9.135620033545843,0.0,22.56102752685547,7.670454545454546,29.78,
Small Obstacle,non_urban,6,Probabilistic Foam (RBPF),classical,True,14,23,14,25,True,0.002335,11.656854152679443,11.0,0.642598505104399,5.921947031498342,0.0,2.0,7.670454545454546,17.644,
Small Obstacle,non_urban,7,Probabilistic Foam (RBPF),classical,True,4,30,12,19,False,0.268774,0.0,1.0,0.0,15.264337522473747,13.601470947265625,13.601470947265625,7.670454545454546,34.462,
Small Obstacle,non_urban,8,Probabilistic Foam (RBPF),classical,True,23,2,25,20,True,0.022258,23.313708305358887,21.0,0.4113990338952655,8.581090061883359,0.0,18.11077117919922,7.670454545454546,59.3,
Small Obstacle,non_urban,9,Probabilistic Foam (RBPF),classical,True,25,14,32,0,True,0.084364,22.313708305358887,20.0,0.4319689855900288,10.605732284248464,0.0,15.65247631072998,7.670454545454546,96.548,
Small Obstacle,non_urban,10,Probabilistic Foam (RBPF),classical,True,30,0,29,2,False,0.291583,0.0,1.0,0.0,14.866068747318506,2.2360680103302,2.2360680103302,7.670454545454546,40.404,
vin test 28x28 -1,non_urban,1,Probabilistic Foam (GBPF),classical,True,9,22,15,3,True,0.150682,59.041630148887634,53.0,0.38528966829200695,8.585990493833894,0.0,19.92485809326172,7.670454545454546,182.574,
vin test 28x28 -1,non_urban,2,Probabilistic Foam (GBPF),classical,True,25,0,15,25,True,0.102958,53.28427076339722,46.0,0.6317333086898705,6.14989348848794,0.0,26.925823211669922,7.670454545454546,92.661,
vin test 28x28 -1,non_urban,3,Probabilistic Foam (GBPF),classical,True,18,8,19,7,True,0.001991,2.0,3.0,0.5235987755982988,1.74535599249993,0.0,1.4142135381698608,7.670454545454546,14.821,
vin test 28x28 -1,non_urban,4,Probabilistic Foam (GBPF),classical,True,30,6,10,4,True,0.006126,20.82842707633972,21.0,0.14959965343080364,6.1007172501140605,0.0,20.099750518798828,7.670454545454546,21.765,
vin test 28x28 -1,non_urban,5,Probabilistic Foam (GBPF),classical,True,10,25,5,3,True,0.041533,25.485281229019165,24.0,0.22907446218497188,4.045094491647997,0.0,22.56102752685547,7.670454545454546,57.147,
vin test 28x28 -1,non_urban,6,Probabilistic Foam (GBPF),classical,True,14,23,14,25,True,0.001121,2.0,3.0,0.0,6.08428328525216,0.0,2.0,7.670454545454546,14.674,
vin test 28x28 -1,non_urban,7,Probabilistic Foam (GBPF),classical,True,4,30,12,19,True,0.002752,14.313708305358887,12.0,0.3926990731415887,8.544833494727007,0.0,13.601470947265625,7.670454545454546,18.173,
vin test 28x28 -1,non_urban,8,Probabilistic Foam (GBPF),classical,True,23,2,25,20,True,0.007888,20.485281229019165,19.0,0.4960409344946384,6.764853164436505,0.0,18.11077117919922,7.670454545454546,36.743,
vin test 28x28 -1,non_urban,9,Probabilistic Foam (GBPF),classical,True,25,14,32,0,True,0.006316,18.656854152679443,18.0,0.2617993877991494,9.094957816467229,0.0,15.65247631072998,7.670454545454546,35.381,
vin test 28x28 -1,non_urban,10,Probabilistic Foam (GBPF),classical,True,30,0,29,2,True,0.002524,2.414213538169861,3.0,0.26179938209439246,13.961662541912034,0.0,2.2360680103302,7.670454545454546,16.373,
Small Obstacle,non_urban,1,Probabilistic Foam (HPF),classical,True,9,22,15,3,True,0.050654,31.242640614509583,31.0,0.2533542462572414,4.787083672123641,0.0,19.92485809326172,7.670454545454546,116.382,
Small Obstacle,non_urban,2,Probabilistic Foam (HPF),classical,True,25,0,15,25,True,0.060904,35.97056245803833,32.0,0.5154175399161869,7.940900285271682,0.0,26.925823211669922,7.670454545454546,34.481,
Small Obstacle,non_urban,3,Probabilistic Foam (HPF),classical,True,18,8,19,7,True,0.001998,1.4142135381698608,2.0,0.0,1.618033988749895,0.0,1.4142135381698608,7.670454545454546,14.417,
Small Obstacle,non_urban,4,Probabilistic Foam (HPF),classical,True,30,6,10,4,True,0.026035,20.82842707633972,21.0,0.14959965343080364,6.419123056002773,0.0,20.099750518798828,7.670454545454546,26.777,
Small Obstacle,non_urban,5,Probabilistic Foam (HPF),classical,True,10,25,5,3,True,0.039571,30.55634891986847,27.0,0.3781546668284049,8.580713301271746,0.0,22.56102752685547,7.670454545454546,34.409,
Small Obstacle,non_urban,6,Probabilistic Foam (HPF),classical,True,14,23,14,25,True,0.002733,10.828427076339722,11.0,0.5711986705124246,6.74748971247869,0.0,2.0,7.670454545454546,17.641,
Small Obstacle,non_urban,7,Probabilistic Foam (HPF),classical,True,4,30,12,19,False,0.367462,0.0,1.0,0.0,15.264337522473747,13.601470947265625,13.601470947265625,7.670454545454546,47.643,
Small Obstacle,non_urban,8,Probabilistic Foam (HPF),classical,True,23,2,25,20,True,0.023709,24.97056245803833,21.0,0.6357985058918184,8.028198477562512,0.0,18.11077117919922,7.670454545454546,57.185,
Small Obstacle,non_urban,9,Probabilistic Foam (HPF),classical,True,25,14,32,0,True,0.020008,18.656854152679443,18.0,0.43633230919541105,10.08576786647361,0.0,15.65247631072998,7.670454545454546,49.889,
Small Obstacle,non_urban,10,Probabilistic Foam (HPF),classical,True,30,0,29,2,False,0.262959,0.0,1.0,0.0,14.866068747318506,2.2360680103302,2.2360680103302,7.670454545454546,81.881,
vin test 28x28 -1,non_urban,1,Probabilistic Foam (PFM),classical,True,9,22,15,3,True,0.149953,45.14213538169861,42.0,0.317899255390805,8.899587192089808,0.0,19.92485809326172,7.670454545454546,125.566,
vin test 28x28 -1,non_urban,2,Probabilistic Foam (PFM),classical,True,25,0,15,25,True,0.111757,48.21320307254791,43.0,0.42009669085577916,9.884436367308652,0.0,26.925823211669922,7.670454545454546,42.139,
vin test 28x28 -1,non_urban,3,Probabilistic Foam (PFM),classical,True,18,8,19,7,True,0.001103,2.0,3.0,0.5235987755982988,1.74535599249993,0.0,1.4142135381698608,7.670454545454546,14.713,
vin test 28x28 -1,non_urban,4,Probabilistic Foam (PFM),classical,True,30,6,10,4,True,0.062517,21.656854152679443,21.0,0.2991993068616073,6.596260895762552,0.0,20.099750518798828,7.670454545454546,29.849,
vin test 28x28 -1,non_urban,5,Probabilistic Foam (PFM),classical,True,10,25,5,3,True,0.089301,29.14213538169861,26.0,0.3322838324362882,8.83524159783672,0.0,22.56102752685547,7.670454545454546,34.521,
vin test 28x28 -1,non_urban,6,Probabilistic Foam (PFM),classical,True,14,23,14,25,True,0.002691,10.828427076339722,11.0,0.5711986705124246,7.211735533471707,0.0,2.0,7.670454545454546,17.529,
vin test 28x28 -1,non_urban,7,Probabilistic Foam (PFM),classical,True,4,30,12,19,False,0.244755,0.0,1.0,0.0,15.264337522473747,13.601470947265625,13.601470947265625,7.670454545454546,33.305,
vin test 28x28 -1,non_urban,8,Probabilistic Foam (PFM),classical,True,23,2,25,20,True,0.021143,32.24264061450958,32.0,0.24543692927062838,11.682466958911832,0.0,18.11077117919922,7.670454545454546,71.027,
vin test 28x28 -1,non_urban,9,Probabilistic Foam (PFM),classical,True,25,14,32,0,True,0.017208,18.071067690849304,17.0,0.46199891561867057,9.528718782083077,0.0,15.65247631072998,7.670454545454546,49.537,
vin test 28x28 -1,non_urban,10,Probabilistic Foam (PFM),classical,True,30,0,29,2,False,0.342262,0.0,1.0,0.0,14.866068747318506,2.2360680103302,2.2360680103302,7.670454545454546,77.119,
Occupancy Grid 2D,non_urban,1,A*,classical,False,1.0,3.0,1.0,0.0,True,0.003287,3.0,4.0,0.0,4.616791332419261,0.0,3.0,0.5291005291005291,59.738,
Occupancy Grid 2D,non_urban,2,A*,classical,False,1.0,9.0,1.0,8.0,True,0.002913,1.0,2.0,0.0,1.8251407699364424,0.0,1.0,0.5291005291005291,15.109,
Occupancy Grid 2D,non_urban,3,A*,classical,False,0.0,8.0,0.0,4.0,True,0.005521,4.828427076339722,5.0,0.314159258513271,1.282842712474619,0.0,4.0,0.5291005291005291,23.749,
Occupancy Grid 2D,non_urban,4,A*,classical,False,0.0,3.0,1.0,2.0,True,0.002047,1.4142135381698608,2.0,0.0,3.5615528128088303,0.0,1.4142135381698608,0.5291005291005291,14.997,
Occupancy Grid 2D,non_urban,5,A*,classical,False,1.0,15.0,0.0,1.0,True,0.016069,14.41421353816986,15.0,0.10471975283775699,2.1126409001552338,0.0,14.03566837310791,0.5291005291005291,46.917,
Occupancy Grid 2D,non_urban,6,A*,classical,False,1.0,0.0,1.0,2.0,True,0.002505,2.0,3.0,0.0,5.101629223169556,0.0,2.0,0.5291005291005291,16.701,
Occupancy Grid 2D,non_urban,7,A*,classical,False,1.0,7.0,0.0,8.0,True,0.001763,1.4142135381698608,2.0,0.0,1.0,0.0,1.4142135381698608,0.5291005291005291,13.349,
Occupancy Grid 2D,non_urban,8,A*,classical,False,1.0,0.0,1.0,6.0,True,0.010293,6.0,7.0,0.0,3.3024924099357045,0.0,6.0,0.5291005291005291,32.285,
Occupancy Grid 2D,non_urban,9,A*,classical,False,0.0,15.0,0.0,8.0,True,0.008702,7.828427076339722,8.0,0.2945243048561915,1.6330618877807477,0.0,7.0,0.5291005291005291,34.029,
Occupancy Grid 2D,non_urban,10,A*,classical,False,,,,,False,,,,,,,,,,index 18 is out of bounds for axis 1 with size 18
vin test 28x28 -1,non_urban,1,Probabilistic Foam (RBPF),classical,True,9,22,15,3,True,0.263563,57.76955199241638,48.0,0.44178646441523367,8.252779926316036,0.0,19.92485809326172,7.670454545454546,130.779,
vin test 28x28 -1,non_urban,2,Probabilistic Foam (RBPF),classical,True,25,0,15,25,True,0.098731,43.28427076339722,36.0,0.567231998341022,10.104286047358746,0.0,26.925823211669922,7.670454545454546,40.644,
vin test 28x28 -1,non_urban,3,Probabilistic Foam (RBPF),classical,True,18,8,19,7,True,0.002007,2.0,3.0,0.5235987755982988,1.5500938466242948,0.0,1.4142135381698608,7.670454545454546,16.028,
vin test 28x28 -1,non_urban,4,Probabilistic Foam (RBPF),classical,True,30,6,10,4,True,0.028661,25.313708305358887,23.0,0.546363947195734,7.891324194041931,0.0,20.099750518798828,7.670454545454546,25.46,
vin test 28x28 -1,non_urban,5,Probabilistic Foam (RBPF),classical,True,10,25,5,3,True,0.065117,35.485281229019165,34.0,0.3233992437518905,9.640859425272819,0.0,22.56102752685547,7.670454545454546,36.74,
vin test 28x28 -1,non_urban,6,Probabilistic Foam (RBPF),classical,True,14,23,14,25,True,0.002997,10.828427076339722,11.0,0.5711986705124246,6.316069178950387,0.0,2.0,7.670454545454546,17.644,
vin test 28x28 -1,non_urban,7,Probabilistic Foam (RBPF),classical,True,4,30,12,19,False,0.272998,0.0,1.0,0.0,15.264337522473747,13.601470947265625,13.601470947265625,7.670454545454546,34.516,
vin test 28x28 -1,non_urban,8,Probabilistic Foam (RBPF),classical,True,23,2,25,20,True,0.021533,26.14213538169861,23.0,0.5805116807807273,9.297242546534942,0.0,18.11077117919922,7.670454545454546,57.782,
vin test 28x28 -1,non_urban,9,Probabilistic Foam (RBPF),classical,True,25,14,32,0,True,0.035078,16.899494767189026,15.0,0.36651913493214944,11.188305370188377,0.0,15.65247631072998,7.670454545454546,63.724,
vin test 28x28 -1,non_urban,10,Probabilistic Foam (RBPF),classical,True,30,0,29,2,False,0.281816,0.0,1.0,0.0,14.866068747318506,2.2360680103302,2.2360680103302,7.670454545454546,71.306,
Occupancy Grid 2D,non_urban,1,SPRM,classical,False,1,3,1,0,True,0.011614,3.0,4.0,0.0,4.616791332419261,0.0,3.0,0.5291005291005291,48.13,
Occupancy Grid 2D,non_urban,2,SPRM,classical,False,1,9,1,8,True,0.007813,1.0,2.0,0.0,1.8251407699364424,0.0,1.0,0.5291005291005291,10.261,
Occupancy Grid 2D,non_urban,3,SPRM,classical,False,0,8,0,4,True,0.150406,4.828427076339722,5.0,0.4712388877699064,1.2,0.0,4.0,0.5291005291005291,432.94,
Occupancy Grid 2D,non_urban,4,SPRM,classical,False,0,3,1,2,True,0.009262,1.4142135381698608,2.0,0.0,3.5615528128088303,0.0,1.4142135381698608,0.5291005291005291,10.261,
Occupancy Grid 2D,non_urban,5,SPRM,classical,False,1,15,0,1,True,0.297519,14.41421353816986,15.0,0.10471975283775699,2.0860845243106896,0.0,14.03566837310791,0.5291005291005291,705.973,
Occupancy Grid 2D,non_urban,6,SPRM,classical,False,1,0,1,2,True,0.003426,2.0,3.0,0.0,5.101629223169556,0.0,2.0,0.5291005291005291,10.757,
Occupancy Grid 2D,non_urban,7,SPRM,classical,False,1,7,0,8,True,0.008393,1.4142135381698608,2.0,0.0,1.0,0.0,1.4142135381698608,0.5291005291005291,10.189,
Occupancy Grid 2D,non_urban,8,SPRM,classical,False,1,0,1,6,True,0.007883,6.0,7.0,0.0,3.3024924099357045,0.0,6.0,0.5291005291005291,12.629,
Occupancy Grid 2D,non_urban,9,SPRM,classical,False,0,15,0,8,True,0.156412,7.828427076339722,8.0,0.3926990731415887,1.551776695296637,0.0,7.0,0.5291005291005291,450.982,
Occupancy Grid 2D,non_urban,10,SPRM,classical,False,0,16,1,9,True,0.009457,7.414213538169861,8.0,0.19634953657079435,1.9562851924841107,0.0,7.071067810058594,0.5291005291005291,13.269,
vin test 28x28 -1,non_urban,1,Probabilistic Foam (HPF),classical,True,9,22,15,3,True,0.166514,35.14213538169861,32.0,0.5645049272678113,5.256584205973215,0.0,19.92485809326172,7.670454545454546,134.262,
vin test 28x28 -1,non_urban,2,Probabilistic Foam (HPF),classical,True,25,0,15,25,True,0.077164,54.69848430156708,47.0,0.551449768838335,11.654459955546958,0.0,26.925823211669922,7.670454545454546,42.083,
vin test 28x28 -1,non_urban,3,Probabilistic Foam (HPF),classical,True,18,8,19,7,True,0.001814,2.0,3.0,0.5235987755982988,1.5500938466242948,0.0,1.4142135381698608,7.670454545454546,16.105,
vin test 28x28 -1,non_urban,4,Probabilistic Foam (HPF),classical,True,30,6,10,4,True,0.037122,23.899494767189026,22.0,0.4997988405879786,7.911579911949377,0.0,20.099750518798828,7.670454545454546,29.457,
vin test 28x28 -1,non_urban,5,Probabilistic Foam (HPF),classical,True,10,25,5,3,True,0.037429,28.213203072547913,23.0,0.546363927849167,7.359124565540166,0.0,22.56102752685547,7.670454545454546,30.905,
vin test 28x28 -1,non_urban,6,Probabilistic Foam (HPF),classical,True,14,23,14,25,True,0.002,10.828427076339722,11.0,0.5711986705124246,6.74748971247869,0.0,2.0,7.670454545454546,17.641,
vin test 28x28 -1,non_urban,7,Probabilistic Foam (HPF),classical,True,4,30,12,19,False,0.298731,0.0,1.0,0.0,15.264337522473747,13.601470947265625,13.601470947265625,7.670454545454546,36.889,
vin test 28x28 -1,non_urban,8,Probabilistic Foam (HPF),classical,True,23,2,25,20,True,0.023422,21.313708305358887,19.0,0.3306939563297589,8.024190466112216,0.0,18.11077117919922,7.670454545454546,57.409,
vin test 28x28 -1,non_urban,9,Probabilistic Foam (HPF),classical,True,25,14,32,0,True,0.031383,23.14213538169861,20.0,0.5890486199809455,8.232974435709469,0.0,15.65247631072998,7.670454545454546,67.961,
vin test 28x28 -1,non_urban,10,Probabilistic Foam (HPF),classical,True,30,0,29,2,False,0.292317,0.0,1.0,0.0,14.866068747318506,2.2360680103302,2.2360680103302,7.670454545454546,70.391,
Occupancy Grid 2D,non_urban,1,RT,classical,False,1,3,1,0,True,0.231745,15.0,16.0,0.0,2.3746563232398232,0.0,3.0,0.5291005291005291,168.247,
Occupancy Grid 2D,non_urban,2,RT,classical,False,1,9,1,8,True,0.088858,21.0,22.0,0.0,2.0795282231488845,0.0,1.0,0.5291005291005291,46.55,
Occupancy Grid 2D,non_urban,3,RT,classical,False,0,8,0,4,True,0.042249,7.414213538169861,8.0,0.5890486182695185,1.4562851924841107,0.0,4.0,0.5291005291005291,36.286,
Occupancy Grid 2D,non_urban,4,RT,classical,False,0,3,1,2,True,0.039713,8.242640614509583,8.0,0.589048609712383,2.212449606019892,0.0,1.4142135381698608,0.5291005291005291,30.502,
Occupancy Grid 2D,non_urban,5,RT,classical,False,1,15,0,1,True,0.548784,21.242640614509583,21.0,0.18699955863885176,2.5254687746265057,0.0,14.03566837310791,0.5291005291005291,150.758,
Occupancy Grid 2D,non_urban,6,RT,classical,False,1,0,1,2,True,0.095023,4.828427076339722,5.0,0.4712388877699064,4.460977533901733,0.0,2.0,0.5291005291005291,37.054,
Occupancy Grid 2D,non_urban,7,RT,classical,False,1,7,0,8,True,0.019748,1.4142135381698608,2.0,0.0,1.0,0.0,1.4142135381698608,0.5291005291005291,14.862,
Occupancy Grid 2D,non_urban,8,RT,classical,False,1,0,1,6,True,0.100797,10.0,11.0,0.0,2.5028782210839116,0.0,6.0,0.5291005291005291,126.836,
Occupancy Grid 2D,non_urban,9,RT,classical,False,0,15,0,8,True,0.109003,18.656854152679443,18.0,0.3490658427925233,2.2063764801177146,0.0,7.0,0.5291005291005291,91.366,
Occupancy Grid 2D,non_urban,10,RT,classical,False,0,16,1,9,True,0.081234,19.41421353816986,20.0,0.07853981462831774,2.3436283303494108,0.0,7.071067810058594,0.5291005291005291,45.27,
Small Obstacle,non_urban,1,A*,classical,False,9,22,15,3,True,0.041953,21.485281229019165,20.0,0.19634953657079435,2.5839651892666735,0.0,19.92485809326172,7.670454545454546,159.078,
Small Obstacle,non_urban,2,A*,classical,False,25,0,15,25,True,0.102016,29.14213538169861,26.0,0.5437371781960461,4.56981321531266,0.0,26.925823211669922,7.670454545454546,141.913,
Small Obstacle,non_urban,3,A*,classical,False,18,8,19,7,True,0.001991,1.4142135381698608,2.0,0.0,1.618033988749895,0.0,1.4142135381698608,7.670454545454546,15.265,
Small Obstacle,non_urban,4,A*,classical,False,30,6,10,4,True,0.037277,20.82842707633972,21.0,0.14959965343080364,5.476298396267826,0.0,20.099750518798828,7.670454545454546,68.796,
Small Obstacle,non_urban,5,A*,classical,False,10,25,5,3,True,0.058605,24.071067690849304,23.0,0.3414774549057293,4.174786183540895,0.0,22.56102752685547,7.670454545454546,93.889,
Small Obstacle,non_urban,6,A*,classical,False,14,23,14,25,True,0.003378,2.0,3.0,0.0,6.08428328525216,0.0,2.0,7.670454545454546,18.361,
Small Obstacle,non_urban,7,A*,classical,False,4,30,12,19,True,0.027849,14.313708305358887,12.0,0.26179938209439246,8.270751253472824,0.0,13.601470947265625,7.670454545454546,100.961,
Small Obstacle,non_urban,8,A*,classical,False,23,2,25,20,True,0.040244,18.82842707633972,19.0,0.1240102336236596,5.115829445269607,0.0,18.11077117919922,7.670454545454546,116.521,
Small Obstacle,non_urban,9,A*,classical,False,25,14,32,0,True,0.040608,16.899494767189026,15.0,0.5235987641887849,10.451286761931533,0.0,15.65247631072998,7.670454545454546,94.599,
Small Obstacle,non_urban,10,A*,classical,False,30,0,29,2,True,0.004462,2.414213538169861,3.0,0.26179938209439246,13.708647089752638,0.0,2.2360680103302,7.670454545454546,18.625,
Occupancy Grid 2D,non_urban,1,RRT,classical,False,1,3,1,0,True,0.129783,4.414213538169861,5.0,0.7853981599745941,4.668811940811876,0.0,3.0,0.5291005291005291,113.865,
Occupancy Grid 2D,non_urban,2,RRT,classical,False,1,9,1,8,True,0.097201,1.0,2.0,0.0,1.8251407699364424,0.0,1.0,0.5291005291005291,44.814,
Occupancy Grid 2D,non_urban,3,RRT,classical,False,0,8,0,4,True,0.128231,5.414213538169861,6.0,0.5235987698935419,1.235702260395516,0.0,4.0,0.5291005291005291,59.682,
Occupancy Grid 2D,non_urban,4,RRT,classical,False,0,3,1,2,True,0.089331,2.0,3.0,0.5235987755982988,3.4284610952620134,0.0,1.4142135381698608,0.5291005291005291,33.628,
Occupancy Grid 2D,non_urban,5,RRT,classical,False,1,15,0,1,True,0.219347,14.41421353816986,15.0,0.10471975283775699,2.1018223894773422,0.0,14.03566837310791,0.5291005291005291,47.998,
Occupancy Grid 2D,non_urban,6,RRT,classical,False,1,0,1,2,True,0.05165,2.0,3.0,0.0,5.101629223169556,0.0,2.0,0.5291005291005291,32.566,
Occupancy Grid 2D,non_urban,7,RRT,classical,False,1,7,0,8,True,0.088295,2.0,3.0,0.5235987755982988,1.1380711874576983,0.0,1.4142135381698608,0.5291005291005291,32.766,
Occupancy Grid 2D,non_urban,8,RRT,classical,False,1,0,1,6,True,0.065392,6.828427076339722,7.0,0.4487989407332442,3.261723369109127,0.0,6.0,0.5291005291005291,76.902,
Occupancy Grid 2D,non_urban,9,RRT,classical,False,0,15,0,8,True,0.272276,11.242640614509583,11.0,0.5711986549539965,1.438947920431472,0.0,7.0,0.5291005291005291,121.902,
Occupancy Grid 2D,non_urban,10,RRT,classical,False,0,16,1,9,True,0.045395,7.414213538169861,8.0,0.19634953657079435,2.0080618877807477,0.0,7.071067810058594,0.5291005291005291,31.318,
Small Obstacle,non_urban,1,SPRM,classical,False,9,22,15,3,True,0.143891,24.79898953437805,20.0,0.314159258513271,3.9239234486005294,0.0,19.92485809326172,7.670454545454546,561.531,
Small Obstacle,non_urban,2,SPRM,classical,False,25,0,15,25,True,0.104346,29.14213538169861,26.0,0.3322838311198058,5.347440411942824,0.0,26.925823211669922,7.670454545454546,437.073,
Small Obstacle,non_urban,3,SPRM,classical,False,18,8,19,7,True,0.00938,1.4142135381698608,2.0,0.0,1.618033988749895,0.0,1.4142135381698608,7.670454545454546,12.97,
Small Obstacle,non_urban,4,SPRM,classical,False,30,6,10,4,True,0.077698,21.656854152679443,21.0,0.2991993068616073,5.519948405768461,0.0,20.099750518798828,7.670454545454546,151.113,
Small Obstacle,non_urban,5,SPRM,classical,False,10,25,5,3,True,0.162167,24.071067690849304,23.0,0.3414774549057293,6.171065524510678,0.0,22.56102752685547,7.670454545454546,485.906,
Small Obstacle,non_urban,6,SPRM,classical,False,14,23,14,25,True,0.008598,2.0,3.0,0.0,6.08428328525216,0.0,2.0,7.670454545454546,13.466,
Small Obstacle,non_urban,7,SPRM,classical,False,4,30,12,19,True,0.012835,14.313708305358887,12.0,0.3926990731415887,8.544833494727007,0.0,13.601470947265625,7.670454545454546,24.042,
Small Obstacle,non_urban,8,SPRM,classical,False,23,2,25,20,True,0.077215,23.79898953437805,19.0,0.4133674454121986,8.744086088164584,0.0,18.11077117919922,7.670454545454546,196.622,
Small Obstacle,non_urban,9,SPRM,classical,False,25,14,32,0,True,0.1564,20.41421353816986,21.0,0.14959964854101196,11.53866869924859,0.0,15.65247631072998,7.670454545454546,515.03,
Small Obstacle,non_urban,10,SPRM,classical,False,30,0,29,2,True,0.008443,2.414213538169861,3.0,0.26179938209439246,13.961662541912034,0.0,2.2360680103302,7.670454545454546,13.466,
Occupancy Grid 2D,non_urban,1,RRT*,classical,False,1,3,1,0,True,0.219909,3.0,4.0,0.0,4.616791332419261,0.0,3.0,0.5291005291005291,135.46,
Occupancy Grid 2D,non_urban,2,RRT*,classical,False,1,9,1,8,True,0.04605,1.0,2.0,0.0,1.8251407699364424,0.0,1.0,0.5291005291005291,19.574,
Occupancy Grid 2D,non_urban,3,RRT*,classical,False,0,8,0,4,True,0.250771,5.414213538169861,6.0,0.39269907884634564,1.304737854124365,0.0,4.0,0.5291005291005291,44.893,
Occupancy Grid 2D,non_urban,4,RRT*,classical,False,0,3,1,2,True,0.022828,1.4142135381698608,2.0,0.0,3.5615528128088303,0.0,1.4142135381698608,0.5291005291005291,16.718,
Occupancy Grid 2D,non_urban,5,RRT*,classical,False,1,15,0,1,True,0.362631,14.41421353816986,15.0,0.10471975283775699,2.0584702868191496,0.0,14.03566837310791,0.5291005291005291,46.334,
Occupancy Grid 2D,non_urban,6,RRT*,classical,False,1,0,1,2,True,0.365633,2.0,3.0,0.0,5.101629223169556,0.0,2.0,0.5291005291005291,42.406,
Occupancy Grid 2D,non_urban,7,RRT*,classical,False,1,7,0,8,True,0.334089,1.4142135381698608,2.0,0.0,1.0,0.0,1.4142135381698608,0.5291005291005291,38.046,
Occupancy Grid 2D,non_urban,8,RRT*,classical,False,1,0,1,6,True,0.239732,6.0,7.0,0.0,3.3024924099357045,0.0,6.0,0.5291005291005291,201.469,
Occupancy Grid 2D,non_urban,9,RRT*,classical,False,0,15,0,8,True,0.613192,7.828427076339722,8.0,0.3926990731415887,1.551776695296637,0.0,7.0,0.5291005291005291,50.462,
Occupancy Grid 2D,non_urban,10,RRT*,classical,False,0,16,1,9,True,0.276444,7.414213538169861,8.0,0.19634953657079435,1.9562851924841107,0.0,7.071067810058594,0.5291005291005291,42.286,
Occupancy Grid 2D,non_urban,1,RRT-Connect,classical,False,,,,,False,,,,,,,,,,name 'n' is not defined
Occupancy Grid 2D,non_urban,2,RRT-Connect,classical,False,,,,,False,,,,,,,,,,name 'n' is not defined
Occupancy Grid 2D,non_urban,3,RRT-Connect,classical,False,,,,,False,,,,,,,,,,name 'n' is not defined
Occupancy Grid 2D,non_urban,4,RRT-Connect,classical,False,,,,,False,,,,,,,,,,name 'n' is not defined
Occupancy Grid 2D,non_urban,5,RRT-Connect,classical,False,,,,,False,,,,,,,,,,name 'n' is not defined
Occupancy Grid 2D,non_urban,6,RRT-Connect,classical,False,,,,,False,,,,,,,,,,name 'n' is not defined
Occupancy Grid 2D,non_urban,7,RRT-Connect,classical,False,,,,,False,,,,,,,,,,name 'n' is not defined
Occupancy Grid 2D,non_urban,8,RRT-Connect,classical,False,,,,,False,,,,,,,,,,name 'n' is not defined
Occupancy Grid 2D,non_urban,9,RRT-Connect,classical,False,,,,,False,,,,,,,,,,name 'n' is not defined
Occupancy Grid 2D,non_urban,10,RRT-Connect,classical,False,,,,,False,,,,,,,,,,name 'n' is not defined
Occupancy Grid 2D,non_urban,1,Wave-front,classical,False,1,3,1,0,True,0.005002,3.0,4.0,0.0,4.616791332419261,0.0,3.0,0.5291005291005291,52.81,
Occupancy Grid 2D,non_urban,2,Wave-front,classical,False,1,9,1,8,True,0.002007,1.0,2.0,0.0,1.8251407699364424,0.0,1.0,0.5291005291005291,12.725,
Occupancy Grid 2D,non_urban,3,Wave-front,classical,False,0,8,0,4,True,0.008008,4.828427076339722,5.0,0.314159258513271,1.282842712474619,0.0,4.0,0.5291005291005291,25.381,
Occupancy Grid 2D,non_urban,4,Wave-front,classical,False,0,3,1,2,True,0.001998,1.4142135381698608,2.0,0.0,3.5615528128088303,0.0,1.4142135381698608,0.5291005291005291,12.957,
Occupancy Grid 2D,non_urban,5,Wave-front,classical,False,1,15,0,1,True,0.021034,14.41421353816986,15.0,0.052359876418878494,2.120847941863078,0.0,14.03566837310791,0.5291005291005291,46.309,
Occupancy Grid 2D,non_urban,6,Wave-front,classical,False,1,0,1,2,True,0.003007,2.0,3.0,0.0,5.101629223169556,0.0,2.0,0.5291005291005291,15.981,
Occupancy Grid 2D,non_urban,7,Wave-front,classical,False,1,7,0,8,True,0.000999,1.4142135381698608,2.0,0.0,1.0,0.0,1.4142135381698608,0.5291005291005291,13.693,
Occupancy Grid 2D,non_urban,8,Wave-front,classical,False,1,0,1,6,True,0.011522,6.0,7.0,0.0,3.3024924099357045,0.0,6.0,0.5291005291005291,30.237,
Occupancy Grid 2D,non_urban,9,Wave-front,classical,False,0,15,0,8,True,0.015532,7.828427076339722,8.0,0.2945243048561915,1.5812851924841107,0.0,7.0,0.5291005291005291,32.493,
Occupancy Grid 2D,non_urban,10,Wave-front,classical,False,0,16,1,9,True,0.015557,7.414213538169861,8.0,0.19634953657079435,1.9562851924841107,0.0,7.071067810058594,0.5291005291005291,33.309,
Occupancy Grid 2D,non_urban,1,Dijkstra,classical,False,1.0,3.0,1.0,0.0,True,0.007524,3.0,4.0,0.0,4.616791332419261,0.0,3.0,0.5291005291005291,66.314,
Occupancy Grid 2D,non_urban,2,Dijkstra,classical,False,1.0,9.0,1.0,8.0,True,0.003334,1.0,2.0,0.0,1.8251407699364424,0.0,1.0,0.5291005291005291,14.869,
Occupancy Grid 2D,non_urban,3,Dijkstra,classical,False,0.0,8.0,0.0,4.0,True,0.010032,4.828427076339722,5.0,0.314159258513271,1.282842712474619,0.0,4.0,0.5291005291005291,29.077,
Occupancy Grid 2D,non_urban,4,Dijkstra,classical,False,0.0,3.0,1.0,2.0,True,0.003015,1.4142135381698608,2.0,0.0,3.5615528128088303,0.0,1.4142135381698608,0.5291005291005291,16.253,
Occupancy Grid 2D,non_urban,5,Dijkstra,classical,False,,,,,False,,,,,,,,,,index 18 is out of bounds for axis 1 with size 18
Occupancy Grid 2D,non_urban,6,Dijkstra,classical,False,1.0,0.0,1.0,2.0,True,0.003998,2.0,3.0,0.0,5.101629223169556,0.0,2.0,0.5291005291005291,724.783,
Occupancy Grid 2D,non_urban,7,Dijkstra,classical,False,1.0,7.0,0.0,8.0,True,0.002543,1.4142135381698608,2.0,0.0,1.0,0.0,1.4142135381698608,0.5291005291005291,16.141,
Occupancy Grid 2D,non_urban,8,Dijkstra,classical,False,1.0,0.0,1.0,6.0,True,0.008515,6.0,7.0,0.0,3.3024924099357045,0.0,6.0,0.5291005291005291,36.461,
Occupancy Grid 2D,non_urban,9,Dijkstra,classical,False,,,,,False,,,,,,,,,,index 18 is out of bounds for axis 1 with size 18
Occupancy Grid 2D,non_urban,10,Dijkstra,classical,False,,,,,False,,,,,,,,,,index 18 is out of bounds for axis 1 with size 18
Occupancy Grid 2D,non_urban,1,Potential Field,classical,False,1,3,1,0,True,0.196671,3.0,4.0,0.0,4.616791332419261,0.0,3.0,0.5291005291005291,390.25,
Occupancy Grid 2D,non_urban,2,Potential Field,classical,False,1,9,1,8,True,0.198856,1.0,2.0,0.0,1.8251407699364424,0.0,1.0,0.5291005291005291,316.818,
Occupancy Grid 2D,non_urban,3,Potential Field,classical,False,0,8,0,4,True,0.197761,4.828427076339722,5.0,0.4712388877699064,1.2,0.0,4.0,0.5291005291005291,323.687,
Occupancy Grid 2D,non_urban,4,Potential Field,classical,False,0,3,1,2,True,0.194844,1.4142135381698608,2.0,0.0,3.5615528128088303,0.0,1.4142135381698608,0.5291005291005291,329.631,
Occupancy Grid 2D,non_urban,5,Potential Field,classical,False,1,15,0,1,True,0.203451,16.071067690849304,15.0,0.4712388877699064,1.9441518440112253,0.0,14.03566837310791,0.5291005291005291,344.679,
Occupancy Grid 2D,non_urban,6,Potential Field,classical,False,1,0,1,2,True,0.196686,2.0,3.0,0.0,5.101629223169556,0.0,2.0,0.5291005291005291,437.031,
Occupancy Grid 2D,non_urban,7,Potential Field,classical,False,1,7,0,8,True,0.193159,1.4142135381698608,2.0,0.0,1.0,0.0,1.4142135381698608,0.5291005291005291,350.751,
Occupancy Grid 2D,non_urban,8,Potential Field,classical,False,1,0,1,6,True,0.198101,6.0,7.0,0.0,3.3024924099357045,0.0,6.0,0.5291005291005291,359.735,
Occupancy Grid 2D,non_urban,9,Potential Field,classical,False,0,15,0,8,True,0.194581,7.828427076339722,8.0,0.3926990731415887,1.5,0.0,7.0,0.5291005291005291,367.047,
Occupancy Grid 2D,non_urban,10,Potential Field,classical,False,0,16,1,9,True,0.197216,7.414213538169861,8.0,0.09817476828539717,2.0578550924892687,0.0,7.071067810058594,0.5291005291005291,374.535,
Occupancy Grid 2D,non_urban,1,Probabilistic Foam (GBPF),classical,True,1,3,1,0,True,0.001998,3.0,4.0,0.0,4.616791332419261,0.0,3.0,0.5291005291005291,52.427,
Occupancy Grid 2D,non_urban,2,Probabilistic Foam (GBPF),classical,True,1,9,1,8,True,0.002999,3.0,4.0,0.0,1.516123775561495,0.0,1.0,0.5291005291005291,16.297,
Occupancy Grid 2D,non_urban,3,Probabilistic Foam (GBPF),classical,True,0,8,0,4,True,0.007509,4.828427076339722,5.0,0.314159258513271,1.282842712474619,0.0,4.0,0.5291005291005291,20.321,
Occupancy Grid 2D,non_urban,4,Probabilistic Foam (GBPF),classical,True,0,3,1,2,True,0.002022,5.414213538169861,6.0,0.26179938209439246,4.567317863850242,0.0,1.4142135381698608,0.5291005291005291,15.681,
Occupancy Grid 2D,non_urban,5,Probabilistic Foam (GBPF),classical,True,1,15,0,1,True,0.040064,15.242640614509583,15.0,0.314159258513271,2.042732421652497,0.0,14.03566837310791,0.5291005291005291,54.169,
Occupancy Grid 2D,non_urban,6,Probabilistic Foam (GBPF),classical,True,1,0,1,2,True,0.003512,2.0,3.0,0.0,5.101629223169556,0.0,2.0,0.5291005291005291,14.193,
Occupancy Grid 2D,non_urban,7,Probabilistic Foam (GBPF),classical,True,1,7,0,8,True,0.000999,1.4142135381698608,2.0,0.0,1.0,0.0,1.4142135381698608,0.5291005291005291,12.817,
Occupancy Grid 2D,non_urban,8,Probabilistic Foam (GBPF),classical,True,1,0,1,6,True,0.003003,6.0,7.0,0.0,3.3024924099357045,0.0,6.0,0.5291005291005291,19.785,
Occupancy Grid 2D,non_urban,9,Probabilistic Foam (GBPF),classical,True,0,15,0,8,True,0.017632,7.828427076339722,8.0,0.3926990731415887,1.603553390593274,0.0,7.0,0.5291005291005291,28.569,
Occupancy Grid 2D,non_urban,10,Probabilistic Foam (GBPF),classical,True,0,16,1,9,True,0.007517,7.414213538169861,8.0,0.19634953657079435,2.0080618877807477,0.0,7.071067810058594,0.5291005291005291,22.689,
Occupancy Grid 2D,non_urban,1,Probabilistic Foam (PFM),classical,True,1,3,1,0,True,0.001974,4.414213538169861,5.0,0.6283185238722503,4.873629163216852,0.0,3.0,0.5291005291005291,50.242,
Occupancy Grid 2D,non_urban,2,Probabilistic Foam (PFM),classical,True,1,9,1,8,False,0.003999,0.0,1.0,0.0,2.23606797749979,1.0,1.0,0.5291005291005291,11.941,
Occupancy Grid 2D,non_urban,3,Probabilistic Foam (PFM),classical,True,0,8,0,4,False,0.005535,0.0,1.0,0.0,1.0,4.0,4.0,0.5291005291005291,15.509,
Occupancy Grid 2D,non_urban,4,Probabilistic Foam (PFM),classical,True,0,3,1,2,True,0.002001,5.414213538169861,6.0,0.13089969104719623,4.52051760426961,0.0,1.4142135381698608,0.5291005291005291,15.445,
Occupancy Grid 2D,non_urban,5,Probabilistic Foam (PFM),classical,True,1,15,0,1,False,0.005509,0.0,1.0,0.0,3.1622776601683795,14.03566837310791,14.03566837310791,0.5291005291005291,12.901,
Occupancy Grid 2D,non_urban,6,Probabilistic Foam (PFM),classical,True,1,0,1,2,False,0.009378,0.0,1.0,0.0,6.082762530298219,2.0,2.0,0.5291005291005291,16.261,
Occupancy Grid 2D,non_urban,7,Probabilistic Foam (PFM),classical,True,1,7,0,8,True,0.001512,2.0,3.0,0.5235987755982988,1.1380711874576983,0.0,1.4142135381698608,0.5291005291005291,15.085,
Occupancy Grid 2D,non_urban,8,Probabilistic Foam (PFM),classical,True,1,0,1,6,False,0.008514,0.0,1.0,0.0,6.082762530298219,6.0,6.0,0.5291005291005291,23.173,
Occupancy Grid 2D,non_urban,9,Probabilistic Foam (PFM),classical,True,0,15,0,8,True,0.015031,7.828427076339722,8.0,0.3926990731415887,1.603553390593274,0.0,7.0,0.5291005291005291,31.357,
Occupancy Grid 2D,non_urban,10,Probabilistic Foam (PFM),classical,True,0,16,1,9,True,0.011344,7.414213538169861,8.0,0.19634953657079435,2.0080618877807477,0.0,7.071067810058594,0.5291005291005291,28.445,
Occupancy Grid 2D,non_urban,1,Probabilistic Foam (RBPF),classical,True,1,3,1,0,True,0.002002,4.414213538169861,5.0,0.6283185238722503,4.873629163216852,0.0,3.0,0.5291005291005291,51.362,
Occupancy Grid 2D,non_urban,2,Probabilistic Foam (RBPF),classical,True,1,9,1,8,False,0.004502,0.0,1.0,0.0,2.23606797749979,1.0,1.0,0.5291005291005291,12.2,
Occupancy Grid 2D,non_urban,3,Probabilistic Foam (RBPF),classical,True,0,8,0,4,False,0.032563,0.0,1.0,0.0,1.0,4.0,4.0,0.5291005291005291,42.784,
Occupancy Grid 2D,non_urban,4,Probabilistic Foam (RBPF),classical,True,0,3,1,2,True,0.001022,5.414213538169861,6.0,0.13089969104719623,4.52051760426961,0.0,1.4142135381698608,0.5291005291005291,15.56,
Occupancy Grid 2D,non_urban,5,Probabilistic Foam (RBPF),classical,True,1,15,0,1,False,0.005006,0.0,1.0,0.0,3.1622776601683795,14.03566837310791,14.03566837310791,0.5291005291005291,12.728,
Occupancy Grid 2D,non_urban,6,Probabilistic Foam (RBPF),classical,True,1,0,1,2,False,0.009012,0.0,1.0,0.0,6.082762530298219,2.0,2.0,0.5291005291005291,16.664,
Occupancy Grid 2D,non_urban,7,Probabilistic Foam (RBPF),classical,True,1,7,0,8,True,0.002002,2.0,3.0,0.5235987755982988,1.1380711874576983,0.0,1.4142135381698608,0.5291005291005291,15.968,
Occupancy Grid 2D,non_urban,8,Probabilistic Foam (RBPF),classical,True,1,0,1,6,False,0.009548,0.0,1.0,0.0,6.082762530298219,6.0,6.0,0.5291005291005291,23.384,
Occupancy Grid 2D,non_urban,9,Probabilistic Foam (RBPF),classical,True,0,15,0,8,True,0.011519,7.828427076339722,8.0,0.3926990731415887,1.603553390593274,0.0,7.0,0.5291005291005291,30.704,
Occupancy Grid 2D,non_urban,10,Probabilistic Foam (RBPF),classical,True,0,16,1,9,False,0.007557,0.0,1.0,0.0,4.0,7.071067810058594,7.071067810058594,0.5291005291005291,14.024,
Occupancy Grid 2D,non_urban,1,Probabilistic Foam (HPF),classical,True,1,3,1,0,True,0.005151,4.414213538169861,5.0,0.6283185238722503,4.873629163216852,0.0,3.0,0.5291005291005291,52.938,
Occupancy Grid 2D,non_urban,2,Probabilistic Foam (HPF),classical,True,1,9,1,8,False,0.003009,0.0,1.0,0.0,2.23606797749979,1.0,1.0,0.5291005291005291,12.093,
Occupancy Grid 2D,non_urban,3,Probabilistic Foam (HPF),classical,True,0,8,0,4,False,0.030275,0.0,1.0,0.0,1.0,4.0,4.0,0.5291005291005291,39.829,
Occupancy Grid 2D,non_urban,4,Probabilistic Foam (HPF),classical,True,0,3,1,2,True,0.002506,5.414213538169861,6.0,0.13089969104719623,4.52051760426961,0.0,1.4142135381698608,0.5291005291005291,15.901,
Occupancy Grid 2D,non_urban,5,Probabilistic Foam (HPF),classical,True,1,15,0,1,False,0.005007,0.0,1.0,0.0,3.1622776601683795,14.03566837310791,14.03566837310791,0.5291005291005291,13.149,
Occupancy Grid 2D,non_urban,6,Probabilistic Foam (HPF),classical,True,1,0,1,2,False,0.00952,0.0,1.0,0.0,6.082762530298219,2.0,2.0,0.5291005291005291,16.701,
Occupancy Grid 2D,non_urban,7,Probabilistic Foam (HPF),classical,True,1,7,0,8,True,0.002004,2.0,3.0,0.5235987755982988,1.1380711874576983,0.0,1.4142135381698608,0.5291005291005291,13.621,
Occupancy Grid 2D,non_urban,8,Probabilistic Foam (HPF),classical,True,1,0,1,6,False,0.010511,0.0,1.0,0.0,6.082762530298219,6.0,6.0,0.5291005291005291,23.229,
Occupancy Grid 2D,non_urban,9,Probabilistic Foam (HPF),classical,True,0,15,0,8,True,0.013555,7.828427076339722,8.0,0.3926990731415887,1.603553390593274,0.0,7.0,0.5291005291005291,31.445,
Occupancy Grid 2D,non_urban,10,Probabilistic Foam (HPF),classical,True,0,16,1,9,True,0.01152,7.414213538169861,8.0,0.19634953657079435,2.0080618877807477,0.0,7.071067810058594,0.5291005291005291,28.333,
SLAM Map 1,non_urban,1,SPRM,classical,False,333,53,135,24,False,1.63194,0.0,1.0,0.0,13.0,200.1124725341797,200.1124725341797,50.36997044782905,7224.861,
SLAM Map 1,non_urban,2,SPRM,classical,False,111,123,340,106,False,1.614967,0.0,1.0,0.0,5.0,229.63014221191406,229.63014221191406,50.36997044782905,7188.278,
SLAM Map 1,non_urban,3,SPRM,classical,False,288,96,199,63,False,1.61186,0.0,1.0,0.0,5.0,94.9210205078125,94.9210205078125,50.36997044782905,7189.68,
SLAM Map 1,non_urban,4,SPRM,classical,False,470,50,64,291,False,1.609918,0.0,1.0,0.0,25.179356624028344,472.140869140625,472.140869140625,50.36997044782905,7188.03,
SLAM Map 1,non_urban,5,SPRM,classical,False,424,45,112,198,False,1.609843,0.0,1.0,0.0,4.0,347.4953308105469,347.4953308105469,50.36997044782905,7191.334,
SLAM Map 1,non_urban,6,SPRM,classical,False,381,26,497,25,False,1.610064,0.0,1.0,0.0,14.0,116.00431060791016,116.00431060791016,50.36997044782905,7189.633,
SLAM Map 1,non_urban,7,SPRM,classical,False,149,48,197,94,False,1.608534,0.0,1.0,0.0,9.219544457292887,66.48307800292969,66.48307800292969,50.36997044782905,7187.686,
SLAM Map 1,non_urban,8,SPRM,classical,False,141,101,75,234,False,1.615404,0.0,1.0,0.0,11.0,148.4755859375,148.4755859375,50.36997044782905,7187.734,
SLAM Map 1,non_urban,9,SPRM,classical,False,392,24,202,310,False,1.61367,0.0,1.0,0.0,12.0,343.35986328125,343.35986328125,50.36997044782905,7189.462,
SLAM Map 1,non_urban,10,SPRM,classical,False,194,82,106,290,False,1.614084,0.0,1.0,0.0,7.0,225.84950256347656,225.84950256347656,50.36997044782905,7187.734,
Small Obstacle,non_urban,1,RRT,classical,False,9,22,15,3,True,0.57223,43.62741661071777,38.0,0.7233930429826143,4.3917575790850885,0.0,19.92485809326172,7.670454545454546,270.454,
Small Obstacle,non_urban,2,RRT,classical,False,25,0,15,25,True,12.568412,36.31370830535889,34.0,0.3695991357164462,5.861538444195749,0.0,26.925823211669922,7.670454545454546,763.387,
Small Obstacle,non_urban,3,RRT,classical,False,18,8,19,7,True,0.115947,1.4142135381698608,2.0,0.0,1.618033988749895,0.0,1.4142135381698608,7.670454545454546,79.282,
Small Obstacle,non_urban,4,RRT,classical,False,30,6,10,4,True,2.483986,59.11269783973694,51.0,0.6467984854903378,6.201424833533518,0.0,20.099750518798828,7.670454545454546,407.081,
Small Obstacle,non_urban,5,RRT,classical,False,10,25,5,3,True,4.149633,78.01219260692596,67.0,0.5275062319573459,6.290931212169364,0.0,22.56102752685547,7.670454545454546,500.486,
Small Obstacle,non_urban,6,RRT,classical,False,14,23,14,25,True,14.221578,2.0,3.0,0.0,6.08428328525216,0.0,2.0,7.670454545454546,869.83,
Small Obstacle,non_urban,7,RRT,classical,False,4,30,12,19,True,76.879699,17.485281229019165,16.0,0.7853981569795967,7.686783702647974,0.0,13.601470947265625,7.670454545454546,1107.158,
Small Obstacle,non_urban,8,RRT,classical,False,23,2,25,20,True,16.701806,33.21320307254791,28.0,0.5048988144371395,5.897579441614066,0.0,18.11077117919922,7.670454545454546,841.654,
Small Obstacle,non_urban,9,RRT,classical,False,25,14,32,0,True,9.700468,21.727921843528748,19.0,0.3720307044739832,12.154458736649973,0.0,15.65247631072998,7.670454545454546,672.294,
Small Obstacle,non_urban,10,RRT,classical,False,30,0,29,2,True,1.062675,2.414213538169861,3.0,0.26179938209439246,13.708647089752638,0.0,2.2360680103302,7.670454545454546,260.714,
Small Obstacle,non_urban,1,RRT-Connect,classical,False,,,,,False,,,,,,,,,,name 'n' is not defined
Small Obstacle,non_urban,2,RRT-Connect,classical,False,,,,,False,,,,,,,,,,name 'n' is not defined
Small Obstacle,non_urban,3,RRT-Connect,classical,False,,,,,False,,,,,,,,,,name 'n' is not defined
Small Obstacle,non_urban,4,RRT-Connect,classical,False,,,,,False,,,,,,,,,,name 'n' is not defined
Small Obstacle,non_urban,5,RRT-Connect,classical,False,,,,,False,,,,,,,,,,name 'n' is not defined
Small Obstacle,non_urban,6,RRT-Connect,classical,False,,,,,False,,,,,,,,,,name 'n' is not defined
Small Obstacle,non_urban,7,RRT-Connect,classical,False,,,,,False,,,,,,,,,,name 'n' is not defined
Small Obstacle,non_urban,8,RRT-Connect,classical,False,,,,,False,,,,,,,,,,name 'n' is not defined
Small Obstacle,non_urban,9,RRT-Connect,classical,False,,,,,False,,,,,,,,,,name 'n' is not defined
Small Obstacle,non_urban,10,RRT-Connect,classical,False,,,,,False,,,,,,,,,,name 'n' is not defined
Small Obstacle,non_urban,1,Wave-front,classical,False,9,22,15,3,True,0.252625,21.485281229019165,20.0,0.03926990731415887,2.900446345900088,0.0,19.92485809326172,7.670454545454546,104.054,
Small Obstacle,non_urban,2,Wave-front,classical,False,25,0,15,25,True,0.376844,29.14213538169861,26.0,0.030207621010891438,6.273200299738386,0.0,26.925823211669922,7.670454545454546,34.119,
Small Obstacle,non_urban,3,Wave-front,classical,False,18,8,19,7,True,0.001507,1.4142135381698608,2.0,0.0,1.618033988749895,0.0,1.4142135381698608,7.670454545454546,13.817,
Small Obstacle,non_urban,4,Wave-front,classical,False,30,6,10,4,True,0.233675,20.82842707633972,21.0,0.03739991335770091,5.345201346806259,0.0,20.099750518798828,7.670454545454546,37.943,
Small Obstacle,non_urban,5,Wave-front,classical,False,10,25,5,3,True,0.202557,24.071067690849304,23.0,0.1024432364717188,3.839548498860226,0.0,22.56102752685547,7.670454545454546,36.919,
Small Obstacle,non_urban,6,Wave-front,classical,False,14,23,14,25,True,0.003018,2.0,3.0,0.0,6.08428328525216,0.0,2.0,7.670454545454546,21.049,
Small Obstacle,non_urban,7,Wave-front,classical,False,4,30,12,19,True,0.1253,14.313708305358887,12.0,0.06544984552359812,9.064567432242175,0.0,13.601470947265625,7.670454545454546,128.287,
Small Obstacle,non_urban,8,Wave-front,classical,False,23,2,25,20,True,0.232633,18.82842707633972,19.0,0.04133674454121986,5.016411406316447,0.0,18.11077117919922,7.670454545454546,33.511,
Small Obstacle,non_urban,9,Wave-front,classical,False,25,14,32,0,True,0.081329,16.899494767189026,15.0,0.052359876418878494,8.736787720691515,0.0,15.65247631072998,7.670454545454546,23.753,
Small Obstacle,non_urban,10,Wave-front,classical,False,30,0,29,2,True,0.002775,2.414213538169861,3.0,0.26179938209439246,13.961662541912034,0.0,2.2360680103302,7.670454545454546,15.961,
Small Obstacle,non_urban,1,Dijkstra,classical,False,9,22,15,3,True,0.288916,21.485281229019165,20.0,0.03926990731415887,2.900446345900088,0.0,19.92485809326172,7.670454545454546,406.721,
Small Obstacle,non_urban,2,Dijkstra,classical,False,25,0,15,25,True,0.303584,29.14213538169861,26.0,0.030207621010891438,6.273200299738386,0.0,26.925823211669922,7.670454545454546,327.024,
Small Obstacle,non_urban,3,Dijkstra,classical,False,18,8,19,7,True,0.003018,1.4142135381698608,2.0,0.0,1.618033988749895,0.0,1.4142135381698608,7.670454545454546,20.009,
Small Obstacle,non_urban,4,Dijkstra,classical,False,30,6,10,4,True,0.1921,20.82842707633972,21.0,0.03739991335770091,5.345201346806259,0.0,20.099750518798828,7.670454545454546,214.617,
Small Obstacle,non_urban,5,Dijkstra,classical,False,10,25,5,3,True,0.312164,24.071067690849304,23.0,0.1024432364717188,3.839548498860226,0.0,22.56102752685547,7.670454545454546,338.121,
Small Obstacle,non_urban,6,Dijkstra,classical,False,14,23,14,25,True,0.010753,2.0,3.0,0.0,6.08428328525216,0.0,2.0,7.670454545454546,26.553,
Small Obstacle,non_urban,7,Dijkstra,classical,False,4,30,12,19,True,0.105457,14.313708305358887,12.0,0.06544984552359812,9.064567432242175,0.0,13.601470947265625,7.670454545454546,217.985,
Small Obstacle,non_urban,8,Dijkstra,classical,False,23,2,25,20,True,0.177723,18.82842707633972,19.0,0.04133674454121986,5.016411406316447,0.0,18.11077117919922,7.670454545454546,205.001,
Small Obstacle,non_urban,9,Dijkstra,classical,False,25,14,32,0,True,0.226872,16.899494767189026,15.0,0.052359876418878494,8.736787720691515,0.0,15.65247631072998,7.670454545454546,241.873,
Small Obstacle,non_urban,10,Dijkstra,classical,False,30,0,29,2,True,0.005962,2.414213538169861,3.0,0.26179938209439246,13.961662541912034,0.0,2.2360680103302,7.670454545454546,23.553,
Small Obstacle,non_urban,1,Potential Field,classical,False,9,22,15,3,True,2.419753,30.213203072547913,25.0,0.3455751898411647,1.9080573395005218,0.0,19.92485809326172,7.670454545454546,465.327,
Small Obstacle,non_urban,2,Potential Field,classical,False,25,0,15,25,True,2.441339,37.870057225227356,31.0,0.2786896692267457,3.1586005018217755,0.0,26.925823211669922,7.670454545454546,413.655,
Small Obstacle,non_urban,3,Potential Field,classical,False,18,8,19,7,True,2.395822,1.4142135381698608,2.0,0.0,1.618033988749895,0.0,1.4142135381698608,7.670454545454546,403.279,
Small Obstacle,non_urban,4,Potential Field,classical,False,30,6,10,4,True,2.40222,20.82842707633972,21.0,0.03739991335770091,6.699084041851491,0.0,20.099750518798828,7.670454545454546,450.903,
Small Obstacle,non_urban,5,Potential Field,classical,False,10,25,5,3,True,2.418749,24.071067690849304,23.0,0.03414774549057293,6.652774745150701,0.0,22.56102752685547,7.670454545454546,557.495,
Small Obstacle,non_urban,6,Potential Field,classical,False,14,23,14,25,True,2.428358,2.0,3.0,0.0,6.08428328525216,0.0,2.0,7.670454545454546,430.935,
Small Obstacle,non_urban,7,Potential Field,classical,False,4,30,12,19,True,2.402841,14.313708305358887,12.0,0.06544984552359812,8.218568287688045,0.0,13.601470947265625,7.670454545454546,443.228,
Small Obstacle,non_urban,8,Potential Field,classical,False,23,2,25,20,True,2.402878,18.82842707633972,19.0,0.04133674454121986,6.508771515299801,0.0,18.11077117919922,7.670454545454546,463.624,
Small Obstacle,non_urban,9,Potential Field,classical,False,25,14,32,0,True,2.403644,16.899494767189026,15.0,0.052359876418878494,11.745841293919353,0.0,15.65247631072998,7.670454545454546,495.135,
Small Obstacle,non_urban,10,Potential Field,classical,False,30,0,29,2,True,2.394405,2.414213538169861,3.0,0.26179938209439246,13.708647089752638,0.0,2.2360680103302,7.670454545454546,402.583,
Small Obstacle,non_urban,1,Probabilistic Foam (GBPF),classical,True,9,22,15,3,True,0.016965,29.627416610717773,24.0,0.5235987698935419,3.5636419383079634,0.0,19.92485809326172,7.670454545454546,85.191,
Small Obstacle,non_urban,2,Probabilistic Foam (GBPF),classical,True,25,0,15,25,True,0.040729,53.14213538169861,50.0,0.34557519189487734,5.998470582746824,0.0,26.925823211669922,7.670454545454546,77.637,
Small Obstacle,non_urban,3,Probabilistic Foam (GBPF),classical,True,18,8,19,7,True,0.001386,2.0,3.0,0.5235987755982988,1.5500938466242948,0.0,1.4142135381698608,7.670454545454546,14.485,
Small Obstacle,non_urban,4,Probabilistic Foam (GBPF),classical,True,30,6,10,4,True,0.009921,21.656854152679443,21.0,0.2991993068616073,6.8349756823135195,0.0,20.099750518798828,7.670454545454546,29.445,
Small Obstacle,non_urban,5,Probabilistic Foam (GBPF),classical,True,10,25,5,3,True,0.019175,24.899494767189026,23.0,0.1024432364717188,6.6922342744274195,0.0,22.56102752685547,7.670454545454546,41.029,
Small Obstacle,non_urban,6,Probabilistic Foam (GBPF),classical,True,14,23,14,25,True,0.001999,10.828427076339722,11.0,0.5711986705124246,6.781837775521671,0.0,2.0,7.670454545454546,17.661,
Small Obstacle,non_urban,7,Probabilistic Foam (GBPF),classical,True,4,30,12,19,True,0.005954,28.313708305358887,26.0,0.3322838350692529,9.988903479516162,0.0,13.601470947265625,7.670454545454546,25.165,
Small Obstacle,non_urban,8,Probabilistic Foam (GBPF),classical,True,23,2,25,20,True,0.013779,19.41421353816986,20.0,0.07853981633974483,5.044199453130002,0.0,18.11077117919922,7.670454545454546,52.301,
Small Obstacle,non_urban,9,Probabilistic Foam (GBPF),classical,True,25,14,32,0,True,0.007978,16.899494767189026,15.0,0.26179938209439246,9.286424472465745,0.0,15.65247631072998,7.670454545454546,38.871,
Small Obstacle,non_urban,10,Probabilistic Foam (GBPF),classical,True,30,0,29,2,True,0.010311,2.414213538169861,3.0,0.26179938209439246,13.961662541912034,0.0,2.2360680103302,7.670454545454546,29.611,
Small Obstacle,non_urban,1,Probabilistic Foam (PFM),classical,True,9,22,15,3,True,0.145134,39.14213538169861,36.0,0.3708824646226059,7.534231712507482,0.0,19.92485809326172,7.670454545454546,125.182,
Small Obstacle,non_urban,2,Probabilistic Foam (PFM),classical,True,25,0,15,25,True,0.078397,41.97056245803833,38.0,0.5373776889441205,9.54894901757898,0.0,26.925823211669922,7.670454545454546,36.563,
Small Obstacle,non_urban,3,Probabilistic Foam (PFM),classical,True,18,8,19,7,True,0.001021,2.0,3.0,0.5235987755982988,1.5500938466242948,0.0,1.4142135381698608,7.670454545454546,14.377,
Small Obstacle,non_urban,4,Probabilistic Foam (PFM),classical,True,30,6,10,4,True,0.026881,22.485281229019165,21.0,0.44879896029241095,7.1633790008688765,0.0,20.099750518798828,7.670454545454546,24.521,
Small Obstacle,non_urban,5,Probabilistic Foam (PFM),classical,True,10,25,5,3,True,0.085075,30.55634891986847,27.0,0.4363323072938254,8.629447850724722,0.0,22.56102752685547,7.670454545454546,38.105,
Small Obstacle,non_urban,6,Probabilistic Foam (PFM),classical,True,14,23,14,25,True,0.003014,8.828427076339722,9.0,0.3490658427925233,7.807723845436352,0.0,2.0,7.670454545454546,19.753,
Small Obstacle,non_urban,7,Probabilistic Foam (PFM),classical,True,4,30,12,19,False,0.308365,0.0,1.0,0.0,15.264337522473747,13.601470947265625,13.601470947265625,7.670454545454546,44.441,
Small Obstacle,non_urban,8,Probabilistic Foam (PFM),classical,True,23,2,25,20,True,0.03201,21.899494767189026,20.0,0.39269907656444286,7.825054840412699,0.0,18.11077117919922,7.670454545454546,67.057,
Small Obstacle,non_urban,9,Probabilistic Foam (PFM),classical,True,25,14,32,0,True,0.018959,19.242640614509583,19.0,0.3306939617342655,11.04493856611953,0.0,15.65247631072998,7.670454545454546,56.105,
Small Obstacle,non_urban,10,Probabilistic Foam (PFM),classical,True,30,0,29,2,False,0.262273,0.0,1.0,0.0,14.866068747318506,2.2360680103302,2.2360680103302,7.670454545454546,68.265,
Small Obstacle,non_urban,1,Probabilistic Foam (RBPF),classical,True,9,22,15,3,True,0.203344,44.55634891986847,41.0,0.3831210536461436,8.68755315824676,0.0,19.92485809326172,7.670454545454546,128.254,
Small Obstacle,non_urban,2,Probabilistic Foam (RBPF),classical,True,25,0,15,25,True,0.084438,45.14213538169861,42.0,0.2991992946371281,9.485915560699741,0.0,26.925823211669922,7.670454545454546,40.718,
Small Obstacle,non_urban,3,Probabilistic Foam (RBPF),classical,True,18,8,19,7,True,0.000985,2.0,3.0,0.5235987755982988,1.74535599249993,0.0,1.4142135381698608,7.670454545454546,14.828,
Small Obstacle,non_urban,4,Probabilistic Foam (RBPF),classical,True,30,6,10,4,True,0.024862,24.14213538169861,21.0,0.6731984404386167,7.352509628627557,0.0,20.099750518798828,7.670454545454546,24.636,
Small Obstacle,non_urban,5,Probabilistic Foam (RBPF),classical,True,10,25,5,3,True,0.06466,25.727921843528748,23.0,0.2048864729434376,6.967122931373781,0.0,22.56102752685547,7.670454545454546,33.62,
Small Obstacle,non_urban,6,Probabilistic Foam (RBPF),classical,True,14,23,14,25,True,0.002651,9.656854152679443,9.0,0.6108652248869157,7.706456735001644,0.0,2.0,7.670454545454546,17.02,
Small Obstacle,non_urban,7,Probabilistic Foam (RBPF),classical,True,4,30,12,19,False,0.285657,0.0,1.0,0.0,15.264337522473747,13.601470947265625,13.601470947265625,7.670454545454546,35.796,
Small Obstacle,non_urban,8,Probabilistic Foam (RBPF),classical,True,23,2,25,20,True,0.031614,24.14213538169861,21.0,0.4487989472529665,9.036209334351796,0.0,18.11077117919922,7.670454545454546,66.708,
Small Obstacle,non_urban,9,Probabilistic Foam (RBPF),classical,True,25,14,32,0,True,0.072779,25.97056245803833,22.0,0.5354987438813805,9.508523635793985,0.0,15.65247631072998,7.670454545454546,95.364,
Small Obstacle,non_urban,10,Probabilistic Foam (RBPF),classical,True,30,0,29,2,False,0.324653,0.0,1.0,0.0,14.866068747318506,2.2360680103302,2.2360680103302,7.670454545454546,42.506,
Small Obstacle,non_urban,1,Probabilistic Foam (HPF),classical,True,9,22,15,3,True,0.05517,25.14213538169861,22.0,0.46409891084524885,3.101355231888265,0.0,19.92485809326172,7.670454545454546,117.718,
Small Obstacle,non_urban,2,Probabilistic Foam (HPF),classical,True,25,0,15,25,True,0.062579,49.62741661071777,44.0,0.4819488671594785,11.228865908526911,0.0,26.925823211669922,7.670454545454546,39.905,
Small Obstacle,non_urban,3,Probabilistic Foam (HPF),classical,True,18,8,19,7,True,0.001896,1.4142135381698608,2.0,0.0,1.618033988749895,0.0,1.4142135381698608,7.670454545454546,15.089,
Small Obstacle,non_urban,4,Probabilistic Foam (HPF),classical,True,30,6,10,4,True,0.029832,22.485281229019165,21.0,0.44879896029241095,7.338003490244492,0.0,20.099750518798828,7.670454545454546,27.073,
Small Obstacle,non_urban,5,Probabilistic Foam (HPF),classical,True,10,25,5,3,True,0.042847,35.97056245803833,32.0,0.6135923135497937,8.580070416162393,0.0,22.56102752685547,7.670454545454546,33.281,
Small Obstacle,non_urban,6,Probabilistic Foam (HPF),classical,True,14,23,14,25,True,0.002099,8.828427076339722,9.0,0.3490658427925233,7.70957504621339,0.0,2.0,7.670454545454546,17.017,
Small Obstacle,non_urban,7,Probabilistic Foam (HPF),classical,True,4,30,12,19,False,0.292271,0.0,1.0,0.0,15.264337522473747,13.601470947265625,13.601470947265625,7.670454545454546,43.211,
Small Obstacle,non_urban,8,Probabilistic Foam (HPF),classical,True,23,2,25,20,True,0.039934,25.313708305358887,23.0,0.5122161883113839,5.46958704569835,0.0,18.11077117919922,7.670454545454546,81.457,
Small Obstacle,non_urban,9,Probabilistic Foam (HPF),classical,True,25,14,32,0,True,0.020453,19.242640614509583,19.0,0.3306939617342655,11.04493856611953,0.0,15.65247631072998,7.670454545454546,58.481,
Small Obstacle,non_urban,10,Probabilistic Foam (HPF),classical,True,30,0,29,2,False,0.244144,0.0,1.0,0.0,14.866068747318506,2.2360680103302,2.2360680103302,7.670454545454546,59.289,
Occupancy Grid 2D,non_urban,1,A*,classical,False,1.0,3.0,1.0,0.0,True,0.00452,3.0,4.0,0.0,4.616791332419261,0.0,3.0,0.5291005291005291,59.665,
Occupancy Grid 2D,non_urban,2,A*,classical,False,1.0,9.0,1.0,8.0,True,0.002094,1.0,2.0,0.0,1.8251407699364424,0.0,1.0,0.5291005291005291,15.036,
Occupancy Grid 2D,non_urban,3,A*,classical,False,0.0,8.0,0.0,4.0,True,0.00569,4.828427076339722,5.0,0.314159258513271,1.282842712474619,0.0,4.0,0.5291005291005291,23.676,
Occupancy Grid 2D,non_urban,4,A*,classical,False,0.0,3.0,1.0,2.0,True,0.001999,1.4142135381698608,2.0,0.0,3.5615528128088303,0.0,1.4142135381698608,0.5291005291005291,14.924,
Occupancy Grid 2D,non_urban,5,A*,classical,False,1.0,15.0,0.0,1.0,True,0.014479,14.41421353816986,15.0,0.10471975283775699,2.1126409001552338,0.0,14.03566837310791,0.5291005291005291,46.844,
Occupancy Grid 2D,non_urban,6,A*,classical,False,1.0,0.0,1.0,2.0,True,0.002117,2.0,3.0,0.0,5.101629223169556,0.0,2.0,0.5291005291005291,16.628,
Occupancy Grid 2D,non_urban,7,A*,classical,False,1.0,7.0,0.0,8.0,True,0.002067,1.4142135381698608,2.0,0.0,1.0,0.0,1.4142135381698608,0.5291005291005291,13.276,
Occupancy Grid 2D,non_urban,8,A*,classical,False,1.0,0.0,1.0,6.0,True,0.006158,6.0,7.0,0.0,3.3024924099357045,0.0,6.0,0.5291005291005291,32.212,
Occupancy Grid 2D,non_urban,9,A*,classical,False,0.0,15.0,0.0,8.0,True,0.011066,7.828427076339722,8.0,0.2945243048561915,1.6330618877807477,0.0,7.0,0.5291005291005291,33.956,
Occupancy Grid 2D,non_urban,10,A*,classical,False,,,,,False,,,,,,,,,,index 18 is out of bounds for axis 1 with size 18
Occupancy Grid 2D,non_urban,1,SPRM,classical,False,1,3,1,0,True,0.002012,3.0,4.0,0.0,4.616791332419261,0.0,3.0,0.5291005291005291,48.203,
Occupancy Grid 2D,non_urban,2,SPRM,classical,False,1,9,1,8,True,0.007,1.0,2.0,0.0,1.8251407699364424,0.0,1.0,0.5291005291005291,10.334,
Occupancy Grid 2D,non_urban,3,SPRM,classical,False,0,8,0,4,True,0.14463,4.828427076339722,5.0,0.4712388877699064,1.2,0.0,4.0,0.5291005291005291,433.013,
Occupancy Grid 2D,non_urban,4,SPRM,classical,False,0,3,1,2,True,0.008258,1.4142135381698608,2.0,0.0,3.5615528128088303,0.0,1.4142135381698608,0.5291005291005291,10.334,
Occupancy Grid 2D,non_urban,5,SPRM,classical,False,1,15,0,1,True,0.292614,14.41421353816986,15.0,0.10471975283775699,2.0860845243106896,0.0,14.03566837310791,0.5291005291005291,705.973,
Occupancy Grid 2D,non_urban,6,SPRM,classical,False,1,0,1,2,True,0.008077,2.0,3.0,0.0,5.101629223169556,0.0,2.0,0.5291005291005291,10.83,
Occupancy Grid 2D,non_urban,7,SPRM,classical,False,1,7,0,8,True,0.010209,1.4142135381698608,2.0,0.0,1.0,0.0,1.4142135381698608,0.5291005291005291,10.262,
Occupancy Grid 2D,non_urban,8,SPRM,classical,False,1,0,1,6,True,0.001758,6.0,7.0,0.0,3.3024924099357045,0.0,6.0,0.5291005291005291,12.702,
Occupancy Grid 2D,non_urban,9,SPRM,classical,False,0,15,0,8,True,0.151138,7.828427076339722,8.0,0.3926990731415887,1.551776695296637,0.0,7.0,0.5291005291005291,450.982,
Occupancy Grid 2D,non_urban,10,SPRM,classical,False,0,16,1,9,True,0.005076,7.414213538169861,8.0,0.19634953657079435,1.9562851924841107,0.0,7.071067810058594,0.5291005291005291,13.342,
Occupancy Grid 2D,non_urban,1,RT,classical,False,1,3,1,0,True,0.048032,3.8284270763397217,4.0,0.3926990731415887,4.56126004761665,0.0,3.0,0.5291005291005291,85.243,
Occupancy Grid 2D,non_urban,2,RT,classical,False,1,9,1,8,True,0.149913,17.0,18.0,0.0,1.8265119016773417,0.0,1.0,0.5291005291005291,91.231,
Occupancy Grid 2D,non_urban,3,RT,classical,False,0,8,0,4,True,0.100941,32.82842707633972,33.0,0.0951997753070518,2.07794634394088,0.0,4.0,0.5291005291005291,48.59,
Occupancy Grid 2D,non_urban,4,RT,classical,False,0,3,1,2,True,0.01686,1.4142135381698608,2.0,0.0,3.5615528128088303,0.0,1.4142135381698608,0.5291005291005291,10.55,
Occupancy Grid 2D,non_urban,5,RT,classical,False,1,15,0,1,True,0.086159,16.41421353816986,17.0,0.046199890957833965,2.529088304225716,0.0,14.03566837310791,0.5291005291005291,43.441,
Occupancy Grid 2D,non_urban,6,RT,classical,False,1,0,1,2,True,0.351305,17.656854152679443,17.0,0.2771993457470038,2.732265226060892,0.0,2.0,0.5291005291005291,99.94,
Occupancy Grid 2D,non_urban,7,RT,classical,False,1,7,0,8,True,0.069894,23.41421353816986,24.0,0.06544984552359812,1.5927888620966362,0.0,1.4142135381698608,0.5291005291005291,47.958,
Occupancy Grid 2D,non_urban,8,RT,classical,False,1,0,1,6,True,0.098809,14.0,15.0,0.0,2.322148234111253,0.0,6.0,0.5291005291005291,126.79,
Occupancy Grid 2D,non_urban,9,RT,classical,False,0,15,0,8,True,0.186091,20.656854152679443,20.0,0.27488935119911206,1.7239354332309538,0.0,7.0,0.5291005291005291,105.196,
Occupancy Grid 2D,non_urban,10,RT,classical,False,0,16,1,9,True,0.021087,7.414213538169861,8.0,0.19634953657079435,1.9562851924841107,0.0,7.071067810058594,0.5291005291005291,24.886,
Occupancy Grid 2D,non_urban,1,RRT,classical,False,1,3,1,0,True,0.005856,3.0,4.0,0.0,4.616791332419261,0.0,3.0,0.5291005291005291,53.107,
Occupancy Grid 2D,non_urban,2,RRT,classical,False,1,9,1,8,True,0.007552,1.0,2.0,0.0,1.8251407699364424,0.0,1.0,0.5291005291005291,15.87,
Occupancy Grid 2D,non_urban,3,RRT,classical,False,0,8,0,4,True,0.090166,8.828427076339722,9.0,0.26179938209439246,2.0460237291525663,0.0,4.0,0.5291005291005291,66.748,
Occupancy Grid 2D,non_urban,4,RRT,classical,False,0,3,1,2,True,0.065439,3.414213538169861,4.0,0.3926990731415887,4.055531284802611,0.0,1.4142135381698608,0.5291005291005291,36.089,
Occupancy Grid 2D,non_urban,5,RRT,classical,False,1,15,0,1,True,0.056284,15.242640614509583,15.0,0.314159258513271,2.096903034988581,0.0,14.03566837310791,0.5291005291005291,32.07,
Occupancy Grid 2D,non_urban,6,RRT,classical,False,1,0,1,2,True,0.054425,2.0,3.0,0.0,5.101629223169556,0.0,2.0,0.5291005291005291,29.443,
Occupancy Grid 2D,non_urban,7,RRT,classical,False,1,7,0,8,True,0.197711,2.0,3.0,0.5235987755982988,1.1380711874576983,0.0,1.4142135381698608,0.5291005291005291,43.944,
Occupancy Grid 2D,non_urban,8,RRT,classical,False,1,0,1,6,True,0.12311,6.0,7.0,0.0,3.3024924099357045,0.0,6.0,0.5291005291005291,139.454,
Occupancy Grid 2D,non_urban,9,RRT,classical,False,0,15,0,8,True,0.054683,8.41421353816986,9.0,0.5235987717951276,1.536491902749577,0.0,7.0,0.5291005291005291,56.11,
Occupancy Grid 2D,non_urban,10,RRT,classical,False,0,16,1,9,True,0.090337,20.0,21.0,0.14959965017094254,1.7424681402098148,0.0,7.071067810058594,0.5291005291005291,58.942,
Occupancy Grid 2D,non_urban,1,RRT*,classical,False,1,3,1,0,True,0.047534,3.0,4.0,0.0,4.616791332419261,0.0,3.0,0.5291005291005291,81.838,
Occupancy Grid 2D,non_urban,2,RRT*,classical,False,1,9,1,8,True,0.114359,1.0,2.0,0.0,1.8251407699364424,0.0,1.0,0.5291005291005291,65.042,
Occupancy Grid 2D,non_urban,3,RRT*,classical,False,0,8,0,4,True,0.087697,9.41421353816986,10.0,0.31415926193612514,2.034987838803202,0.0,4.0,0.5291005291005291,30.747,
Occupancy Grid 2D,non_urban,4,RRT*,classical,False,0,3,1,2,True,0.011448,1.4142135381698608,2.0,0.0,3.5615528128088303,0.0,1.4142135381698608,0.5291005291005291,14.825,
Occupancy Grid 2D,non_urban,5,RRT*,classical,False,1,15,0,1,True,0.033019,14.41421353816986,15.0,0.10471975283775699,2.0860845243106896,0.0,14.03566837310791,0.5291005291005291,22.286,
Occupancy Grid 2D,non_urban,6,RRT*,classical,False,1,0,1,2,True,0.187693,2.0,3.0,0.0,5.101629223169556,0.0,2.0,0.5291005291005291,36.048,
Occupancy Grid 2D,non_urban,7,RRT*,classical,False,1,7,0,8,True,0.600432,1.4142135381698608,2.0,0.0,1.0,0.0,1.4142135381698608,0.5291005291005291,48.078,
Occupancy Grid 2D,non_urban,8,RRT*,classical,False,1,0,1,6,True,0.047064,6.0,7.0,0.0,3.3024924099357045,0.0,6.0,0.5291005291005291,71.422,
Occupancy Grid 2D,non_urban,9,RRT*,classical,False,0,15,0,8,True,0.388191,7.828427076339722,8.0,0.3926990731415887,1.551776695296637,0.0,7.0,0.5291005291005291,114.414,
Occupancy Grid 2D,non_urban,10,RRT*,classical,False,0,16,1,9,True,0.503558,7.414213538169861,8.0,0.19634953657079435,1.9562851924841107,0.0,7.071067810058594,0.5291005291005291,53.285,
Occupancy Grid 2D,non_urban,1,RRT-Connect,classical,False,,,,,False,,,,,,,,,,name 'n' is not defined
Occupancy Grid 2D,non_urban,2,RRT-Connect,classical,False,,,,,False,,,,,,,,,,name 'n' is not defined
Occupancy Grid 2D,non_urban,3,RRT-Connect,classical,False,,,,,False,,,,,,,,,,name 'n' is not defined
Occupancy Grid 2D,non_urban,4,RRT-Connect,classical,False,,,,,False,,,,,,,,,,name 'n' is not defined
Occupancy Grid 2D,non_urban,5,RRT-Connect,classical,False,,,,,False,,,,,,,,,,name 'n' is not defined
Occupancy Grid 2D,non_urban,6,RRT-Connect,classical,False,,,,,False,,,,,,,,,,name 'n' is not defined
Occupancy Grid 2D,non_urban,7,RRT-Connect,classical,False,,,,,False,,,,,,,,,,name 'n' is not defined
Occupancy Grid 2D,non_urban,8,RRT-Connect,classical,False,,,,,False,,,,,,,,,,name 'n' is not defined
Occupancy Grid 2D,non_urban,9,RRT-Connect,classical,False,,,,,False,,,,,,,,,,name 'n' is not defined
Occupancy Grid 2D,non_urban,10,RRT-Connect,classical,False,,,,,False,,,,,,,,,,name 'n' is not defined
Occupancy Grid 2D,non_urban,1,Wave-front,classical,False,1,3,1,0,True,0.004276,3.0,4.0,0.0,4.616791332419261,0.0,3.0,0.5291005291005291,52.81,
Occupancy Grid 2D,non_urban,2,Wave-front,classical,False,1,9,1,8,True,0.00115,1.0,2.0,0.0,1.8251407699364424,0.0,1.0,0.5291005291005291,12.725,
Occupancy Grid 2D,non_urban,3,Wave-front,classical,False,0,8,0,4,True,0.009631,4.828427076339722,5.0,0.314159258513271,1.282842712474619,0.0,4.0,0.5291005291005291,25.381,
Occupancy Grid 2D,non_urban,4,Wave-front,classical,False,0,3,1,2,True,0.00151,1.4142135381698608,2.0,0.0,3.5615528128088303,0.0,1.4142135381698608,0.5291005291005291,12.957,
Occupancy Grid 2D,non_urban,5,Wave-front,classical,False,1,15,0,1,True,0.020024,14.41421353816986,15.0,0.052359876418878494,2.120847941863078,0.0,14.03566837310791,0.5291005291005291,46.309,
Occupancy Grid 2D,non_urban,6,Wave-front,classical,False,1,0,1,2,True,0.002439,2.0,3.0,0.0,5.101629223169556,0.0,2.0,0.5291005291005291,15.981,
Occupancy Grid 2D,non_urban,7,Wave-front,classical,False,1,7,0,8,True,0.001002,1.4142135381698608,2.0,0.0,1.0,0.0,1.4142135381698608,0.5291005291005291,13.693,
Occupancy Grid 2D,non_urban,8,Wave-front,classical,False,1,0,1,6,True,0.012881,6.0,7.0,0.0,3.3024924099357045,0.0,6.0,0.5291005291005291,30.237,
Occupancy Grid 2D,non_urban,9,Wave-front,classical,False,0,15,0,8,True,0.013164,7.828427076339722,8.0,0.2945243048561915,1.5812851924841107,0.0,7.0,0.5291005291005291,32.493,
Occupancy Grid 2D,non_urban,10,Wave-front,classical,False,0,16,1,9,True,0.012932,7.414213538169861,8.0,0.19634953657079435,1.9562851924841107,0.0,7.071067810058594,0.5291005291005291,33.309,
Occupancy Grid 2D,non_urban,1,Dijkstra,classical,False,1.0,3.0,1.0,0.0,True,0.010266,3.0,4.0,0.0,4.616791332419261,0.0,3.0,0.5291005291005291,66.314,
Occupancy Grid 2D,non_urban,2,Dijkstra,classical,False,1.0,9.0,1.0,8.0,True,0.002508,1.0,2.0,0.0,1.8251407699364424,0.0,1.0,0.5291005291005291,14.869,
Occupancy Grid 2D,non_urban,3,Dijkstra,classical,False,0.0,8.0,0.0,4.0,True,0.010999,4.828427076339722,5.0,0.314159258513271,1.282842712474619,0.0,4.0,0.5291005291005291,29.077,
Occupancy Grid 2D,non_urban,4,Dijkstra,classical,False,0.0,3.0,1.0,2.0,True,0.00687,1.4142135381698608,2.0,0.0,3.5615528128088303,0.0,1.4142135381698608,0.5291005291005291,16.253,
Occupancy Grid 2D,non_urban,5,Dijkstra,classical,False,,,,,False,,,,,,,,,,index 18 is out of bounds for axis 1 with size 18
Occupancy Grid 2D,non_urban,6,Dijkstra,classical,False,1.0,0.0,1.0,2.0,True,0.004473,2.0,3.0,0.0,5.101629223169556,0.0,2.0,0.5291005291005291,724.783,
Occupancy Grid 2D,non_urban,7,Dijkstra,classical,False,1.0,7.0,0.0,8.0,True,0.003296,1.4142135381698608,2.0,0.0,1.0,0.0,1.4142135381698608,0.5291005291005291,16.141,
Occupancy Grid 2D,non_urban,8,Dijkstra,classical,False,1.0,0.0,1.0,6.0,True,0.010051,6.0,7.0,0.0,3.3024924099357045,0.0,6.0,0.5291005291005291,36.461,
Occupancy Grid 2D,non_urban,9,Dijkstra,classical,False,,,,,False,,,,,,,,,,index 18 is out of bounds for axis 1 with size 18
Occupancy Grid 2D,non_urban,10,Dijkstra,classical,False,,,,,False,,,,,,,,,,index 18 is out of bounds for axis 1 with size 18
Occupancy Grid 2D,non_urban,1,Potential Field,classical,False,1,3,1,0,True,0.205204,3.0,4.0,0.0,4.616791332419261,0.0,3.0,0.5291005291005291,390.25,
Occupancy Grid 2D,non_urban,2,Potential Field,classical,False,1,9,1,8,True,0.214039,1.0,2.0,0.0,1.8251407699364424,0.0,1.0,0.5291005291005291,316.818,
Occupancy Grid 2D,non_urban,3,Potential Field,classical,False,0,8,0,4,True,0.216244,4.828427076339722,5.0,0.4712388877699064,1.2,0.0,4.0,0.5291005291005291,323.687,
Occupancy Grid 2D,non_urban,4,Potential Field,classical,False,0,3,1,2,True,0.190922,1.4142135381698608,2.0,0.0,3.5615528128088303,0.0,1.4142135381698608,0.5291005291005291,329.631,
Occupancy Grid 2D,non_urban,5,Potential Field,classical,False,1,15,0,1,True,0.223784,16.071067690849304,15.0,0.4712388877699064,1.9441518440112253,0.0,14.03566837310791,0.5291005291005291,344.679,
Occupancy Grid 2D,non_urban,6,Potential Field,classical,False,1,0,1,2,True,0.196886,2.0,3.0,0.0,5.101629223169556,0.0,2.0,0.5291005291005291,437.031,
Occupancy Grid 2D,non_urban,7,Potential Field,classical,False,1,7,0,8,True,0.211374,1.4142135381698608,2.0,0.0,1.0,0.0,1.4142135381698608,0.5291005291005291,350.751,
Occupancy Grid 2D,non_urban,8,Potential Field,classical,False,1,0,1,6,True,0.215806,6.0,7.0,0.0,3.3024924099357045,0.0,6.0,0.5291005291005291,359.735,
Occupancy Grid 2D,non_urban,9,Potential Field,classical,False,0,15,0,8,True,0.20511,7.828427076339722,8.0,0.3926990731415887,1.5,0.0,7.0,0.5291005291005291,367.047,
Occupancy Grid 2D,non_urban,10,Potential Field,classical,False,0,16,1,9,True,0.214373,7.414213538169861,8.0,0.09817476828539717,2.0578550924892687,0.0,7.071067810058594,0.5291005291005291,374.535,
Occupancy Grid 2D,non_urban,1,Probabilistic Foam (GBPF),classical,True,1,3,1,0,True,0.002998,3.0,4.0,0.0,4.616791332419261,0.0,3.0,0.5291005291005291,52.163,
Occupancy Grid 2D,non_urban,2,Probabilistic Foam (GBPF),classical,True,1,9,1,8,True,0.001028,3.0,4.0,0.0,1.516123775561495,0.0,1.0,0.5291005291005291,13.649,
Occupancy Grid 2D,non_urban,3,Probabilistic Foam (GBPF),classical,True,0,8,0,4,True,0.005881,4.828427076339722,5.0,0.4712388877699064,1.2,0.0,4.0,0.5291005291005291,19.313,
Occupancy Grid 2D,non_urban,4,Probabilistic Foam (GBPF),classical,True,0,3,1,2,True,0.002,5.414213538169861,6.0,0.26179938209439246,4.567317863850242,0.0,1.4142135381698608,0.5291005291005291,15.489,
Occupancy Grid 2D,non_urban,5,Probabilistic Foam (GBPF),classical,True,1,15,0,1,True,0.190198,15.828427076339722,16.0,0.3926990774201564,2.054815893892953,0.0,14.03566837310791,0.5291005291005291,80.84,
Occupancy Grid 2D,non_urban,6,Probabilistic Foam (GBPF),classical,True,1,0,1,2,True,0.003,2.0,3.0,0.0,5.101629223169556,0.0,2.0,0.5291005291005291,11.985,
Occupancy Grid 2D,non_urban,7,Probabilistic Foam (GBPF),classical,True,1,7,0,8,True,0.004322,2.0,3.0,0.5235987755982988,1.1380711874576983,0.0,1.4142135381698608,0.5291005291005291,13.305,
Occupancy Grid 2D,non_urban,8,Probabilistic Foam (GBPF),classical,True,1,0,1,6,True,0.006333,6.0,7.0,0.0,3.3024924099357045,0.0,6.0,0.5291005291005291,22.321,
Occupancy Grid 2D,non_urban,9,Probabilistic Foam (GBPF),classical,True,0,15,0,8,True,0.014249,7.828427076339722,8.0,0.3926990731415887,1.551776695296637,0.0,7.0,0.5291005291005291,29.373,
Occupancy Grid 2D,non_urban,10,Probabilistic Foam (GBPF),classical,True,0,16,1,9,True,0.002011,7.414213538169861,8.0,0.19634953657079435,1.9562851924841107,0.0,7.071067810058594,0.5291005291005291,18.441,
Occupancy Grid 2D,non_urban,1,Probabilistic Foam (PFM),classical,True,1,3,1,0,True,0.001517,4.414213538169861,5.0,0.6283185238722503,4.873629163216852,0.0,3.0,0.5291005291005291,50.13,
Occupancy Grid 2D,non_urban,2,Probabilistic Foam (PFM),classical,True,1,9,1,8,False,0.003789,0.0,1.0,0.0,2.23606797749979,1.0,1.0,0.5291005291005291,12.037,
Occupancy Grid 2D,non_urban,3,Probabilistic Foam (PFM),classical,True,0,8,0,4,True,0.014398,4.828427076339722,5.0,0.314159258513271,1.282842712474619,0.0,4.0,0.5291005291005291,28.645,
Occupancy Grid 2D,non_urban,4,Probabilistic Foam (PFM),classical,True,0,3,1,2,True,0.003014,5.414213538169861,6.0,0.13089969104719623,4.52051760426961,0.0,1.4142135381698608,0.5291005291005291,17.189,
Occupancy Grid 2D,non_urban,5,Probabilistic Foam (PFM),classical,True,1,15,0,1,False,0.00576,0.0,1.0,0.0,3.1622776601683795,14.03566837310791,14.03566837310791,0.5291005291005291,13.189,
Occupancy Grid 2D,non_urban,6,Probabilistic Foam (PFM),classical,True,1,0,1,2,False,0.009002,0.0,1.0,0.0,6.082762530298219,2.0,2.0,0.5291005291005291,16.405,
Occupancy Grid 2D,non_urban,7,Probabilistic Foam (PFM),classical,True,1,7,0,8,True,0.001447,2.0,3.0,0.5235987755982988,1.1380711874576983,0.0,1.4142135381698608,0.5291005291005291,13.453,
Occupancy Grid 2D,non_urban,8,Probabilistic Foam (PFM),classical,True,1,0,1,6,False,0.009456,0.0,1.0,0.0,6.082762530298219,6.0,6.0,0.5291005291005291,23.125,
Occupancy Grid 2D,non_urban,9,Probabilistic Foam (PFM),classical,True,0,15,0,8,True,0.012349,7.828427076339722,8.0,0.3926990731415887,1.603553390593274,0.0,7.0,0.5291005291005291,30.925,
Occupancy Grid 2D,non_urban,10,Probabilistic Foam (PFM),classical,True,0,16,1,9,True,0.012012,7.414213538169861,8.0,0.19634953657079435,2.0080618877807477,0.0,7.071067810058594,0.5291005291005291,30.637,
Occupancy Grid 2D,non_urban,1,Probabilistic Foam (RBPF),classical,True,1,3,1,0,True,0.004507,4.414213538169861,5.0,0.6283185238722503,4.873629163216852,0.0,3.0,0.5291005291005291,52.745,
Occupancy Grid 2D,non_urban,2,Probabilistic Foam (RBPF),classical,True,1,9,1,8,False,0.003092,0.0,1.0,0.0,2.23606797749979,1.0,1.0,0.5291005291005291,11.935,
Occupancy Grid 2D,non_urban,3,Probabilistic Foam (RBPF),classical,True,0,8,0,4,True,0.01193,4.828427076339722,5.0,0.314159258513271,1.282842712474619,0.0,4.0,0.5291005291005291,25.823,
Occupancy Grid 2D,non_urban,4,Probabilistic Foam (RBPF),classical,True,0,3,1,2,True,0.001999,5.414213538169861,6.0,0.13089969104719623,4.52051760426961,0.0,1.4142135381698608,0.5291005291005291,15.343,
Occupancy Grid 2D,non_urban,5,Probabilistic Foam (RBPF),classical,True,1,15,0,1,False,0.005631,0.0,1.0,0.0,3.1622776601683795,14.03566837310791,14.03566837310791,0.5291005291005291,13.327,
Occupancy Grid 2D,non_urban,6,Probabilistic Foam (RBPF),classical,True,1,0,1,2,False,0.009602,0.0,1.0,0.0,6.082762530298219,2.0,2.0,0.5291005291005291,16.351,
Occupancy Grid 2D,non_urban,7,Probabilistic Foam (RBPF),classical,True,1,7,0,8,True,0.003509,2.0,3.0,0.5235987755982988,1.1380711874576983,0.0,1.4142135381698608,0.5291005291005291,15.799,
Occupancy Grid 2D,non_urban,8,Probabilistic Foam (RBPF),classical,True,1,0,1,6,False,0.018348,0.0,1.0,0.0,6.082762530298219,6.0,6.0,0.5291005291005291,23.839,
Occupancy Grid 2D,non_urban,9,Probabilistic Foam (RBPF),classical,True,0,15,0,8,True,0.01671,7.828427076339722,8.0,0.3926990731415887,1.603553390593274,0.0,7.0,0.5291005291005291,31.351,
Occupancy Grid 2D,non_urban,10,Probabilistic Foam (RBPF),classical,True,0,16,1,9,True,0.011173,7.414213538169861,8.0,0.19634953657079435,2.0080618877807477,0.0,7.071067810058594,0.5291005291005291,30.583,
Occupancy Grid 2D,non_urban,1,Probabilistic Foam (HPF),classical,True,1,3,1,0,True,0.001001,4.414213538169861,5.0,0.6283185238722503,4.873629163216852,0.0,3.0,0.5291005291005291,49.53,
Occupancy Grid 2D,non_urban,2,Probabilistic Foam (HPF),classical,True,1,9,1,8,False,0.004457,0.0,1.0,0.0,2.23606797749979,1.0,1.0,0.5291005291005291,12.045,
Occupancy Grid 2D,non_urban,3,Probabilistic Foam (HPF),classical,True,0,8,0,4,True,0.008312,4.828427076339722,5.0,0.314159258513271,1.282842712474619,0.0,4.0,0.5291005291005291,21.605,
Occupancy Grid 2D,non_urban,4,Probabilistic Foam (HPF),classical,True,0,3,1,2,True,0.006324,5.414213538169861,6.0,0.13089969104719623,4.52051760426961,0.0,1.4142135381698608,0.5291005291005291,19.517,
Occupancy Grid 2D,non_urban,5,Probabilistic Foam (HPF),classical,True,1,15,0,1,False,0.004446,0.0,1.0,0.0,3.1622776601683795,14.03566837310791,14.03566837310791,0.5291005291005291,12.957,
Occupancy Grid 2D,non_urban,6,Probabilistic Foam (HPF),classical,True,1,0,1,2,False,0.008914,0.0,1.0,0.0,6.082762530298219,2.0,2.0,0.5291005291005291,15.981,
Occupancy Grid 2D,non_urban,7,Probabilistic Foam (HPF),classical,True,1,7,0,8,True,0.002014,2.0,3.0,0.5235987755982988,1.1380711874576983,0.0,1.4142135381698608,0.5291005291005291,15.525,
Occupancy Grid 2D,non_urban,8,Probabilistic Foam (HPF),classical,True,1,0,1,6,False,0.009235,0.0,1.0,0.0,6.082762530298219,6.0,6.0,0.5291005291005291,23.277,
Occupancy Grid 2D,non_urban,9,Probabilistic Foam (HPF),classical,True,0,15,0,8,False,0.008075,0.0,1.0,0.0,3.0,7.0,7.0,0.5291005291005291,17.045,
Occupancy Grid 2D,non_urban,10,Probabilistic Foam (HPF),classical,True,0,16,1,9,True,0.013961,7.414213538169861,8.0,0.19634953657079435,2.0080618877807477,0.0,7.071067810058594,0.5291005291005291,30.509,
SLAM Map 1,non_urban,1,SPRM,classical,False,333,53,135,24,False,1.649561,0.0,1.0,0.0,13.0,200.1124725341797,200.1124725341797,50.36997044782905,7224.788,
SLAM Map 1,non_urban,2,SPRM,classical,False,111,123,340,106,False,1.600218,0.0,1.0,0.0,5.0,229.63014221191406,229.63014221191406,50.36997044782905,7188.205,
SLAM Map 1,non_urban,3,SPRM,classical,False,288,96,199,63,False,1.625275,0.0,1.0,0.0,5.0,94.9210205078125,94.9210205078125,50.36997044782905,7189.607,
SLAM Map 1,non_urban,4,SPRM,classical,False,470,50,64,291,False,1.666297,0.0,1.0,0.0,25.179356624028344,472.140869140625,472.140869140625,50.36997044782905,7187.957,
SLAM Map 1,non_urban,5,SPRM,classical,False,424,45,112,198,False,1.645009,0.0,1.0,0.0,4.0,347.4953308105469,347.4953308105469,50.36997044782905,7191.261,
SLAM Map 1,non_urban,6,SPRM,classical,False,381,26,497,25,False,1.603005,0.0,1.0,0.0,14.0,116.00431060791016,116.00431060791016,50.36997044782905,7189.56,
SLAM Map 1,non_urban,7,SPRM,classical,False,149,48,197,94,False,1.599342,0.0,1.0,0.0,9.219544457292887,66.48307800292969,66.48307800292969,50.36997044782905,7187.613,
SLAM Map 1,non_urban,8,SPRM,classical,False,141,101,75,234,False,1.654607,0.0,1.0,0.0,11.0,148.4755859375,148.4755859375,50.36997044782905,7187.661,
SLAM Map 1,non_urban,9,SPRM,classical,False,392,24,202,310,False,1.613798,0.0,1.0,0.0,12.0,343.35986328125,343.35986328125,50.36997044782905,7189.389,
SLAM Map 1,non_urban,10,SPRM,classical,False,194,82,106,290,False,1.613069,0.0,1.0,0.0,7.0,225.84950256347656,225.84950256347656,50.36997044782905,7187.661,
SLAM Map 1,non_urban,1,RRT-Connect,classical,False,,,,,False,,,,,,,,,,name 'n' is not defined
SLAM Map 1,non_urban,2,RRT-Connect,classical,False,,,,,False,,,,,,,,,,name 'n' is not defined
SLAM Map 1,non_urban,3,RRT-Connect,classical,False,,,,,False,,,,,,,,,,name 'n' is not defined
SLAM Map 1,non_urban,4,RRT-Connect,classical,False,,,,,False,,,,,,,,,,name 'n' is not defined
SLAM Map 1,non_urban,5,RRT-Connect,classical,False,,,,,False,,,,,,,,,,name 'n' is not defined
SLAM Map 1,non_urban,6,RRT-Connect,classical,False,,,,,False,,,,,,,,,,name 'n' is not defined
SLAM Map 1,non_urban,7,RRT-Connect,classical,False,,,,,False,,,,,,,,,,name 'n' is not defined
SLAM Map 1,non_urban,8,RRT-Connect,classical,False,,,,,False,,,,,,,,,,name 'n' is not defined
SLAM Map 1,non_urban,9,RRT-Connect,classical,False,,,,,False,,,,,,,,,,name 'n' is not defined
SLAM Map 1,non_urban,10,RRT-Connect,classical,False,,,,,False,,,,,,,,,,name 'n' is not defined
SLAM Map 1,non_urban,1,RRT-Connect,classical,False,,,,,False,,,,,,,,,,name 'n' is not defined
SLAM Map 1,non_urban,2,RRT-Connect,classical,False,,,,,False,,,,,,,,,,name 'n' is not defined
SLAM Map 1,non_urban,3,RRT-Connect,classical,False,,,,,False,,,,,,,,,,name 'n' is not defined
SLAM Map 1,non_urban,4,RRT-Connect,classical,False,,,,,False,,,,,,,,,,name 'n' is not defined
SLAM Map 1,non_urban,5,RRT-Connect,classical,False,,,,,False,,,,,,,,,,name 'n' is not defined
SLAM Map 1,non_urban,6,RRT-Connect,classical,False,,,,,False,,,,,,,,,,name 'n' is not defined
SLAM Map 1,non_urban,7,RRT-Connect,classical,False,,,,,False,,,,,,,,,,name 'n' is not defined
SLAM Map 1,non_urban,8,RRT-Connect,classical,False,,,,,False,,,,,,,,,,name 'n' is not defined
SLAM Map 1,non_urban,9,RRT-Connect,classical,False,,,,,False,,,,,,,,,,name 'n' is not defined
SLAM Map 1,non_urban,10,RRT-Connect,classical,False,,,,,False,,,,,,,,,,name 'n' is not defined
SLAM Map 1 (compressed),non_urban,1,A*,classical,False,37,37,29,6,True,0.179113,34.31370830535889,32.0,0.34361168899889016,5.509880281589146,0.0,32.015621185302734,42.76190476190476,546.11,
SLAM Map 1 (compressed),non_urban,2,A*,classical,False,4,2,80,43,True,1.151998,94.15432798862457,79.0,0.15906798419333346,2.6095216196171624,0.0,86.35391998291016,42.76190476190476,1301.834,
SLAM Map 1 (compressed),non_urban,3,A*,classical,False,67,13,33,12,True,0.185645,37.72792184352875,35.0,0.20195953213158493,2.2530037496283195,0.0,34.01470184326172,42.76190476190476,509.033,
SLAM Map 1 (compressed),non_urban,4,A*,classical,False,27,11,55,7,True,0.112338,29.656854152679443,29.0,0.16249617527828672,2.6212127296602685,0.0,28.284271240234375,42.76190476190476,347.673,
SLAM Map 1 (compressed),non_urban,5,A*,classical,False,59,43,86,5,True,0.44021,53.870057225227356,47.0,0.31750138775215786,2.68390808322895,0.0,46.615447998046875,42.76190476190476,710.825,
SLAM Map 1 (compressed),non_urban,6,A*,classical,False,30,40,76,43,True,0.199189,47.24264061450958,47.0,0.08355299792677863,2.913742767315843,0.0,46.097721099853516,42.76190476190476,406.521,
SLAM Map 1 (compressed),non_urban,7,A*,classical,False,42,30,17,5,True,0.218623,37.69848430156708,30.0,0.235619446166856,3.399546928106971,0.0,35.35533905029297,42.76190476190476,591.705,
SLAM Map 1 (compressed),non_urban,8,A*,classical,False,6,34,38,21,True,0.249973,37.38477599620819,33.0,0.6187985664637791,4.7361572454045895,0.0,34.539833068847656,42.76190476190476,521.42,
SLAM Map 1 (compressed),non_urban,9,A*,classical,False,42,2,34,2,True,0.022729,8.0,9.0,0.0,1.0,0.0,8.0,42.76190476190476,289.001,
SLAM Map 1 (compressed),non_urban,10,A*,classical,False,45,5,4,11,True,0.181411,43.485281229019165,42.0,0.1308996967519532,2.001643767147715,0.0,41.43669891357422,42.76190476190476,488.325,
SLAM Map 1 (compressed),non_urban,1,SPRM,classical,False,37,37,29,6,True,0.121336,38.455843687057495,32.0,0.4172427652129381,4.684582171597825,0.0,32.015621185302734,42.76190476190476,474.776,
SLAM Map 1 (compressed),non_urban,2,SPRM,classical,False,4,2,80,43,True,2.676118,116.84061968326569,105.0,0.3814791123367163,2.4725577068896514,0.0,86.35391998291016,42.76190476190476,2199.021,
SLAM Map 1 (compressed),non_urban,3,SPRM,classical,False,67,13,33,12,True,1.122366,52.21320307254791,47.0,0.4678967854768932,2.9551847070952815,0.0,34.01470184326172,42.76190476190476,1235.822,
SLAM Map 1 (compressed),non_urban,4,SPRM,classical,False,27,11,55,7,True,0.389917,33.79898953437805,29.0,0.5416539175942894,3.4741427061484087,0.0,28.284271240234375,42.76190476190476,824.094,
SLAM Map 1 (compressed),non_urban,5,SPRM,classical,False,59,43,86,5,True,0.356141,58.11269783973694,50.0,0.4555309310053807,3.021823837812721,0.0,46.615447998046875,42.76190476190476,649.488,
SLAM Map 1 (compressed),non_urban,6,SPRM,classical,False,30,40,76,43,True,1.350189,127.42640614509583,116.0,0.4062404334745389,3.444246971530707,0.0,46.097721099853516,42.76190476190476,2077.513,
SLAM Map 1 (compressed),non_urban,7,SPRM,classical,False,42,30,17,5,True,0.410298,43.55634891986847,40.0,0.21598449450644147,3.221266488758809,0.0,35.35533905029297,42.76190476190476,846.518,
SLAM Map 1 (compressed),non_urban,8,SPRM,classical,False,6,34,38,21,True,0.154287,43.62741661071777,38.0,0.39269908124834874,7.07327912523169,0.0,34.539833068847656,42.76190476190476,404.198,
SLAM Map 1 (compressed),non_urban,9,SPRM,classical,False,42,2,34,2,True,0.027274,8.0,9.0,0.0,1.0,0.0,8.0,42.76190476190476,271.714,
SLAM Map 1 (compressed),non_urban,10,SPRM,classical,False,45,5,4,11,True,0.459393,78.11269783973694,70.0,0.4375789779724551,2.7069000322561463,0.0,41.43669891357422,42.76190476190476,866.564,
SLAM Map 1 (compressed),non_urban,1,RRT-Connect,classical,False,,,,,False,,,,,,,,,,name 'n' is not defined
SLAM Map 1 (compressed),non_urban,2,RRT-Connect,classical,False,,,,,False,,,,,,,,,,name 'n' is not defined
SLAM Map 1 (compressed),non_urban,3,RRT-Connect,classical,False,,,,,False,,,,,,,,,,name 'n' is not defined
SLAM Map 1 (compressed),non_urban,4,RRT-Connect,classical,False,,,,,False,,,,,,,,,,name 'n' is not defined
SLAM Map 1 (compressed),non_urban,5,RRT-Connect,classical,False,,,,,False,,,,,,,,,,name 'n' is not defined
SLAM Map 1 (compressed),non_urban,6,RRT-Connect,classical,False,,,,,False,,,,,,,,,,name 'n' is not defined
SLAM Map 1 (compressed),non_urban,7,RRT-Connect,classical,False,,,,,False,,,,,,,,,,name 'n' is not defined
SLAM Map 1 (compressed),non_urban,8,RRT-Connect,classical,False,,,,,False,,,,,,,,,,name 'n' is not defined
SLAM Map 1 (compressed),non_urban,9,RRT-Connect,classical,False,,,,,False,,,,,,,,,,name 'n' is not defined
SLAM Map 1 (compressed),non_urban,10,RRT-Connect,classical,False,,,,,False,,,,,,,,,,name 'n' is not defined
SLAM Map 1 (compressed),non_urban,1,Wave-front,classical,False,37,37,29,6,True,0.674312,34.31370830535889,32.0,0.07363107621404788,5.816693517791194,0.0,32.015621185302734,42.76190476190476,411.526,
SLAM Map 1 (compressed),non_urban,2,Wave-front,classical,False,4,2,80,43,True,1.524984,94.15432798862457,79.0,0.06959224254299251,2.5304580442390825,0.0,86.35391998291016,42.76190476190476,303.785,
SLAM Map 1 (compressed),non_urban,3,Wave-front,classical,False,67,13,33,12,True,0.901138,37.72792184352875,35.0,0.15707963610234382,2.3219812799818365,0.0,34.01470184326172,42.76190476190476,380.577,
SLAM Map 1 (compressed),non_urban,4,Wave-front,classical,False,27,11,55,7,True,0.545263,29.656854152679443,29.0,0.08124808763914336,2.6473285680354657,0.0,28.284271240234375,42.76190476190476,490.177,
SLAM Map 1 (compressed),non_urban,5,Wave-front,classical,False,59,43,86,5,True,0.600269,55.5269113779068,47.0,0.11697419491268955,2.4239769006617773,0.0,46.615447998046875,42.76190476190476,289.729,
SLAM Map 1 (compressed),non_urban,6,Wave-front,classical,False,30,40,76,43,True,0.634224,47.24264061450958,47.0,0.05013179875606718,2.8711895758264814,0.0,46.097721099853516,42.76190476190476,386.225,
SLAM Map 1 (compressed),non_urban,7,Wave-front,classical,False,42,30,17,5,True,0.515244,37.69848430156708,30.0,0.13089969561100182,2.8615480927136807,0.0,35.35533905029297,42.76190476190476,282.273,
SLAM Map 1 (compressed),non_urban,8,Wave-front,classical,False,6,34,38,21,True,1.020029,37.38477599620819,33.0,0.02379994486399149,6.956853340567864,0.0,34.539833068847656,42.76190476190476,380.121,
SLAM Map 1 (compressed),non_urban,9,Wave-front,classical,False,42,2,34,2,True,0.065196,8.0,9.0,0.0,1.0,0.0,8.0,42.76190476190476,378.401,
SLAM Map 1 (compressed),non_urban,10,Wave-front,classical,False,45,5,4,11,True,0.767256,45.97056245803833,42.0,0.1308996967519532,1.6993245450383623,0.0,41.43669891357422,42.76190476190476,331.933,
SLAM Map 1 (compressed),non_urban,1,Dijkstra,classical,False,37,37,29,6,True,0.935974,34.31370830535889,32.0,0.07363107621404788,5.816693517791194,0.0,32.015621185302734,42.76190476190476,1261.04,
SLAM Map 1 (compressed),non_urban,2,Dijkstra,classical,False,4,2,80,43,True,1.517934,94.15432798862457,79.0,0.06959224254299251,2.5304580442390825,0.0,86.35391998291016,42.76190476190476,1556.905,
SLAM Map 1 (compressed),non_urban,3,Dijkstra,classical,False,67,13,33,12,True,0.762974,37.72792184352875,35.0,0.15707963610234382,2.3219812799818365,0.0,34.01470184326172,42.76190476190476,1081.969,
SLAM Map 1 (compressed),non_urban,4,Dijkstra,classical,False,27,11,55,7,True,0.683495,29.656854152679443,29.0,0.08124808763914336,2.6473285680354657,0.0,28.284271240234375,42.76190476190476,967.513,
SLAM Map 1 (compressed),non_urban,5,Dijkstra,classical,False,59,43,86,5,True,1.243038,53.870057225227356,47.0,0.11697419491268955,2.459718007264374,0.0,46.615447998046875,42.76190476190476,1534.345,
SLAM Map 1 (compressed),non_urban,6,Dijkstra,classical,False,30,40,76,43,True,1.300151,47.24264061450958,47.0,0.05013179875606718,2.8711895758264814,0.0,46.097721099853516,42.76190476190476,1432.313,
SLAM Map 1 (compressed),non_urban,7,Dijkstra,classical,False,42,30,17,5,True,1.087056,37.69848430156708,30.0,0.13089969561100182,2.8615480927136807,0.0,35.35533905029297,42.76190476190476,1306.849,
SLAM Map 1 (compressed),non_urban,8,Dijkstra,classical,False,6,34,38,21,True,0.867057,37.38477599620819,33.0,0.02379994486399149,6.956853340567864,0.0,34.539833068847656,42.76190476190476,1193.852,
SLAM Map 1 (compressed),non_urban,9,Dijkstra,classical,False,42,2,34,2,True,0.05243,8.0,9.0,0.0,1.0,0.0,8.0,42.76190476190476,314.129,
SLAM Map 1 (compressed),non_urban,10,Dijkstra,classical,False,45,5,4,11,True,1.055863,43.485281229019165,42.0,0.1308996967519532,2.001643767147715,0.0,41.43669891357422,42.76190476190476,1191.381,
SLAM Map 1 (compressed),non_urban,1,A*,classical,False,37,37,29,6,True,0.189514,34.31370830535889,32.0,0.34361168899889016,5.509880281589146,0.0,32.015621185302734,42.76190476190476,546.11,
SLAM Map 1 (compressed),non_urban,2,A*,classical,False,4,2,80,43,True,1.131916,94.15432798862457,79.0,0.15906798419333346,2.6095216196171624,0.0,86.35391998291016,42.76190476190476,1301.834,
SLAM Map 1 (compressed),non_urban,3,A*,classical,False,67,13,33,12,True,0.204507,37.72792184352875,35.0,0.20195953213158493,2.2530037496283195,0.0,34.01470184326172,42.76190476190476,509.033,
SLAM Map 1 (compressed),non_urban,4,A*,classical,False,27,11,55,7,True,0.114386,29.656854152679443,29.0,0.16249617527828672,2.6212127296602685,0.0,28.284271240234375,42.76190476190476,347.673,
SLAM Map 1 (compressed),non_urban,5,A*,classical,False,59,43,86,5,True,0.453552,53.870057225227356,47.0,0.31750138775215786,2.68390808322895,0.0,46.615447998046875,42.76190476190476,710.825,
SLAM Map 1 (compressed),non_urban,6,A*,classical,False,30,40,76,43,True,0.201859,47.24264061450958,47.0,0.08355299792677863,2.913742767315843,0.0,46.097721099853516,42.76190476190476,406.521,
SLAM Map 1 (compressed),non_urban,7,A*,classical,False,42,30,17,5,True,0.222139,37.69848430156708,30.0,0.235619446166856,3.399546928106971,0.0,35.35533905029297,42.76190476190476,591.705,
SLAM Map 1 (compressed),non_urban,8,A*,classical,False,6,34,38,21,True,0.260118,37.38477599620819,33.0,0.6187985664637791,4.7361572454045895,0.0,34.539833068847656,42.76190476190476,521.42,
SLAM Map 1 (compressed),non_urban,9,A*,classical,False,42,2,34,2,True,0.017928,8.0,9.0,0.0,1.0,0.0,8.0,42.76190476190476,289.001,
SLAM Map 1 (compressed),non_urban,10,A*,classical,False,45,5,4,11,True,0.194924,43.485281229019165,42.0,0.1308996967519532,2.001643767147715,0.0,41.43669891357422,42.76190476190476,488.325,
SLAM Map 1 (compressed),non_urban,1,SPRM,classical,False,37,37,29,6,True,0.127854,38.455843687057495,32.0,0.4172427652129381,4.684582171597825,0.0,32.015621185302734,42.76190476190476,474.776,
SLAM Map 1 (compressed),non_urban,2,SPRM,classical,False,4,2,80,43,True,2.39598,116.84061968326569,105.0,0.3814791123367163,2.4725577068896514,0.0,86.35391998291016,42.76190476190476,2199.021,
SLAM Map 1 (compressed),non_urban,3,SPRM,classical,False,67,13,33,12,True,1.103875,52.21320307254791,47.0,0.4678967854768932,2.9551847070952815,0.0,34.01470184326172,42.76190476190476,1235.822,
SLAM Map 1 (compressed),non_urban,4,SPRM,classical,False,27,11,55,7,True,0.384414,33.79898953437805,29.0,0.5416539175942894,3.4741427061484087,0.0,28.284271240234375,42.76190476190476,824.094,
SLAM Map 1 (compressed),non_urban,5,SPRM,classical,False,59,43,86,5,True,0.353594,58.11269783973694,50.0,0.4555309310053807,3.021823837812721,0.0,46.615447998046875,42.76190476190476,649.488,
SLAM Map 1 (compressed),non_urban,6,SPRM,classical,False,30,40,76,43,True,1.355153,127.42640614509583,116.0,0.4062404334745389,3.444246971530707,0.0,46.097721099853516,42.76190476190476,2077.513,
SLAM Map 1 (compressed),non_urban,7,SPRM,classical,False,42,30,17,5,True,0.3926,43.55634891986847,40.0,0.21598449450644147,3.221266488758809,0.0,35.35533905029297,42.76190476190476,846.518,
SLAM Map 1 (compressed),non_urban,8,SPRM,classical,False,6,34,38,21,True,0.156888,43.62741661071777,38.0,0.39269908124834874,7.07327912523169,0.0,34.539833068847656,42.76190476190476,404.198,
SLAM Map 1 (compressed),non_urban,9,SPRM,classical,False,42,2,34,2,True,0.02237,8.0,9.0,0.0,1.0,0.0,8.0,42.76190476190476,271.714,
SLAM Map 1 (compressed),non_urban,10,SPRM,classical,False,45,5,4,11,True,0.449166,78.11269783973694,70.0,0.4375789779724551,2.7069000322561463,0.0,41.43669891357422,42.76190476190476,866.564,
SLAM Map 1 (compressed),non_urban,1,Probabilistic Foam (GBPF),classical,True,37,37,29,6,True,0.159516,52.455843687057495,46.0,0.40977295332786257,5.227047611679038,0.0,32.015621185302734,42.76190476190476,424.939,
SLAM Map 1 (compressed),non_urban,2,Probabilistic Foam (GBPF),classical,True,4,2,80,43,True,4.677824,119.42640614509583,108.0,0.3636102601982904,4.414383149160732,0.0,86.35391998291016,42.76190476190476,748.808,
SLAM Map 1 (compressed),non_urban,3,Probabilistic Foam (GBPF),classical,True,67,13,33,12,True,59.465425,57.62741661071777,52.0,0.5739448136882438,3.0327304180511208,0.0,34.01470184326172,42.76190476190476,1425.52,
SLAM Map 1 (compressed),non_urban,4,Probabilistic Foam (GBPF),classical,True,27,11,55,7,True,0.489892,40.72792184352875,38.0,0.4960409462044028,2.532799132593015,0.0,28.284271240234375,42.76190476190476,400.428,
SLAM Map 1 (compressed),non_urban,5,Probabilistic Foam (GBPF),classical,True,59,43,86,5,True,36.376351,60.11269783973694,52.0,0.5890486235354484,2.792281978841915,0.0,46.615447998046875,42.76190476190476,1038.936,
SLAM Map 1 (compressed),non_urban,6,Probabilistic Foam (GBPF),classical,True,30,40,76,43,True,1.228113,67.38477599620819,63.0,0.3490658487689355,4.7998244384527045,0.0,46.097721099853516,42.76190476190476,557.476,
SLAM Map 1 (compressed),non_urban,7,Probabilistic Foam (GBPF),classical,True,42,30,17,5,True,11.716641,75.49747383594513,62.0,0.5827147669437287,5.907543252519281,0.0,35.35533905029297,42.76190476190476,1104.872,
SLAM Map 1 (compressed),non_urban,8,Probabilistic Foam (GBPF),classical,True,6,34,38,21,True,0.22559,53.5269113779068,45.0,0.5759586520171777,5.135799476919957,0.0,34.539833068847656,42.76190476190476,367.052,
SLAM Map 1 (compressed),non_urban,9,Probabilistic Foam (GBPF),classical,True,42,2,34,2,True,0.039789,12.242640614509583,12.0,0.39269907884634564,1.9511844635310913,0.0,8.0,42.76190476190476,297.98,
SLAM Map 1 (compressed),non_urban,10,Probabilistic Foam (GBPF),classical,True,45,5,4,11,True,13.458019,84.84061968326569,73.0,0.6024972174853261,4.763284871782596,0.0,41.43669891357422,42.76190476190476,1043.712,
SLAM Map 1 (compressed),non_urban,1,Probabilistic Foam (PFM),classical,True,37,37,29,6,True,2.41614,41.14213538169861,38.0,0.39269907674459315,5.982675824520693,0.0,32.015621185302734,42.76190476190476,637.744,
SLAM Map 1 (compressed),non_urban,2,Probabilistic Foam (PFM),classical,True,4,2,80,43,True,22.500845,111.42640614509583,100.0,0.3769911194576317,4.505141620093028,0.0,86.35391998291016,42.76190476190476,969.061,
SLAM Map 1 (compressed),non_urban,3,Probabilistic Foam (PFM),classical,True,67,13,33,12,True,4.292199,49.28427076339722,42.0,0.635798518931263,3.311218331988171,0.0,34.01470184326172,42.76190476190476,655.011,
SLAM Map 1 (compressed),non_urban,4,Probabilistic Foam (PFM),classical,True,27,11,55,7,True,1.513701,38.97056245803833,35.0,0.5161187965126062,3.608888418702095,0.0,28.284271240234375,42.76190476190476,453.245,
SLAM Map 1 (compressed),non_urban,5,Probabilistic Foam (PFM),classical,True,59,43,86,5,True,7.570049,60.11269783973694,52.0,0.49842575392036215,3.797360103015869,0.0,46.615447998046875,42.76190476190476,785.314,
SLAM Map 1 (compressed),non_urban,6,Probabilistic Foam (PFM),classical,True,30,40,76,43,True,15.900164,56.69848430156708,49.0,0.3365992174251417,3.8961753513735404,0.0,46.097721099853516,42.76190476190476,859.805,
SLAM Map 1 (compressed),non_urban,7,Probabilistic Foam (PFM),classical,True,42,30,17,5,True,6.355964,44.041630148887634,38.0,0.6407195529994236,3.910543037840947,0.0,35.35533905029297,42.76190476190476,749.368,
SLAM Map 1 (compressed),non_urban,8,Probabilistic Foam (PFM),classical,True,6,34,38,21,True,0.824447,51.870057225227356,45.0,0.5061454880224785,7.735666693546941,0.0,34.539833068847656,42.76190476190476,392.897,
SLAM Map 1 (compressed),non_urban,9,Probabilistic Foam (PFM),classical,True,42,2,34,2,True,0.141595,13.656854152679443,13.0,0.604152438648582,2.262631812490238,0.0,8.0,42.76190476190476,384.905,
SLAM Map 1 (compressed),non_urban,10,Probabilistic Foam (PFM),classical,True,45,5,4,11,True,13.181891,89.42640614509583,78.0,0.563875605368131,5.61134619369405,0.0,41.43669891357422,42.76190476190476,832.677,
SLAM Map 1 (compressed),non_urban,1,Probabilistic Foam (RBPF),classical,True,37,37,29,6,True,2.950069,44.79898953437805,40.0,0.5497787083882193,5.988351035219184,0.0,32.015621185302734,42.76190476190476,668.771,
SLAM Map 1 (compressed),non_urban,2,Probabilistic Foam (RBPF),classical,True,4,2,80,43,True,20.009902,146.78174459934235,125.0,0.5215043800851635,4.495770956079395,0.0,86.35391998291016,42.76190476190476,945.956,
SLAM Map 1 (compressed),non_urban,3,Probabilistic Foam (RBPF),classical,True,67,13,33,12,True,2.231203,49.041630148887634,43.0,0.5662172841709151,3.396945236075716,0.0,34.01470184326172,42.76190476190476,585.07,
SLAM Map 1 (compressed),non_urban,4,Probabilistic Foam (RBPF),classical,True,27,11,55,7,True,5.958145,40.97056245803833,37.0,0.4669935053359323,4.054728168842193,0.0,28.284271240234375,42.76190476190476,555.486,
SLAM Map 1 (compressed),non_urban,5,Probabilistic Foam (RBPF),classical,True,59,43,86,5,True,43213.191534,71.18376553058624,61.0,0.5278905685603464,3.8958249233348394,0.0,46.615447998046875,42.76190476190476,865.088,
SLAM Map 1 (compressed),non_urban,6,Probabilistic Foam (RBPF),classical,True,30,40,76,43,True,19073.897595,91.08326029777527,78.0,0.513529571666461,4.3832169097202245,0.0,46.097721099853516,42.76190476190476,908.883,
SLAM Map 1 (compressed),non_urban,7,Probabilistic Foam (RBPF),classical,True,42,30,17,5,True,6.098125,66.28427076339722,59.0,0.3993549994979753,7.151952230280122,0.0,35.35533905029297,42.76190476190476,717.212,
SLAM Map 1 (compressed),non_urban,8,Probabilistic Foam (RBPF),classical,True,6,34,38,21,True,0.765819,51.870057225227356,45.0,0.5585053636807228,6.9018947202183245,0.0,34.539833068847656,42.76190476190476,373.5,
SLAM Map 1 (compressed),non_urban,9,Probabilistic Foam (RBPF),classical,True,42,2,34,2,True,0.908208,34.62741661071777,29.0,0.5416539022504602,2.779087671675089,0.0,8.0,42.76190476190476,464.508,
SLAM Map 1 (compressed),non_urban,10,Probabilistic Foam (RBPF),classical,True,45,5,4,11,True,9.332583,110.49747383594513,97.0,0.5020070745703862,5.605710465129079,0.0,41.43669891357422,42.76190476190476,727.672,
SLAM Map 1 (compressed),non_urban,1,Probabilistic Foam (HPF),classical,True,37,37,29,6,True,0.199434,40.79898953437805,36.0,0.523598768942749,5.237645704388402,0.0,32.015621185302734,42.76190476190476,465.67,
SLAM Map 1 (compressed),non_urban,2,Probabilistic Foam (HPF),classical,True,4,2,80,43,True,6.780095,111.56854152679443,96.0,0.3599741617893038,3.1690540570671977,0.0,86.35391998291016,42.76190476190476,690.563,
SLAM Map 1 (compressed),non_urban,3,Probabilistic Foam (HPF),classical,True,67,13,33,12,True,0.60803,50.21320307254791,45.0,0.5061454880224785,3.0159480721739675,0.0,34.01470184326172,42.76190476190476,492.073,
SLAM Map 1 (compressed),non_urban,4,Probabilistic Foam (HPF),classical,True,27,11,55,7,True,0.191854,34.38477599620819,30.0,0.39269908797395686,2.572227359270882,0.0,28.284271240234375,42.76190476190476,331.687,
SLAM Map 1 (compressed),non_urban,5,Probabilistic Foam (HPF),classical,True,59,43,86,5,True,1.53211,63.5269113779068,55.0,0.5854786305851115,2.782061954159664,0.0,46.615447998046875,42.76190476190476,550.921,
SLAM Map 1 (compressed),non_urban,6,Probabilistic Foam (HPF),classical,True,30,40,76,43,True,0.345096,51.97056245803833,48.0,0.35997416464168225,3.723513047350966,0.0,46.097721099853516,42.76190476190476,371.865,
SLAM Map 1 (compressed),non_urban,7,Probabilistic Foam (HPF),classical,True,42,30,17,5,True,0.516687,44.62741661071777,39.0,0.4833219414401928,3.3476780408786193,0.0,35.35533905029297,42.76190476190476,483.289,
SLAM Map 1 (compressed),non_urban,8,Probabilistic Foam (HPF),classical,True,6,34,38,21,True,0.287899,46.69848430156708,39.0,0.5638756062457858,5.107200375705712,0.0,34.539833068847656,42.76190476190476,340.889,
SLAM Map 1 (compressed),non_urban,9,Probabilistic Foam (HPF),classical,True,42,2,34,2,True,0.040933,11.071067690849304,10.0,0.4712389048841773,1.6,0.0,8.0,42.76190476190476,305.353,
SLAM Map 1 (compressed),non_urban,10,Probabilistic Foam (HPF),classical,True,45,5,4,11,True,0.538657,49.041630148887634,43.0,0.47489192150808435,2.0937217848225624,0.0,41.43669891357422,42.76190476190476,475.945,
SLAM Map 1 (compressed),non_urban,1,RRT-Connect,classical,False,,,,,False,,,,,,,,,,name 'n' is not defined
SLAM Map 1 (compressed),non_urban,2,RRT-Connect,classical,False,,,,,False,,,,,,,,,,name 'n' is not defined
SLAM Map 1 (compressed),non_urban,3,RRT-Connect,classical,False,,,,,False,,,,,,,,,,name 'n' is not defined
SLAM Map 1 (compressed),non_urban,4,RRT-Connect,classical,False,,,,,False,,,,,,,,,,name 'n' is not defined
SLAM Map 1 (compressed),non_urban,5,RRT-Connect,classical,False,,,,,False,,,,,,,,,,name 'n' is not defined
SLAM Map 1 (compressed),non_urban,6,RRT-Connect,classical,False,,,,,False,,,,,,,,,,name 'n' is not defined
SLAM Map 1 (compressed),non_urban,7,RRT-Connect,classical,False,,,,,False,,,,,,,,,,name 'n' is not defined
SLAM Map 1 (compressed),non_urban,8,RRT-Connect,classical,False,,,,,False,,,,,,,,,,name 'n' is not defined
SLAM Map 1 (compressed),non_urban,9,RRT-Connect,classical,False,,,,,False,,,,,,,,,,name 'n' is not defined
SLAM Map 1 (compressed),non_urban,10,RRT-Connect,classical,False,,,,,False,,,,,,,,,,name 'n' is not defined
SLAM Map 1 (compressed),non_urban,1,Wave-front,classical,False,37,37,29,6,True,4.113577,34.31370830535889,32.0,0.07363107621404788,5.816693517791194,0.0,32.015621185302734,42.76190476190476,411.526,
SLAM Map 1 (compressed),non_urban,2,Wave-front,classical,False,4,2,80,43,True,8.054976,94.15432798862457,79.0,0.06959224254299251,2.5304580442390825,0.0,86.35391998291016,42.76190476190476,303.785,
SLAM Map 1 (compressed),non_urban,3,Wave-front,classical,False,67,13,33,12,True,7.867199,37.72792184352875,35.0,0.15707963610234382,2.3219812799818365,0.0,34.01470184326172,42.76190476190476,380.577,
SLAM Map 1 (compressed),non_urban,4,Wave-front,classical,False,27,11,55,7,True,3.520366,29.656854152679443,29.0,0.08124808763914336,2.6473285680354657,0.0,28.284271240234375,42.76190476190476,490.177,
SLAM Map 1 (compressed),non_urban,5,Wave-front,classical,False,59,43,86,5,True,3.696025,55.5269113779068,47.0,0.11697419491268955,2.4239769006617773,0.0,46.615447998046875,42.76190476190476,289.729,
SLAM Map 1 (compressed),non_urban,6,Wave-front,classical,False,30,40,76,43,True,3.699927,47.24264061450958,47.0,0.05013179875606718,2.8711895758264814,0.0,46.097721099853516,42.76190476190476,386.225,
SLAM Map 1 (compressed),non_urban,7,Wave-front,classical,False,42,30,17,5,True,3.53162,37.69848430156708,30.0,0.13089969561100182,2.8615480927136807,0.0,35.35533905029297,42.76190476190476,282.273,
SLAM Map 1 (compressed),non_urban,8,Wave-front,classical,False,6,34,38,21,True,5.902686,37.38477599620819,33.0,0.02379994486399149,6.956853340567864,0.0,34.539833068847656,42.76190476190476,380.121,
SLAM Map 1 (compressed),non_urban,9,Wave-front,classical,False,42,2,34,2,True,0.31423,8.0,9.0,0.0,1.0,0.0,8.0,42.76190476190476,378.401,
SLAM Map 1 (compressed),non_urban,10,Wave-front,classical,False,45,5,4,11,True,4.805183,45.97056245803833,42.0,0.1308996967519532,1.6993245450383623,0.0,41.43669891357422,42.76190476190476,331.933,
SLAM Map 1 (compressed),non_urban,1,Dijkstra,classical,False,37,37,29,6,True,5.862737,34.31370830535889,32.0,0.07363107621404788,5.816693517791194,0.0,32.015621185302734,42.76190476190476,1261.04,
SLAM Map 1 (compressed),non_urban,2,Dijkstra,classical,False,4,2,80,43,True,9.123753,94.15432798862457,79.0,0.06959224254299251,2.5304580442390825,0.0,86.35391998291016,42.76190476190476,1556.905,
SLAM Map 1 (compressed),non_urban,3,Dijkstra,classical,False,67,13,33,12,True,4.696773,37.72792184352875,35.0,0.15707963610234382,2.3219812799818365,0.0,34.01470184326172,42.76190476190476,1081.969,
SLAM Map 1 (compressed),non_urban,4,Dijkstra,classical,False,27,11,55,7,True,4.086778,29.656854152679443,29.0,0.08124808763914336,2.6473285680354657,0.0,28.284271240234375,42.76190476190476,967.513,
SLAM Map 1 (compressed),non_urban,5,Dijkstra,classical,False,59,43,86,5,True,7.57217,53.870057225227356,47.0,0.11697419491268955,2.459718007264374,0.0,46.615447998046875,42.76190476190476,1534.345,
SLAM Map 1 (compressed),non_urban,6,Dijkstra,classical,False,30,40,76,43,True,7.84111,47.24264061450958,47.0,0.05013179875606718,2.8711895758264814,0.0,46.097721099853516,42.76190476190476,1432.313,
SLAM Map 1 (compressed),non_urban,7,Dijkstra,classical,False,42,30,17,5,True,6.553125,37.69848430156708,30.0,0.13089969561100182,2.8615480927136807,0.0,35.35533905029297,42.76190476190476,1306.849,
SLAM Map 1 (compressed),non_urban,8,Dijkstra,classical,False,6,34,38,21,True,4.574905,37.38477599620819,33.0,0.02379994486399149,6.956853340567864,0.0,34.539833068847656,42.76190476190476,1193.852,
SLAM Map 1 (compressed),non_urban,9,Dijkstra,classical,False,42,2,34,2,True,0.277293,8.0,9.0,0.0,1.0,0.0,8.0,42.76190476190476,314.129,
SLAM Map 1 (compressed),non_urban,10,Dijkstra,classical,False,45,5,4,11,True,2.761276,43.485281229019165,42.0,0.1308996967519532,2.001643767147715,0.0,41.43669891357422,42.76190476190476,1191.381,
SLAM Map 2,non_urban,1,RRT-Connect,classical,False,,,,,False,,,,,,,,,,name 'n' is not defined
SLAM Map 2,non_urban,2,RRT-Connect,classical,False,,,,,False,,,,,,,,,,name 'n' is not defined
SLAM Map 2,non_urban,3,RRT-Connect,classical,False,,,,,False,,,,,,,,,,name 'n' is not defined
SLAM Map 2,non_urban,4,RRT-Connect,classical,False,,,,,False,,,,,,,,,,name 'n' is not defined
SLAM Map 2,non_urban,5,RRT-Connect,classical,False,,,,,False,,,,,,,,,,name 'n' is not defined
SLAM Map 2,non_urban,6,RRT-Connect,classical,False,,,,,False,,,,,,,,,,name 'n' is not defined
SLAM Map 2,non_urban,7,RRT-Connect,classical,False,,,,,False,,,,,,,,,,name 'n' is not defined
SLAM Map 2,non_urban,8,RRT-Connect,classical,False,,,,,False,,,,,,,,,,name 'n' is not defined
SLAM Map 2,non_urban,9,RRT-Connect,classical,False,,,,,False,,,,,,,,,,name 'n' is not defined
SLAM Map 2,non_urban,10,RRT-Connect,classical,False,,,,,False,,,,,,,,,,name 'n' is not defined
SLAM Map 1 (compressed),non_urban,1,Probabilistic Foam (HPF),classical,True,37,37,29,6,True,1.012991,37.14213538169861,34.0,0.3233992397250032,5.522433455175288,0.0,32.015621185302734,42.76190476190476,451.062,
SLAM Map 1 (compressed),non_urban,2,Probabilistic Foam (HPF),classical,True,4,2,80,43,True,28.06376,106.49747383594513,93.0,0.48981821237505774,3.3796376125029832,0.0,86.35391998291016,42.76190476190476,639.305,
SLAM Map 1 (compressed),non_urban,3,Probabilistic Foam (HPF),classical,True,67,13,33,12,True,4.662729,50.11269783973694,42.0,0.4487989521427584,3.115589594334661,0.0,34.01470184326172,42.76190476190476,504.269,
SLAM Map 1 (compressed),non_urban,4,Probabilistic Foam (HPF),classical,True,27,11,55,7,True,3.013316,39.21320307254791,34.0,0.5312987651428054,2.784457077681941,0.0,28.284271240234375,42.76190476190476,378.155,
SLAM Map 1 (compressed),non_urban,5,Probabilistic Foam (HPF),classical,True,59,43,86,5,True,8.950635,69.18376553058624,59.0,0.5990324989568907,3.0177335215928354,0.0,46.615447998046875,42.76190476190476,556.183,
SLAM Map 1 (compressed),non_urban,6,Probabilistic Foam (HPF),classical,True,30,40,76,43,True,2.073852,54.21320307254791,49.0,0.4968845617838006,3.6372705276991426,0.0,46.097721099853516,42.76190476190476,359.001,
SLAM Map 1 (compressed),non_urban,7,Probabilistic Foam (HPF),classical,True,42,30,17,5,True,1.758866,41.21320307254791,36.0,0.45814892627152964,3.7707260095926625,0.0,35.35533905029297,42.76190476190476,443.849,
SLAM Map 1 (compressed),non_urban,8,Probabilistic Foam (HPF),classical,True,6,34,38,21,True,1.515292,46.11269783973694,38.0,0.4133674544197098,4.542621122543743,0.0,34.539833068847656,42.76190476190476,333.473,
SLAM Map 1 (compressed),non_urban,9,Probabilistic Foam (HPF),classical,True,42,2,34,2,True,0.287341,9.41421353816986,10.0,0.3141592653589793,1.1,0.0,8.0,42.76190476190476,284.913,
SLAM Map 1 (compressed),non_urban,10,Probabilistic Foam (HPF),classical,True,45,5,4,11,True,5.973522,51.870057225227356,45.0,0.5235987824440075,2.4147356754034464,0.0,41.43669891357422,42.76190476190476,527.161,
SLAM Map 2,non_urban,1,RRT-Connect,classical,False,,,,,False,,,,,,,,,,name 'n' is not defined
SLAM Map 2,non_urban,2,RRT-Connect,classical,False,,,,,False,,,,,,,,,,name 'n' is not defined
SLAM Map 2,non_urban,3,RRT-Connect,classical,False,,,,,False,,,,,,,,,,name 'n' is not defined
SLAM Map 2,non_urban,4,RRT-Connect,classical,False,,,,,False,,,,,,,,,,name 'n' is not defined
SLAM Map 2,non_urban,5,RRT-Connect,classical,False,,,,,False,,,,,,,,,,name 'n' is not defined
SLAM Map 2,non_urban,6,RRT-Connect,classical,False,,,,,False,,,,,,,,,,name 'n' is not defined
SLAM Map 2,non_urban,7,RRT-Connect,classical,False,,,,,False,,,,,,,,,,name 'n' is not defined
SLAM Map 2,non_urban,8,RRT-Connect,classical,False,,,,,False,,,,,,,,,,name 'n' is not defined
SLAM Map 2,non_urban,9,RRT-Connect,classical,False,,,,,False,,,,,,,,,,name 'n' is not defined
SLAM Map 2,non_urban,10,RRT-Connect,classical,False,,,,,False,,,,,,,,,,name 'n' is not defined
Urban City Grid,urban,1,A*,classical,False,11,16,8,2,True,0.114858,16.41421353816986,17.0,0.09239978392911156,1.073096511007017,0.0,14.317821502685547,46.0,121.862,
Urban City Grid,urban,2,A*,classical,False,6,0,11,18,True,0.138019,21.242640614509583,21.0,0.2243994752564138,1.0591733660532994,0.0,18.681541442871094,46.0,94.185,
Urban City Grid,urban,3,A*,classical,False,0,7,16,5,True,0.162422,18.82842707633972,19.0,0.12401023722666399,1.065402141427331,0.0,16.124515533447266,46.0,63.961,
Urban City Grid,urban,4,A*,classical,False,19,4,12,3,True,0.040659,7.414213538169861,8.0,0.0981747725639649,1.1035533905932737,0.0,7.071067810058594,46.0,32.481,
Urban City Grid,urban,5,A*,classical,False,8,18,0,2,True,0.20933,21.071067690849304,20.0,0.27488935804482045,1.0414213562373096,0.0,17.8885440826416,46.0,63.993,
Urban City Grid,urban,6,A*,classical,False,3,17,11,18,True,0.076068,9.242640614509583,9.0,0.17453292900260425,1.0920474583051323,0.0,8.062257766723633,46.0,40.561,
Urban City Grid,urban,7,A*,classical,False,19,13,8,1,True,0.177713,19.485281229019165,18.0,0.4799655452492334,1.0,0.0,16.278820037841797,46.0,125.553,
Urban City Grid,urban,8,A*,classical,False,19,15,0,11,True,0.208507,21.82842707633972,22.0,0.1070997503321189,1.0753115567951084,0.0,19.416488647460938,46.0,110.921,
Urban City Grid,urban,9,A*,classical,False,8,0,7,0,True,0.007993,1.0,2.0,0.0,1.2071067811865475,0.0,1.0,46.0,25.873,
Urban City Grid,urban,10,A*,classical,False,12,1,17,4,True,0.050129,7.414213538169861,8.0,0.19634954084936207,1.051776695296637,0.0,5.830951690673828,46.0,40.025,
Urban City Grid,urban,1,SPRM,classical,False,11,16,8,2,True,0.80172,17.0,18.0,0.08726646259971647,1.0920474583051323,0.0,14.317821502685547,46.0,154.185,
Urban City Grid,urban,2,SPRM,classical,False,6,0,11,18,True,2.00428,37.24264061450958,37.0,0.2122697720410108,1.0783647280165316,0.0,18.681541442871094,46.0,585.41,
Urban City Grid,urban,3,SPRM,classical,False,0,7,16,5,True,1.754796,19.41421353816986,20.0,0.11780972536533078,1.082842712474619,0.0,16.124515533447266,46.0,197.016,
Urban City Grid,urban,4,SPRM,classical,False,19,4,12,3,True,0.488387,7.414213538169861,8.0,0.0981747725639649,1.1035533905932737,0.0,7.071067810058594,46.0,75.246,
Urban City Grid,urban,5,SPRM,classical,False,8,18,0,2,True,1.392328,24.0,25.0,0.12566370614359174,1.099411254969543,0.0,17.8885440826416,46.0,202.102,
Urban City Grid,urban,6,SPRM,classical,False,3,17,11,18,True,2.365186,40.65685415267944,40.0,0.19634954170507563,1.082842712474619,0.0,8.062257766723633,46.0,784.95,
Urban City Grid,urban,7,SPRM,classical,False,19,13,8,1,True,2.288541,45.0,46.0,0.13659098493868665,1.0990510692631312,0.0,16.278820037841797,46.0,652.102,
Urban City Grid,urban,8,SPRM,classical,False,19,15,0,11,True,2.515224,25.0,26.0,0.1208304866765305,1.1115190360235259,0.0,19.416488647460938,46.0,586.574,
Urban City Grid,urban,9,SPRM,classical,False,8,0,7,0,True,0.060996,1.0,2.0,0.0,1.2071067811865475,0.0,1.0,46.0,21.914,
Urban City Grid,urban,10,SPRM,classical,False,12,1,17,4,True,1.940154,30.242640614509583,30.0,0.1832595697479775,1.082842712474619,0.0,5.830951690673828,46.0,502.734,
Urban City Grid,urban,1,RRT,classical,False,11,16,8,2,True,1.235372,28.41421353816986,29.0,0.2708269528956718,1.0856993577323646,0.0,14.317821502685547,46.0,221.676,
Urban City Grid,urban,2,RRT,classical,False,6,0,11,18,True,2.73953,32.071067690849304,31.0,0.40536679069914666,1.0534469112739477,0.0,18.681541442871094,46.0,216.59,
Urban City Grid,urban,3,RRT,classical,False,0,7,16,5,True,0.985271,21.41421353816986,22.0,0.2498994164043822,1.0941394459938854,0.0,16.124515533447266,46.0,137.773,
Urban City Grid,urban,4,RRT,classical,False,19,4,12,3,True,3.593268,8.0,9.0,0.17453292519943295,1.1380711874576983,0.0,7.071067810058594,46.0,203.922,
Urban City Grid,urban,5,RRT,classical,False,8,18,0,2,True,5.209363,27.41421353816986,28.0,0.1121997376282069,1.088760049079949,0.0,17.8885440826416,46.0,231.298,
Urban City Grid,urban,6,RRT,classical,False,3,17,11,18,True,0.929421,16.41421353816986,17.0,0.5081988106033917,1.1461930220140335,0.0,8.062257766723633,46.0,151.074,
Urban City Grid,urban,7,RRT,classical,False,19,13,8,1,True,0.532592,29.82842707633972,30.0,0.20943951023931953,1.0828427124746192,0.0,16.278820037841797,46.0,138.858,
Urban City Grid,urban,8,RRT,classical,False,19,15,0,11,True,0.733005,29.242640614509583,29.0,0.13541347585768865,1.2889035724562325,0.0,19.416488647460938,46.0,144.138,
Urban City Grid,urban,9,RRT,classical,False,8,0,7,0,True,0.129928,1.0,2.0,0.0,1.2071067811865475,0.0,1.0,46.0,81.258,
Urban City Grid,urban,10,RRT,classical,False,12,1,17,4,True,0.109079,11.41421353816986,12.0,0.1308996938995747,1.0690355937288494,0.0,5.830951690673828,46.0,62.106,
Urban City Grid,urban,1,RRT*,classical,False,11,16,8,2,True,46.303092,16.41421353816986,17.0,0.09239978392911156,1.073096511007017,0.0,14.317821502685547,46.0,397.56,
Urban City Grid,urban,2,RRT*,classical,False,6,0,11,18,True,18.867725,22.071067690849304,21.0,0.3739991221674952,1.0394489107021996,0.0,18.681541442871094,46.0,214.651,
Urban City Grid,urban,3,RRT*,classical,False,0,7,16,5,True,10.080105,18.82842707633972,19.0,0.12401023722666399,1.065402141427331,0.0,16.124515533447266,46.0,158.115,
Urban City Grid,urban,4,RRT*,classical,False,19,4,12,3,True,0.243452,9.41421353816986,10.0,0.2356194473078074,1.1242640687119285,0.0,7.071067810058594,46.0,71.251,
Urban City Grid,urban,5,RRT*,classical,False,8,18,0,2,True,4.715451,21.656854152679443,21.0,0.2617993886141147,1.0591733660532994,0.0,17.8885440826416,46.0,117.887,
Urban City Grid,urban,6,RRT*,classical,False,3,17,11,18,True,15.491692,9.242640614509583,9.0,0.17453292900260425,1.0920474583051323,0.0,8.062257766723633,46.0,182.235,
Urban City Grid,urban,7,RRT*,classical,False,19,13,8,1,True,15.217651,21.242640614509583,21.0,0.2617993886141147,1.0591733660532994,0.0,16.278820037841797,46.0,292.363,
Urban City Grid,urban,8,RRT*,classical,False,19,15,0,11,True,3.500608,22.41421353816986,23.0,0.13659098493868665,1.090046426602847,0.0,19.416488647460938,46.0,98.731,
Urban City Grid,urban,9,RRT*,classical,False,8,0,7,0,True,6.242156,1.0,2.0,0.0,1.2071067811865475,0.0,1.0,46.0,120.875,
Urban City Grid,urban,10,RRT*,classical,False,12,1,17,4,True,4.173408,8.0,9.0,0.17453292519943295,1.0920474583051323,0.0,5.830951690673828,46.0,123.427,
Urban City Grid,urban,1,RRT-Connect,classical,False,,,,,False,,,,,,,,,,name 'n' is not defined
Urban City Grid,urban,2,RRT-Connect,classical,False,,,,,False,,,,,,,,,,name 'n' is not defined
Urban City Grid,urban,3,RRT-Connect,classical,False,,,,,False,,,,,,,,,,name 'n' is not defined
Urban City Grid,urban,4,RRT-Connect,classical,False,,,,,False,,,,,,,,,,name 'n' is not defined
Urban City Grid,urban,5,RRT-Connect,classical,False,,,,,False,,,,,,,,,,name 'n' is not defined
Urban City Grid,urban,6,RRT-Connect,classical,False,,,,,False,,,,,,,,,,name 'n' is not defined
Urban City Grid,urban,7,RRT-Connect,classical,False,,,,,False,,,,,,,,,,name 'n' is not defined
Urban City Grid,urban,8,RRT-Connect,classical,False,,,,,False,,,,,,,,,,name 'n' is not defined
Urban City Grid,urban,9,RRT-Connect,classical,False,,,,,False,,,,,,,,,,name 'n' is not defined
Urban City Grid,urban,10,RRT-Connect,classical,False,,,,,False,,,,,,,,,,name 'n' is not defined
Urban City Grid,urban,1,Wave-front,classical,False,11,16,8,2,True,0.252662,16.41421353816986,17.0,0.09239978392911156,1.073096511007017,0.0,14.317821502685547,46.0,138.585,
Urban City Grid,urban,2,Wave-front,classical,False,6,0,11,18,True,0.269536,21.242640614509583,21.0,0.2243994752564138,1.0591733660532994,0.0,18.681541442871094,46.0,36.473,
Urban City Grid,urban,3,Wave-front,classical,False,0,7,16,5,True,0.291469,18.82842707633972,19.0,0.12401023722666399,1.065402141427331,0.0,16.124515533447266,46.0,33.777,
Urban City Grid,urban,4,Wave-front,classical,False,19,4,12,3,True,0.061262,7.414213538169861,8.0,0.0981747725639649,1.1035533905932737,0.0,7.071067810058594,46.0,28.265,
Urban City Grid,urban,5,Wave-front,classical,False,8,18,0,2,True,0.20011,21.071067690849304,20.0,0.27488935804482045,1.0414213562373096,0.0,17.8885440826416,46.0,34.257,
Urban City Grid,urban,6,Wave-front,classical,False,3,17,11,18,True,0.115469,10.071067690849304,9.0,0.43633232250651066,1.0,0.0,8.062257766723633,46.0,29.177,
Urban City Grid,urban,7,Wave-front,classical,False,19,13,8,1,True,0.236345,19.485281229019165,18.0,0.4799655452492334,1.0,0.0,16.278820037841797,46.0,111.391,
Urban City Grid,urban,8,Wave-front,classical,False,19,15,0,11,True,0.258626,21.82842707633972,22.0,0.1070997503321189,1.0753115567951084,0.0,19.416488647460938,46.0,52.849,
Urban City Grid,urban,9,Wave-front,classical,False,8,0,7,0,True,0.00682,1.0,2.0,0.0,1.2071067811865475,0.0,1.0,46.0,21.705,
Urban City Grid,urban,10,Wave-front,classical,False,12,1,17,4,True,0.063317,7.414213538169861,8.0,0.19634954084936207,1.051776695296637,0.0,5.830951690673828,46.0,28.521,
Urban City Grid,urban,1,Dijkstra,classical,False,11,16,8,2,True,0.244714,16.41421353816986,17.0,0.09239978392911156,1.073096511007017,0.0,14.317821502685547,46.0,217.07,
Urban City Grid,urban,2,Dijkstra,classical,False,6,0,11,18,True,0.26436,21.242640614509583,21.0,0.2243994752564138,1.0591733660532994,0.0,18.681541442871094,46.0,105.185,
Urban City Grid,urban,3,Dijkstra,classical,False,0,7,16,5,True,0.222805,18.82842707633972,19.0,0.12401023722666399,1.065402141427331,0.0,16.124515533447266,46.0,90.529,
Urban City Grid,urban,4,Dijkstra,classical,False,19,4,12,3,True,0.048167,7.414213538169861,8.0,0.0981747725639649,1.1035533905932737,0.0,7.071067810058594,46.0,39.777,
Urban City Grid,urban,5,Dijkstra,classical,False,8,18,0,2,True,0.257087,21.071067690849304,20.0,0.27488935804482045,1.0414213562373096,0.0,17.8885440826416,46.0,110.204,
Urban City Grid,urban,6,Dijkstra,classical,False,3,17,11,18,True,0.084419,9.242640614509583,9.0,0.17453292900260425,1.0920474583051323,0.0,8.062257766723633,46.0,50.033,
Urban City Grid,urban,7,Dijkstra,classical,False,19,13,8,1,True,0.219204,19.485281229019165,18.0,0.4799655452492334,1.0,0.0,16.278820037841797,46.0,185.726,
Urban City Grid,urban,8,Dijkstra,classical,False,19,15,0,11,True,0.249744,21.82842707633972,22.0,0.1070997503321189,1.0753115567951084,0.0,19.416488647460938,46.0,121.915,
Urban City Grid,urban,9,Dijkstra,classical,False,8,0,7,0,True,0.003772,1.0,2.0,0.0,1.2071067811865475,0.0,1.0,46.0,22.993,
Urban City Grid,urban,10,Dijkstra,classical,False,12,1,17,4,True,0.063544,7.414213538169861,8.0,0.19634954084936207,1.051776695296637,0.0,5.830951690673828,46.0,45.113,
Urban City Grid,urban,1,Potential Field,classical,False,11,16,8,2,True,7.78904,18.071067690849304,17.0,0.41579902264739294,1.0243655036690056,0.0,14.317821502685547,46.0,279.03,
Urban City Grid,urban,2,Potential Field,classical,False,6,0,11,18,True,6.964169,23.727921843528748,21.0,0.6731984159896581,1.0,0.0,18.681541442871094,46.0,174.361,
Urban City Grid,urban,3,Potential Field,classical,False,0,7,16,5,True,6.793001,21.313708305358887,19.0,0.41336745982421624,1.0,0.0,16.124515533447266,46.0,176.724,
Urban City Grid,urban,4,Potential Field,classical,False,19,4,12,3,True,6.705962,8.242640614509583,8.0,0.2945243176918947,1.051776695296637,0.0,7.071067810058594,46.0,174.433,
Urban City Grid,urban,5,Potential Field,classical,False,8,18,0,2,True,6.729371,21.899494767189026,20.0,0.4319689873014559,1.0207106781186548,0.0,17.8885440826416,46.0,184.001,
Urban City Grid,urban,6,Potential Field,classical,False,3,17,11,18,True,6.700137,10.071067690849304,9.0,0.5235987870078128,1.0,0.0,8.062257766723633,46.0,279.585,
Urban City Grid,urban,7,Potential Field,classical,False,19,13,8,1,True,7.178116,19.485281229019165,18.0,0.4799655452492334,1.0,0.0,16.278820037841797,46.0,188.886,
Urban City Grid,urban,8,Potential Field,classical,False,19,15,0,11,True,6.78732,25.14213538169861,22.0,0.4283990044401612,1.0,0.0,19.416488647460938,46.0,194.153,
Urban City Grid,urban,9,Potential Field,classical,False,8,0,7,0,True,6.827943,1.0,2.0,0.0,1.2071067811865475,0.0,1.0,46.0,186.985,
Urban City Grid,urban,10,Potential Field,classical,False,12,1,17,4,True,6.908189,7.414213538169861,8.0,0.19634954084936207,1.051776695296637,0.0,5.830951690673828,46.0,193.65,
Urban City Grid,urban,1,Probabilistic Foam (GBPF),classical,True,11,16,8,2,True,0.091981,16.41421353816986,17.0,0.09239978392911156,1.073096511007017,0.0,14.317821502685547,46.0,89.759,
Urban City Grid,urban,2,Probabilistic Foam (GBPF),classical,True,6,0,11,18,True,22.454561,25.82842707633972,26.0,0.3020762166913263,1.0796564543025182,0.0,18.681541442871094,46.0,274.415,
Urban City Grid,urban,3,Probabilistic Foam (GBPF),classical,True,0,7,16,5,True,7.483283,26.0,27.0,0.23271056693257727,1.0920474583051323,0.0,16.124515533447266,46.0,156.299,
Urban City Grid,urban,4,Probabilistic Foam (GBPF),classical,True,19,4,12,3,True,0.213959,7.414213538169861,8.0,0.0981747725639649,1.1035533905932737,0.0,7.071067810058594,46.0,45.645,
Urban City Grid,urban,5,Probabilistic Foam (GBPF),classical,True,8,18,0,2,True,25.219727,23.656854152679443,23.0,0.40977295183966506,1.0540278559617082,0.0,17.8885440826416,46.0,229.421,
Urban City Grid,urban,6,Probabilistic Foam (GBPF),classical,True,3,17,11,18,True,2.280153,11.828427076339722,12.0,0.71994831787385,1.0345177968644246,0.0,8.062257766723633,46.0,94.917,
Urban City Grid,urban,7,Probabilistic Foam (GBPF),classical,True,19,13,8,1,True,12.131199,22.071067690849304,21.0,0.33659921532951653,1.0394489107021996,0.0,16.278820037841797,46.0,275.983,
Urban City Grid,urban,8,Probabilistic Foam (GBPF),classical,True,19,15,0,11,True,9.487369,32.899494767189026,31.0,0.5320439187964267,1.157836200870715,0.0,19.416488647460938,46.0,156.331,
Urban City Grid,urban,9,Probabilistic Foam (GBPF),classical,True,8,0,7,0,True,0.003501,1.0,2.0,0.0,1.2071067811865475,0.0,1.0,46.0,23.461,
Urban City Grid,urban,10,Probabilistic Foam (GBPF),classical,True,12,1,17,4,True,0.053978,8.0,9.0,0.17453292519943295,1.0920474583051323,0.0,5.830951690673828,46.0,33.237,
Urban City Grid,urban,1,Probabilistic Foam (PFM),classical,True,11,16,8,2,False,0.291749,0.0,1.0,0.0,1.0,14.317821502685547,14.317821502685547,46.0,125.678,
Urban City Grid,urban,2,Probabilistic Foam (PFM),classical,True,6,0,11,18,False,0.171877,0.0,1.0,0.0,1.0,18.681541442871094,18.681541442871094,46.0,61.161,
Urban City Grid,urban,3,Probabilistic Foam (PFM),classical,True,0,7,16,5,False,0.042513,0.0,1.0,0.0,1.0,16.124515533447266,16.124515533447266,46.0,24.167,
Urban City Grid,urban,4,Probabilistic Foam (PFM),classical,True,19,4,12,3,False,0.006061,0.0,1.0,0.0,1.4142135623730951,7.071067810058594,7.071067810058594,46.0,19.155,
Urban City Grid,urban,5,Probabilistic Foam (PFM),classical,True,8,18,0,2,False,0.230769,0.0,1.0,0.0,1.0,17.8885440826416,17.8885440826416,46.0,47.329,
Urban City Grid,urban,6,Probabilistic Foam (PFM),classical,True,3,17,11,18,False,0.046433,0.0,1.0,0.0,1.0,8.062257766723633,8.062257766723633,46.0,25.185,
Urban City Grid,urban,7,Probabilistic Foam (PFM),classical,True,19,13,8,1,False,0.69947,0.0,1.0,0.0,1.0,16.278820037841797,16.278820037841797,46.0,231.659,
Urban City Grid,urban,8,Probabilistic Foam (PFM),classical,True,19,15,0,11,False,0.097859,0.0,1.0,0.0,1.0,19.416488647460938,19.416488647460938,46.0,28.321,
Urban City Grid,urban,9,Probabilistic Foam (PFM),classical,True,8,0,7,0,False,0.006273,0.0,1.0,0.0,1.4142135623730951,1.0,1.0,46.0,18.809,
Urban City Grid,urban,10,Probabilistic Foam (PFM),classical,True,12,1,17,4,False,0.107816,0.0,1.0,0.0,1.0,5.830951690673828,5.830951690673828,46.0,33.649,
Urban City Grid,urban,1,Probabilistic Foam (RBPF),classical,True,11,16,8,2,False,0.659832,0.0,1.0,0.0,1.0,14.317821502685547,14.317821502685547,46.0,173.724,
Urban City Grid,urban,2,Probabilistic Foam (RBPF),classical,True,6,0,11,18,False,0.058142,0.0,1.0,0.0,1.0,18.681541442871094,18.681541442871094,46.0,24.446,
Urban City Grid,urban,3,Probabilistic Foam (RBPF),classical,True,0,7,16,5,False,0.077524,0.0,1.0,0.0,1.0,16.124515533447266,16.124515533447266,46.0,28.964,
Urban City Grid,urban,4,Probabilistic Foam (RBPF),classical,True,19,4,12,3,False,0.0,0.0,1.0,0.0,1.4142135623730951,7.071067810058594,7.071067810058594,46.0,18.924,
Urban City Grid,urban,5,Probabilistic Foam (RBPF),classical,True,8,18,0,2,False,0.262999,0.0,1.0,0.0,1.0,17.8885440826416,17.8885440826416,46.0,52.068,
Urban City Grid,urban,6,Probabilistic Foam (RBPF),classical,True,3,17,11,18,True,0.207057,10.656854152679443,10.0,0.549778719512495,1.0414213562373096,0.0,8.062257766723633,46.0,59.598,
Urban City Grid,urban,7,Probabilistic Foam (RBPF),classical,True,19,13,8,1,False,0.015105,0.0,1.0,0.0,1.0,16.278820037841797,16.278820037841797,46.0,34.684,
Urban City Grid,urban,8,Probabilistic Foam (RBPF),classical,True,19,15,0,11,False,0.078546,0.0,1.0,0.0,1.0,19.416488647460938,19.416488647460938,46.0,47.692,
Urban City Grid,urban,9,Probabilistic Foam (RBPF),classical,True,8,0,7,0,False,0.0,0.0,1.0,0.0,1.4142135623730951,1.0,1.0,46.0,21.332,
Urban City Grid,urban,10,Probabilistic Foam (RBPF),classical,True,12,1,17,4,False,0.051234,0.0,1.0,0.0,1.0,5.830951690673828,5.830951690673828,46.0,34.812,
Urban City Grid,urban,1,Probabilistic Foam (HPF),classical,True,11,16,8,2,False,0.659718,0.0,1.0,0.0,1.0,14.317821502685547,14.317821502685547,46.0,172.102,
Urban City Grid,urban,2,Probabilistic Foam (HPF),classical,True,6,0,11,18,False,0.03507,0.0,1.0,0.0,1.0,18.681541442871094,18.681541442871094,46.0,24.089,
Urban City Grid,urban,3,Probabilistic Foam (HPF),classical,True,0,7,16,5,False,0.147699,0.0,1.0,0.0,1.0,16.124515533447266,16.124515533447266,46.0,38.369,
Urban City Grid,urban,4,Probabilistic Foam (HPF),classical,True,19,4,12,3,False,0.025259,0.0,1.0,0.0,1.4142135623730951,7.071067810058594,7.071067810058594,46.0,18.865,
Urban City Grid,urban,5,Probabilistic Foam (HPF),classical,True,8,18,0,2,False,0.208144,0.0,1.0,0.0,1.0,17.8885440826416,17.8885440826416,46.0,49.449,
Urban City Grid,urban,6,Probabilistic Foam (HPF),classical,True,3,17,11,18,False,0.174862,0.0,1.0,0.0,1.0,8.062257766723633,8.062257766723633,46.0,41.211,
Urban City Grid,urban,7,Probabilistic Foam (HPF),classical,True,19,13,8,1,False,0.575888,0.0,1.0,0.0,1.0,16.278820037841797,16.278820037841797,46.0,203.969,
Urban City Grid,urban,8,Probabilistic Foam (HPF),classical,True,19,15,0,11,False,0.107549,0.0,1.0,0.0,1.0,19.416488647460938,19.416488647460938,46.0,36.905,
Urban City Grid,urban,9,Probabilistic Foam (HPF),classical,True,8,0,7,0,False,0.013796,0.0,1.0,0.0,1.4142135623730951,1.0,1.0,46.0,18.865,
Urban City Grid,urban,10,Probabilistic Foam (HPF),classical,True,12,1,17,4,False,0.047535,0.0,1.0,0.0,1.0,5.830951690673828,5.830951690673828,46.0,24.145,
Urban Downtown,urban,1,A*,classical,False,5,15,12,2,True,0.079663,17.071067690849304,16.0,0.4908738499841213,1.0,0.0,14.764822959899902,42.0,117.006,
Urban Downtown,urban,2,A*,classical,False,6,0,17,17,True,0.171346,23.313708305358887,21.0,0.411399032265335,1.0,0.0,20.248456954956055,42.0,121.433,
Urban Downtown,urban,3,A*,classical,False,12,6,4,6,True,0.056295,8.0,9.0,0.0,1.0460237291525663,0.0,8.0,42.0,31.673,
Urban Downtown,urban,4,A*,classical,False,12,5,10,3,True,0.010967,3.414213538169861,4.0,0.39269908169872414,1.0,0.0,2.8284270763397217,42.0,25.081,
Urban Downtown,urban,5,A*,classical,False,15,17,4,2,True,0.145959,21.899494767189026,20.0,0.5105088053526279,1.0,0.0,18.601076126098633,42.0,77.129,
Urban Downtown,urban,6,A*,classical,False,8,16,17,17,True,0.027683,9.41421353816986,10.0,0.07853981805117191,1.0,0.0,9.05538558959961,42.0,36.465,
Urban Downtown,urban,7,A*,classical,False,16,19,8,13,True,0.053989,11.656854152679443,11.0,0.35699916984818675,1.128564869306645,0.0,10.0,42.0,80.257,
Urban Downtown,urban,8,A*,classical,False,7,1,8,14,True,0.048788,13.41421353816986,14.0,0.11219973518331106,1.0295866830266498,0.0,13.03840446472168,42.0,58.001,
Urban Downtown,urban,9,A*,classical,False,19,9,8,0,True,0.083084,17.071067690849304,16.0,0.4908738521234052,1.0,0.0,14.21267032623291,42.0,88.481,
Urban Downtown,urban,10,A*,classical,False,7,0,12,1,True,0.014997,5.414213538169861,6.0,0.1308996967519532,1.0690355937288492,0.0,5.099019527435303,42.0,35.345,
Urban Downtown,urban,1,SPRM,classical,False,5,15,12,2,True,1.936921,24.242640614509583,24.0,0.2617993877991494,1.0345177968644246,0.0,14.764822959899902,42.0,327.687,
Urban Downtown,urban,2,SPRM,classical,False,6,0,17,17,True,1.310626,47.071067690849304,46.0,0.27318196913327464,1.0630324986219926,0.0,20.248456954956055,42.0,502.486,
Urban Downtown,urban,3,SPRM,classical,False,12,6,4,6,True,0.033602,8.0,9.0,0.0,1.0460237291525663,0.0,8.0,42.0,24.17,
Urban Downtown,urban,4,SPRM,classical,False,12,5,10,3,True,0.286134,4.828427076339722,5.0,0.7853981668203025,1.0,0.0,2.8284270763397217,42.0,27.442,
Urban Downtown,urban,5,SPRM,classical,False,15,17,4,2,True,2.151593,30.485281229019165,29.0,0.4062404275730659,1.028566452577455,0.0,18.601076126098633,42.0,581.622,
Urban Downtown,urban,6,SPRM,classical,False,8,16,17,17,True,1.275006,24.485281229019165,23.0,0.5463639412429443,1.0180092853205693,0.0,9.05538558959961,42.0,634.358,
Urban Downtown,urban,7,SPRM,classical,False,16,19,8,13,True,0.458817,14.0,15.0,0.10471975511965977,1.6748278329914976,0.0,10.0,42.0,190.918,
Urban Downtown,urban,8,SPRM,classical,False,7,1,8,14,True,0.219694,13.41421353816986,14.0,0.11219973518331106,1.0295866830266498,0.0,13.03840446472168,42.0,39.562,
Urban Downtown,urban,9,SPRM,classical,False,19,9,8,0,True,0.315305,20.0,21.0,0.07479982508547127,1.078897821404399,0.0,14.21267032623291,42.0,72.51,
Urban Downtown,urban,10,SPRM,classical,False,7,0,12,1,True,0.20576,6.0,7.0,0.2243994752564138,1.1183467321065985,0.0,5.099019527435303,42.0,64.35,
Urban Downtown,urban,1,RRT,classical,False,5,15,12,2,True,3.121162,30.485281229019165,29.0,0.4874885140319148,1.0,0.0,14.764822959899902,42.0,288.844,
Urban Downtown,urban,2,RRT,classical,False,6,0,17,17,True,4.067472,35.31370830535889,33.0,0.45219894100632446,1.308694321124801,0.0,20.248456954956055,42.0,218.961,
Urban Downtown,urban,3,RRT,classical,False,12,6,4,6,True,17.744941,8.0,9.0,0.0,1.0460237291525663,0.0,8.0,42.0,287.034,
Urban Downtown,urban,4,RRT,classical,False,12,5,10,3,True,0.37989,3.414213538169861,4.0,0.39269908169872414,1.0,0.0,2.8284270763397217,42.0,93.054,
Urban Downtown,urban,5,RRT,classical,False,15,17,4,2,True,10.026922,30.485281229019165,29.0,0.3520750405348152,1.1118151961075617,0.0,18.601076126098633,42.0,262.13,
Urban Downtown,urban,6,RRT,classical,False,8,16,17,17,True,0.103943,9.41421353816986,10.0,0.07853981805117191,1.0,0.0,9.05538558959961,42.0,65.482,
Urban Downtown,urban,7,RRT,classical,False,16,19,8,13,True,0.572854,17.41421353816986,18.0,0.34906584849728023,1.7191262172221755,0.0,10.0,42.0,122.234,
Urban Downtown,urban,8,RRT,classical,False,7,1,8,14,True,1.94503,13.41421353816986,14.0,0.11219973518331106,1.0295866830266498,0.0,13.03840446472168,42.0,191.346,
Urban Downtown,urban,9,RRT,classical,False,19,9,8,0,True,2.611066,37.31370830535889,35.0,0.35903916334413716,1.0473386928426394,0.0,14.21267032623291,42.0,189.442,
Urban Downtown,urban,10,RRT,classical,False,7,0,12,1,True,0.346996,6.0,7.0,0.2243994752564138,1.1183467321065985,0.0,5.099019527435303,42.0,92.489,
Urban City Grid,urban,1,A*,classical,False,11,16,8,2,True,0.062455,16.41421353816986,17.0,0.09239978392911156,1.073096511007017,0.0,14.317821502685547,46.0,121.862,
Urban City Grid,urban,2,A*,classical,False,6,0,11,18,True,0.073332,21.242640614509583,21.0,0.2243994752564138,1.0591733660532994,0.0,18.681541442871094,46.0,94.185,
Urban City Grid,urban,3,A*,classical,False,0,7,16,5,True,0.08386,18.82842707633972,19.0,0.12401023722666399,1.065402141427331,0.0,16.124515533447266,46.0,63.961,
Urban City Grid,urban,4,A*,classical,False,19,4,12,3,True,0.020836,7.414213538169861,8.0,0.0981747725639649,1.1035533905932737,0.0,7.071067810058594,46.0,32.481,
Urban City Grid,urban,5,A*,classical,False,8,18,0,2,True,0.102306,21.071067690849304,20.0,0.27488935804482045,1.0414213562373096,0.0,17.8885440826416,46.0,63.993,
Urban City Grid,urban,6,A*,classical,False,3,17,11,18,True,0.051571,9.242640614509583,9.0,0.17453292900260425,1.0920474583051323,0.0,8.062257766723633,46.0,40.561,
Urban City Grid,urban,7,A*,classical,False,19,13,8,1,True,0.084798,19.485281229019165,18.0,0.4799655452492334,1.0,0.0,16.278820037841797,46.0,125.553,
Urban City Grid,urban,8,A*,classical,False,19,15,0,11,True,0.090106,21.82842707633972,22.0,0.1070997503321189,1.0753115567951084,0.0,19.416488647460938,46.0,110.921,
Urban City Grid,urban,9,A*,classical,False,8,0,7,0,True,0.005035,1.0,2.0,0.0,1.2071067811865475,0.0,1.0,46.0,25.873,
Urban City Grid,urban,10,A*,classical,False,12,1,17,4,True,0.025521,7.414213538169861,8.0,0.19634954084936207,1.051776695296637,0.0,5.830951690673828,46.0,40.025,
Urban City Grid,urban,1,SPRM,classical,False,11,16,8,2,True,0.367888,17.0,18.0,0.08726646259971647,1.0920474583051323,0.0,14.317821502685547,46.0,154.185,
Urban City Grid,urban,2,SPRM,classical,False,6,0,11,18,True,0.940907,37.24264061450958,37.0,0.2122697720410108,1.0783647280165316,0.0,18.681541442871094,46.0,585.41,
Urban City Grid,urban,3,SPRM,classical,False,0,7,16,5,True,0.64357,19.41421353816986,20.0,0.11780972536533078,1.082842712474619,0.0,16.124515533447266,46.0,197.016,
Urban City Grid,urban,4,SPRM,classical,False,19,4,12,3,True,0.224662,7.414213538169861,8.0,0.0981747725639649,1.1035533905932737,0.0,7.071067810058594,46.0,75.246,
Urban City Grid,urban,5,SPRM,classical,False,8,18,0,2,True,0.64243,24.0,25.0,0.12566370614359174,1.099411254969543,0.0,17.8885440826416,46.0,202.102,
Urban City Grid,urban,6,SPRM,classical,False,3,17,11,18,True,1.19331,40.65685415267944,40.0,0.19634954170507563,1.082842712474619,0.0,8.062257766723633,46.0,784.95,
Urban City Grid,urban,7,SPRM,classical,False,19,13,8,1,True,1.211398,45.0,46.0,0.13659098493868665,1.0990510692631312,0.0,16.278820037841797,46.0,652.102,
Urban City Grid,urban,8,SPRM,classical,False,19,15,0,11,True,1.16282,25.0,26.0,0.1208304866765305,1.1115190360235259,0.0,19.416488647460938,46.0,586.574,
Urban City Grid,urban,9,SPRM,classical,False,8,0,7,0,True,0.031524,1.0,2.0,0.0,1.2071067811865475,0.0,1.0,46.0,21.914,
Urban City Grid,urban,10,SPRM,classical,False,12,1,17,4,True,1.000498,30.242640614509583,30.0,0.1832595697479775,1.082842712474619,0.0,5.830951690673828,46.0,502.734,
Urban Downtown,urban,1,RRT-Connect,classical,False,,,,,False,,,,,,,,,,name 'n' is not defined
Urban Downtown,urban,2,RRT-Connect,classical,False,,,,,False,,,,,,,,,,name 'n' is not defined
Urban Downtown,urban,3,RRT-Connect,classical,False,,,,,False,,,,,,,,,,name 'n' is not defined
Urban Downtown,urban,4,RRT-Connect,classical,False,,,,,False,,,,,,,,,,name 'n' is not defined
Urban Downtown,urban,5,RRT-Connect,classical,False,,,,,False,,,,,,,,,,name 'n' is not defined
Urban Downtown,urban,6,RRT-Connect,classical,False,,,,,False,,,,,,,,,,name 'n' is not defined
Urban Downtown,urban,7,RRT-Connect,classical,False,,,,,False,,,,,,,,,,name 'n' is not defined
Urban Downtown,urban,8,RRT-Connect,classical,False,,,,,False,,,,,,,,,,name 'n' is not defined
Urban Downtown,urban,9,RRT-Connect,classical,False,,,,,False,,,,,,,,,,name 'n' is not defined
Urban Downtown,urban,10,RRT-Connect,classical,False,,,,,False,,,,,,,,,,name 'n' is not defined
Urban Downtown,urban,1,Wave-front,classical,False,5,15,12,2,True,0.202294,17.071067690849304,16.0,0.4908738499841213,1.0,0.0,14.764822959899902,42.0,138.982,
Urban Downtown,urban,2,Wave-front,classical,False,6,0,17,17,True,0.271096,23.313708305358887,21.0,0.411399032265335,1.0,0.0,20.248456954956055,42.0,33.049,
Urban Downtown,urban,3,Wave-front,classical,False,12,6,4,6,True,0.096285,8.0,9.0,0.0,1.0460237291525663,0.0,8.0,42.0,27.265,
Urban Downtown,urban,4,Wave-front,classical,False,12,5,10,3,True,0.015706,3.414213538169861,4.0,0.39269908169872414,1.0,0.0,2.8284270763397217,42.0,24.409,
Urban Downtown,urban,5,Wave-front,classical,False,15,17,4,2,True,0.269186,21.899494767189026,20.0,0.5497787126667868,1.0,0.0,18.601076126098633,42.0,32.721,
Urban Downtown,urban,6,Wave-front,classical,False,8,16,17,17,True,0.106162,9.41421353816986,10.0,0.07853981805117191,1.0,0.0,9.05538558959961,42.0,27.849,
Urban Downtown,urban,7,Wave-front,classical,False,16,19,8,13,True,0.192544,11.656854152679443,11.0,0.42839899821678995,1.0909090909090908,0.0,10.0,42.0,87.159,
Urban Downtown,urban,8,Wave-front,classical,False,7,1,8,14,True,0.216678,13.41421353816986,14.0,0.11219973518331106,1.0295866830266498,0.0,13.03840446472168,42.0,67.953,
Urban Downtown,urban,9,Wave-front,classical,False,19,9,8,0,True,0.196365,17.071067690849304,16.0,0.4908738521234052,1.0,0.0,14.21267032623291,42.0,30.641,
Urban Downtown,urban,10,Wave-front,classical,False,7,0,12,1,True,0.031087,5.414213538169861,6.0,0.1308996967519532,1.0690355937288492,0.0,5.099019527435303,42.0,25.593,
Urban Downtown,urban,1,Dijkstra,classical,False,5,15,12,2,True,0.245162,17.071067690849304,16.0,0.4908738499841213,1.0,0.0,14.764822959899902,42.0,221.806,
Urban Downtown,urban,2,Dijkstra,classical,False,6,0,17,17,True,0.298488,23.313708305358887,21.0,0.411399032265335,1.0,0.0,20.248456954956055,42.0,113.193,
Urban Downtown,urban,3,Dijkstra,classical,False,12,6,4,6,True,0.098208,8.0,9.0,0.0,1.0460237291525663,0.0,8.0,42.0,58.129,
Urban Downtown,urban,4,Dijkstra,classical,False,12,5,10,3,True,0.022091,3.414213538169861,4.0,0.39269908169872414,1.0,0.0,2.8284270763397217,42.0,31.593,
Urban Downtown,urban,5,Dijkstra,classical,False,15,17,4,2,True,0.293211,21.899494767189026,20.0,0.5105088053526279,1.0,0.0,18.601076126098633,42.0,111.452,
Urban Downtown,urban,6,Dijkstra,classical,False,8,16,17,17,True,0.174796,9.41421353816986,10.0,0.07853981805117191,1.0,0.0,9.05538558959961,42.0,73.017,
Urban Downtown,urban,7,Dijkstra,classical,False,16,19,8,13,True,0.112148,11.656854152679443,11.0,0.2855993352562123,1.2941879979545263,0.0,10.0,42.0,135.848,
Urban Downtown,urban,8,Dijkstra,classical,False,7,1,8,14,True,0.139993,13.41421353816986,14.0,0.11219973518331106,1.0295866830266498,0.0,13.03840446472168,42.0,128.754,
Urban Downtown,urban,9,Dijkstra,classical,False,19,9,8,0,True,0.209931,17.071067690849304,16.0,0.4908738521234052,1.0,0.0,14.21267032623291,42.0,101.856,
Urban Downtown,urban,10,Dijkstra,classical,False,7,0,12,1,True,0.037084,5.414213538169861,6.0,0.1308996967519532,1.0690355937288492,0.0,5.099019527435303,42.0,36.161,
Urban Downtown,urban,1,Potential Field,classical,False,5,15,12,2,True,6.155105,17.071067690849304,16.0,0.4908738499841213,1.0,0.0,14.764822959899902,42.0,277.054,
Urban Downtown,urban,2,Potential Field,classical,False,6,0,17,17,True,6.436017,23.313708305358887,21.0,0.411399032265335,1.0,0.0,20.248456954956055,42.0,173.041,
Urban Downtown,urban,3,Potential Field,classical,False,12,6,4,6,True,6.239268,8.0,9.0,0.0,1.0460237291525663,0.0,8.0,42.0,169.436,
Urban Downtown,urban,4,Potential Field,classical,False,12,5,10,3,True,6.349304,3.414213538169861,4.0,0.39269908169872414,1.0,0.0,2.8284270763397217,42.0,170.513,
Urban Downtown,urban,5,Potential Field,classical,False,15,17,4,2,True,6.043148,21.899494767189026,20.0,0.5105088053526279,1.0,0.0,18.601076126098633,42.0,181.697,
Urban Downtown,urban,6,Potential Field,classical,False,8,16,17,17,True,6.142143,11.071067690849304,10.0,0.23561945415351576,1.0,0.0,9.05538558959961,42.0,279.185,
Urban Downtown,urban,7,Potential Field,classical,False,16,19,8,13,True,6.111671,11.656854152679443,11.0,0.3569991667365011,1.128564869306645,0.0,10.0,42.0,182.393,
Urban Downtown,urban,8,Potential Field,classical,False,7,1,8,14,True,5.920805,15.071067690849304,14.0,0.5609986759165553,1.0,0.0,13.03840446472168,42.0,187.177,
Urban Downtown,urban,9,Potential Field,classical,False,19,9,8,0,True,5.935851,18.485281229019165,17.0,0.5081988126168353,1.0,0.0,14.21267032623291,42.0,193.334,
Urban Downtown,urban,10,Potential Field,classical,False,7,0,12,1,True,6.047347,5.414213538169861,6.0,0.1308996967519532,1.0690355937288492,0.0,5.099019527435303,42.0,191.025,
Urban Downtown,urban,1,Probabilistic Foam (GBPF),classical,True,5,15,12,2,True,11.062166,18.82842707633972,19.0,0.4133674526182074,1.0218007138091103,0.0,14.764822959899902,42.0,276.781,
Urban Downtown,urban,2,Probabilistic Foam (GBPF),classical,True,6,0,17,17,True,5.672226,26.242640614509583,26.0,0.3624914587131091,1.0318625817210074,0.0,20.248456954956055,42.0,148.778,
Urban Downtown,urban,3,Probabilistic Foam (GBPF),classical,True,12,6,4,6,True,0.058642,8.0,9.0,0.0,1.0460237291525663,0.0,8.0,42.0,37.493,
Urban Downtown,urban,4,Probabilistic Foam (GBPF),classical,True,12,5,10,3,True,0.029918,3.414213538169861,4.0,0.39269908169872414,1.0,0.0,2.8284270763397217,42.0,31.589,
Urban Downtown,urban,5,Probabilistic Foam (GBPF),classical,True,15,17,4,2,True,19.784228,27.071067690849304,26.0,0.5135295677170135,1.0159312908605036,0.0,18.601076126098633,42.0,204.069,
Urban Downtown,urban,6,Probabilistic Foam (GBPF),classical,True,8,16,17,17,True,0.276479,12.242640614509583,12.0,0.3272492390275045,1.1868867239266072,0.0,9.05538558959961,42.0,60.109,
Urban Downtown,urban,7,Probabilistic Foam (GBPF),classical,True,16,19,8,13,True,0.511506,14.0,15.0,0.10471975511965977,1.6748278329914976,0.0,10.0,42.0,122.765,
Urban Downtown,urban,8,Probabilistic Foam (GBPF),classical,True,7,1,8,14,True,0.030819,14.242640614509583,14.0,0.33659920554993317,1.0295866830266498,0.0,13.03840446472168,42.0,45.989,
Urban Downtown,urban,9,Probabilistic Foam (GBPF),classical,True,19,9,8,0,True,2.828116,19.41421353816986,20.0,0.39269908169872414,1.0207106781186548,0.0,14.21267032623291,42.0,170.261,
Urban Downtown,urban,10,Probabilistic Foam (GBPF),classical,True,7,0,12,1,True,0.033532,5.414213538169861,6.0,0.1308996967519532,1.0690355937288492,0.0,5.099019527435303,42.0,29.373,
