map_name,map_category,trial,algorithm,algorithm_group,is_foam,start_x,start_y,goal_x,goal_y,goal_found,total_time,total_distance,total_steps,smoothness_of_trajectory,obstacle_clearance,distance_to_goal,original_distance_to_goal,map_obstacles_percentage,memory_kib,error
vin test 8x8 -3,non_urban,1,Potential Field,classical,False,1,7,7,0,True,0.044894,10.656854152679443,10.0,0.31415926193612514,1.5650281539872886,0.0,9.219544410705566,26.5625,134.318,
Uniform Random Fill,non_urban,1,A*,classical,False,,,,,False,,,,,,,,,,Map 'Uniform Random Fill' has fewer than 2 valid positions
Uniform Random Fill,non_urban,2,A*,classical,False,,,,,False,,,,,,,,,,Map 'Uniform Random Fill' has fewer than 2 valid positions
Uniform Random Fill,non_urban,3,A*,classical,False,,,,,False,,,,,,,,,,Map 'Uniform Random Fill' has fewer than 2 valid positions
Uniform Random Fill,non_urban,4,A*,classical,False,,,,,False,,,,,,,,,,Map 'Uniform Random Fill' has fewer than 2 valid positions
Uniform Random Fill,non_urban,5,A*,classical,False,,,,,False,,,,,,,,,,Map 'Uniform Random Fill' has fewer than 2 valid positions
Uniform Random Fill,non_urban,6,A*,classical,False,,,,,False,,,,,,,,,,Map 'Uniform Random Fill' has fewer than 2 valid positions
Uniform Random Fill,non_urban,7,A*,classical,False,,,,,False,,,,,,,,,,Map 'Uniform Random Fill' has fewer than 2 valid positions
Uniform Random Fill,non_urban,8,A*,classical,False,,,,,False,,,,,,,,,,Map 'Uniform Random Fill' has fewer than 2 valid positions
Uniform Random Fill,non_urban,9,A*,classical,False,,,,,False,,,,,,,,,,Map 'Uniform Random Fill' has fewer than 2 valid positions
Uniform Random Fill,non_urban,10,A*,classical,False,,,,,False,,,,,,,,,,Map 'Uniform Random Fill' has fewer than 2 valid positions
Uniform Random Fill,non_urban,1,SPRM,classical,False,,,,,False,,,,,,,,,,Map 'Uniform Random Fill' has fewer than 2 valid positions
Uniform Random Fill,non_urban,2,SPRM,classical,False,,,,,False,,,,,,,,,,Map 'Uniform Random Fill' has fewer than 2 valid positions
Uniform Random Fill,non_urban,3,SPRM,classical,False,,,,,False,,,,,,,,,,Map 'Uniform Random Fill' has fewer than 2 valid positions
Uniform Random Fill,non_urban,4,SPRM,classical,False,,,,,False,,,,,,,,,,Map 'Uniform Random Fill' has fewer than 2 valid positions
Uniform Random Fill,non_urban,5,SPRM,classical,False,,,,,False,,,,,,,,,,Map 'Uniform Random Fill' has fewer than 2 valid positions
Uniform Random Fill,non_urban,6,SPRM,classical,False,,,,,False,,,,,,,,,,Map 'Uniform Random Fill' has fewer than 2 valid positions
Uniform Random Fill,non_urban,7,SPRM,classical,False,,,,,False,,,,,,,,,,Map 'Uniform Random Fill' has fewer than 2 valid positions
Uniform Random Fill,non_urban,8,SPRM,classical,False,,,,,False,,,,,,,,,,Map 'Uniform Random Fill' has fewer than 2 valid positions
Uniform Random Fill,non_urban,9,SPRM,classical,False,,,,,False,,,,,,,,,,Map 'Uniform Random Fill' has fewer than 2 valid positions
Uniform Random Fill,non_urban,10,SPRM,classical,False,,,,,False,,,,,,,,,,Map 'Uniform Random Fill' has fewer than 2 valid positions
Uniform Random Fill,non_urban,1,RT,classical,False,,,,,False,,,,,,,,,,Map 'Uniform Random Fill' has fewer than 2 valid positions
Uniform Random Fill,non_urban,2,RT,classical,False,,,,,False,,,,,,,,,,Map 'Uniform Random Fill' has fewer than 2 valid positions
Uniform Random Fill,non_urban,3,RT,classical,False,,,,,False,,,,,,,,,,Map 'Uniform Random Fill' has fewer than 2 valid positions
Uniform Random Fill,non_urban,4,RT,classical,False,,,,,False,,,,,,,,,,Map 'Uniform Random Fill' has fewer than 2 valid positions
Uniform Random Fill,non_urban,5,RT,classical,False,,,,,False,,,,,,,,,,Map 'Uniform Random Fill' has fewer than 2 valid positions
Uniform Random Fill,non_urban,6,RT,classical,False,,,,,False,,,,,,,,,,Map 'Uniform Random Fill' has fewer than 2 valid positions
Uniform Random Fill,non_urban,7,RT,classical,False,,,,,False,,,,,,,,,,Map 'Uniform Random Fill' has fewer than 2 valid positions
Uniform Random Fill,non_urban,8,RT,classical,False,,,,,False,,,,,,,,,,Map 'Uniform Random Fill' has fewer than 2 valid positions
Uniform Random Fill,non_urban,9,RT,classical,False,,,,,False,,,,,,,,,,Map 'Uniform Random Fill' has fewer than 2 valid positions
Uniform Random Fill,non_urban,10,RT,classical,False,,,,,False,,,,,,,,,,Map 'Uniform Random Fill' has fewer than 2 valid positions
Uniform Random Fill,non_urban,1,RRT,classical,False,,,,,False,,,,,,,,,,Map 'Uniform Random Fill' has fewer than 2 valid positions
Uniform Random Fill,non_urban,2,RRT,classical,False,,,,,False,,,,,,,,,,Map 'Uniform Random Fill' has fewer than 2 valid positions
Uniform Random Fill,non_urban,3,RRT,classical,False,,,,,False,,,,,,,,,,Map 'Uniform Random Fill' has fewer than 2 valid positions
Uniform Random Fill,non_urban,4,RRT,classical,False,,,,,False,,,,,,,,,,Map 'Uniform Random Fill' has fewer than 2 valid positions
Uniform Random Fill,non_urban,5,RRT,classical,False,,,,,False,,,,,,,,,,Map 'Uniform Random Fill' has fewer than 2 valid positions
Uniform Random Fill,non_urban,6,RRT,classical,False,,,,,False,,,,,,,,,,Map 'Uniform Random Fill' has fewer than 2 valid positions
Uniform Random Fill,non_urban,7,RRT,classical,False,,,,,False,,,,,,,,,,Map 'Uniform Random Fill' has fewer than 2 valid positions
Uniform Random Fill,non_urban,8,RRT,classical,False,,,,,False,,,,,,,,,,Map 'Uniform Random Fill' has fewer than 2 valid positions
Uniform Random Fill,non_urban,9,RRT,classical,False,,,,,False,,,,,,,,,,Map 'Uniform Random Fill' has fewer than 2 valid positions
Uniform Random Fill,non_urban,10,RRT,classical,False,,,,,False,,,,,,,,,,Map 'Uniform Random Fill' has fewer than 2 valid positions
Uniform Random Fill,non_urban,1,RRT*,classical,False,,,,,False,,,,,,,,,,Map 'Uniform Random Fill' has fewer than 2 valid positions
Uniform Random Fill,non_urban,2,RRT*,classical,False,,,,,False,,,,,,,,,,Map 'Uniform Random Fill' has fewer than 2 valid positions
Uniform Random Fill,non_urban,3,RRT*,classical,False,,,,,False,,,,,,,,,,Map 'Uniform Random Fill' has fewer than 2 valid positions
Uniform Random Fill,non_urban,4,RRT*,classical,False,,,,,False,,,,,,,,,,Map 'Uniform Random Fill' has fewer than 2 valid positions
Uniform Random Fill,non_urban,5,RRT*,classical,False,,,,,False,,,,,,,,,,Map 'Uniform Random Fill' has fewer than 2 valid positions
Uniform Random Fill,non_urban,6,RRT*,classical,False,,,,,False,,,,,,,,,,Map 'Uniform Random Fill' has fewer than 2 valid positions
Uniform Random Fill,non_urban,7,RRT*,classical,False,,,,,False,,,,,,,,,,Map 'Uniform Random Fill' has fewer than 2 valid positions
Uniform Random Fill,non_urban,8,RRT*,classical,False,,,,,False,,,,,,,,,,Map 'Uniform Random Fill' has fewer than 2 valid positions
Uniform Random Fill,non_urban,9,RRT*,classical,False,,,,,False,,,,,,,,,,Map 'Uniform Random Fill' has fewer than 2 valid positions
Uniform Random Fill,non_urban,10,RRT*,classical,False,,,,,False,,,,,,,,,,Map 'Uniform Random Fill' has fewer than 2 valid positions
Uniform Random Fill,non_urban,1,RRT-Connect,classical,False,,,,,False,,,,,,,,,,Map 'Uniform Random Fill' has fewer than 2 valid positions
Uniform Random Fill,non_urban,2,RRT-Connect,classical,False,,,,,False,,,,,,,,,,Map 'Uniform Random Fill' has fewer than 2 valid positions
Uniform Random Fill,non_urban,3,RRT-Connect,classical,False,,,,,False,,,,,,,,,,Map 'Uniform Random Fill' has fewer than 2 valid positions
Uniform Random Fill,non_urban,4,RRT-Connect,classical,False,,,,,False,,,,,,,,,,Map 'Uniform Random Fill' has fewer than 2 valid positions
Uniform Random Fill,non_urban,5,RRT-Connect,classical,False,,,,,False,,,,,,,,,,Map 'Uniform Random Fill' has fewer than 2 valid positions
Uniform Random Fill,non_urban,6,RRT-Connect,classical,False,,,,,False,,,,,,,,,,Map 'Uniform Random Fill' has fewer than 2 valid positions
Uniform Random Fill,non_urban,7,RRT-Connect,classical,False,,,,,False,,,,,,,,,,Map 'Uniform Random Fill' has fewer than 2 valid positions
Uniform Random Fill,non_urban,8,RRT-Connect,classical,False,,,,,False,,,,,,,,,,Map 'Uniform Random Fill' has fewer than 2 valid positions
Uniform Random Fill,non_urban,9,RRT-Connect,classical,False,,,,,False,,,,,,,,,,Map 'Uniform Random Fill' has fewer than 2 valid positions
Uniform Random Fill,non_urban,10,RRT-Connect,classical,False,,,,,False,,,,,,,,,,Map 'Uniform Random Fill' has fewer than 2 valid positions
Uniform Random Fill,non_urban,1,Wave-front,classical,False,,,,,False,,,,,,,,,,Map 'Uniform Random Fill' has fewer than 2 valid positions
Uniform Random Fill,non_urban,2,Wave-front,classical,False,,,,,False,,,,,,,,,,Map 'Uniform Random Fill' has fewer than 2 valid positions
Uniform Random Fill,non_urban,3,Wave-front,classical,False,,,,,False,,,,,,,,,,Map 'Uniform Random Fill' has fewer than 2 valid positions
Uniform Random Fill,non_urban,4,Wave-front,classical,False,,,,,False,,,,,,,,,,Map 'Uniform Random Fill' has fewer than 2 valid positions
Uniform Random Fill,non_urban,5,Wave-front,classical,False,,,,,False,,,,,,,,,,Map 'Uniform Random Fill' has fewer than 2 valid positions
Uniform Random Fill,non_urban,6,Wave-front,classical,False,,,,,False,,,,,,,,,,Map 'Uniform Random Fill' has fewer than 2 valid positions
Uniform Random Fill,non_urban,7,Wave-front,classical,False,,,,,False,,,,,,,,,,Map 'Uniform Random Fill' has fewer than 2 valid positions
Uniform Random Fill,non_urban,8,Wave-front,classical,False,,,,,False,,,,,,,,,,Map 'Uniform Random Fill' has fewer than 2 valid positions
Uniform Random Fill,non_urban,9,Wave-front,classical,False,,,,,False,,,,,,,,,,Map 'Uniform Random Fill' has fewer than 2 valid positions
Uniform Random Fill,non_urban,10,Wave-front,classical,False,,,,,False,,,,,,,,,,Map 'Uniform Random Fill' has fewer than 2 valid positions
Uniform Random Fill,non_urban,1,Dijkstra,classical,False,,,,,False,,,,,,,,,,Map 'Uniform Random Fill' has fewer than 2 valid positions
Uniform Random Fill,non_urban,2,Dijkstra,classical,False,,,,,False,,,,,,,,,,Map 'Uniform Random Fill' has fewer than 2 valid positions
Uniform Random Fill,non_urban,3,Dijkstra,classical,False,,,,,False,,,,,,,,,,Map 'Uniform Random Fill' has fewer than 2 valid positions
Uniform Random Fill,non_urban,4,Dijkstra,classical,False,,,,,False,,,,,,,,,,Map 'Uniform Random Fill' has fewer than 2 valid positions
Uniform Random Fill,non_urban,5,Dijkstra,classical,False,,,,,False,,,,,,,,,,Map 'Uniform Random Fill' has fewer than 2 valid positions
Uniform Random Fill,non_urban,6,Dijkstra,classical,False,,,,,False,,,,,,,,,,Map 'Uniform Random Fill' has fewer than 2 valid positions
Uniform Random Fill,non_urban,7,Dijkstra,classical,False,,,,,False,,,,,,,,,,Map 'Uniform Random Fill' has fewer than 2 valid positions
Uniform Random Fill,non_urban,8,Dijkstra,classical,False,,,,,False,,,,,,,,,,Map 'Uniform Random Fill' has fewer than 2 valid positions
Uniform Random Fill,non_urban,9,Dijkstra,classical,False,,,,,False,,,,,,,,,,Map 'Uniform Random Fill' has fewer than 2 valid positions
Uniform Random Fill,non_urban,10,Dijkstra,classical,False,,,,,False,,,,,,,,,,Map 'Uniform Random Fill' has fewer than 2 valid positions
Uniform Random Fill,non_urban,1,Potential Field,classical,False,,,,,False,,,,,,,,,,Map 'Uniform Random Fill' has fewer than 2 valid positions
Uniform Random Fill,non_urban,2,Potential Field,classical,False,,,,,False,,,,,,,,,,Map 'Uniform Random Fill' has fewer than 2 valid positions
Uniform Random Fill,non_urban,3,Potential Field,classical,False,,,,,False,,,,,,,,,,Map 'Uniform Random Fill' has fewer than 2 valid positions
Uniform Random Fill,non_urban,4,Potential Field,classical,False,,,,,False,,,,,,,,,,Map 'Uniform Random Fill' has fewer than 2 valid positions
Uniform Random Fill,non_urban,5,Potential Field,classical,False,,,,,False,,,,,,,,,,Map 'Uniform Random Fill' has fewer than 2 valid positions
Uniform Random Fill,non_urban,6,Potential Field,classical,False,,,,,False,,,,,,,,,,Map 'Uniform Random Fill' has fewer than 2 valid positions
Uniform Random Fill,non_urban,7,Potential Field,classical,False,,,,,False,,,,,,,,,,Map 'Uniform Random Fill' has fewer than 2 valid positions
Uniform Random Fill,non_urban,8,Potential Field,classical,False,,,,,False,,,,,,,,,,Map 'Uniform Random Fill' has fewer than 2 valid positions
Uniform Random Fill,non_urban,9,Potential Field,classical,False,,,,,False,,,,,,,,,,Map 'Uniform Random Fill' has fewer than 2 valid positions
Uniform Random Fill,non_urban,10,Potential Field,classical,False,,,,,False,,,,,,,,,,Map 'Uniform Random Fill' has fewer than 2 valid positions
Uniform Random Fill,non_urban,1,Probabilistic Foam (GBPF),classical,True,,,,,False,,,,,,,,,,Map 'Uniform Random Fill' has fewer than 2 valid positions
Uniform Random Fill,non_urban,2,Probabilistic Foam (GBPF),classical,True,,,,,False,,,,,,,,,,Map 'Uniform Random Fill' has fewer than 2 valid positions
Uniform Random Fill,non_urban,3,Probabilistic Foam (GBPF),classical,True,,,,,False,,,,,,,,,,Map 'Uniform Random Fill' has fewer than 2 valid positions
Uniform Random Fill,non_urban,4,Probabilistic Foam (GBPF),classical,True,,,,,False,,,,,,,,,,Map 'Uniform Random Fill' has fewer than 2 valid positions
Uniform Random Fill,non_urban,5,Probabilistic Foam (GBPF),classical,True,,,,,False,,,,,,,,,,Map 'Uniform Random Fill' has fewer than 2 valid positions
Uniform Random Fill,non_urban,6,Probabilistic Foam (GBPF),classical,True,,,,,False,,,,,,,,,,Map 'Uniform Random Fill' has fewer than 2 valid positions
Uniform Random Fill,non_urban,7,Probabilistic Foam (GBPF),classical,True,,,,,False,,,,,,,,,,Map 'Uniform Random Fill' has fewer than 2 valid positions
Uniform Random Fill,non_urban,8,Probabilistic Foam (GBPF),classical,True,,,,,False,,,,,,,,,,Map 'Uniform Random Fill' has fewer than 2 valid positions
Uniform Random Fill,non_urban,9,Probabilistic Foam (GBPF),classical,True,,,,,False,,,,,,,,,,Map 'Uniform Random Fill' has fewer than 2 valid positions
Uniform Random Fill,non_urban,10,Probabilistic Foam (GBPF),classical,True,,,,,False,,,,,,,,,,Map 'Uniform Random Fill' has fewer than 2 valid positions
Uniform Random Fill,non_urban,1,Probabilistic Foam (PFM),classical,True,,,,,False,,,,,,,,,,Map 'Uniform Random Fill' has fewer than 2 valid positions
Uniform Random Fill,non_urban,2,Probabilistic Foam (PFM),classical,True,,,,,False,,,,,,,,,,Map 'Uniform Random Fill' has fewer than 2 valid positions
Uniform Random Fill,non_urban,3,Probabilistic Foam (PFM),classical,True,,,,,False,,,,,,,,,,Map 'Uniform Random Fill' has fewer than 2 valid positions
Uniform Random Fill,non_urban,4,Probabilistic Foam (PFM),classical,True,,,,,False,,,,,,,,,,Map 'Uniform Random Fill' has fewer than 2 valid positions
Uniform Random Fill,non_urban,5,Probabilistic Foam (PFM),classical,True,,,,,False,,,,,,,,,,Map 'Uniform Random Fill' has fewer than 2 valid positions
Uniform Random Fill,non_urban,6,Probabilistic Foam (PFM),classical,True,,,,,False,,,,,,,,,,Map 'Uniform Random Fill' has fewer than 2 valid positions
Uniform Random Fill,non_urban,7,Probabilistic Foam (PFM),classical,True,,,,,False,,,,,,,,,,Map 'Uniform Random Fill' has fewer than 2 valid positions
Uniform Random Fill,non_urban,8,Probabilistic Foam (PFM),classical,True,,,,,False,,,,,,,,,,Map 'Uniform Random Fill' has fewer than 2 valid positions
Uniform Random Fill,non_urban,9,Probabilistic Foam (PFM),classical,True,,,,,False,,,,,,,,,,Map 'Uniform Random Fill' has fewer than 2 valid positions
Uniform Random Fill,non_urban,10,Probabilistic Foam (PFM),classical,True,,,,,False,,,,,,,,,,Map 'Uniform Random Fill' has fewer than 2 valid positions
Uniform Random Fill,non_urban,1,Probabilistic Foam (RBPF),classical,True,,,,,False,,,,,,,,,,Map 'Uniform Random Fill' has fewer than 2 valid positions
Uniform Random Fill,non_urban,2,Probabilistic Foam (RBPF),classical,True,,,,,False,,,,,,,,,,Map 'Uniform Random Fill' has fewer than 2 valid positions
Uniform Random Fill,non_urban,3,Probabilistic Foam (RBPF),classical,True,,,,,False,,,,,,,,,,Map 'Uniform Random Fill' has fewer than 2 valid positions
Uniform Random Fill,non_urban,4,Probabilistic Foam (RBPF),classical,True,,,,,False,,,,,,,,,,Map 'Uniform Random Fill' has fewer than 2 valid positions
Uniform Random Fill,non_urban,5,Probabilistic Foam (RBPF),classical,True,,,,,False,,,,,,,,,,Map 'Uniform Random Fill' has fewer than 2 valid positions
Uniform Random Fill,non_urban,6,Probabilistic Foam (RBPF),classical,True,,,,,False,,,,,,,,,,Map 'Uniform Random Fill' has fewer than 2 valid positions
Uniform Random Fill,non_urban,7,Probabilistic Foam (RBPF),classical,True,,,,,False,,,,,,,,,,Map 'Uniform Random Fill' has fewer than 2 valid positions
Uniform Random Fill,non_urban,8,Probabilistic Foam (RBPF),classical,True,,,,,False,,,,,,,,,,Map 'Uniform Random Fill' has fewer than 2 valid positions
Uniform Random Fill,non_urban,9,Probabilistic Foam (RBPF),classical,True,,,,,False,,,,,,,,,,Map 'Uniform Random Fill' has fewer than 2 valid positions
Uniform Random Fill,non_urban,10,Probabilistic Foam (RBPF),classical,True,,,,,False,,,,,,,,,,Map 'Uniform Random Fill' has fewer than 2 valid positions
Uniform Random Fill,non_urban,1,Probabilistic Foam (HPF),classical,True,,,,,False,,,,,,,,,,Map 'Uniform Random Fill' has fewer than 2 valid positions
Uniform Random Fill,non_urban,2,Probabilistic Foam (HPF),classical,True,,,,,False,,,,,,,,,,Map 'Uniform Random Fill' has fewer than 2 valid positions
Uniform Random Fill,non_urban,3,Probabilistic Foam (HPF),classical,True,,,,,False,,,,,,,,,,Map 'Uniform Random Fill' has fewer than 2 valid positions
Uniform Random Fill,non_urban,4,Probabilistic Foam (HPF),classical,True,,,,,False,,,,,,,,,,Map 'Uniform Random Fill' has fewer than 2 valid positions
Uniform Random Fill,non_urban,5,Probabilistic Foam (HPF),classical,True,,,,,False,,,,,,,,,,Map 'Uniform Random Fill' has fewer than 2 valid positions
Uniform Random Fill,non_urban,6,Probabilistic Foam (HPF),classical,True,,,,,False,,,,,,,,,,Map 'Uniform Random Fill' has fewer than 2 valid positions
Uniform Random Fill,non_urban,7,Probabilistic Foam (HPF),classical,True,,,,,False,,,,,,,,,,Map 'Uniform Random Fill' has fewer than 2 valid positions
Uniform Random Fill,non_urban,8,Probabilistic Foam (HPF),classical,True,,,,,False,,,,,,,,,,Map 'Uniform Random Fill' has fewer than 2 valid positions
Uniform Random Fill,non_urban,9,Probabilistic Foam (HPF),classical,True,,,,,False,,,,,,,,,,Map 'Uniform Random Fill' has fewer than 2 valid positions
Uniform Random Fill,non_urban,10,Probabilistic Foam (HPF),classical,True,,,,,False,,,,,,,,,,Map 'Uniform Random Fill' has fewer than 2 valid positions
Block,non_urban,1,A*,classical,False,,,,,False,,,,,,,,,,Map 'Block' has fewer than 2 valid positions
Block,non_urban,2,A*,classical,False,,,,,False,,,,,,,,,,Map 'Block' has fewer than 2 valid positions
Block,non_urban,3,A*,classical,False,,,,,False,,,,,,,,,,Map 'Block' has fewer than 2 valid positions
Block,non_urban,4,A*,classical,False,,,,,False,,,,,,,,,,Map 'Block' has fewer than 2 valid positions
Block,non_urban,5,A*,classical,False,,,,,False,,,,,,,,,,Map 'Block' has fewer than 2 valid positions
Block,non_urban,6,A*,classical,False,,,,,False,,,,,,,,,,Map 'Block' has fewer than 2 valid positions
Block,non_urban,7,A*,classical,False,,,,,False,,,,,,,,,,Map 'Block' has fewer than 2 valid positions
Block,non_urban,8,A*,classical,False,,,,,False,,,,,,,,,,Map 'Block' has fewer than 2 valid positions
Block,non_urban,9,A*,classical,False,,,,,False,,,,,,,,,,Map 'Block' has fewer than 2 valid positions
Block,non_urban,10,A*,classical,False,,,,,False,,,,,,,,,,Map 'Block' has fewer than 2 valid positions
Block,non_urban,1,SPRM,classical,False,,,,,False,,,,,,,,,,Map 'Block' has fewer than 2 valid positions
Block,non_urban,2,SPRM,classical,False,,,,,False,,,,,,,,,,Map 'Block' has fewer than 2 valid positions
Block,non_urban,3,SPRM,classical,False,,,,,False,,,,,,,,,,Map 'Block' has fewer than 2 valid positions
Block,non_urban,4,SPRM,classical,False,,,,,False,,,,,,,,,,Map 'Block' has fewer than 2 valid positions
Block,non_urban,5,SPRM,classical,False,,,,,False,,,,,,,,,,Map 'Block' has fewer than 2 valid positions
Block,non_urban,6,SPRM,classical,False,,,,,False,,,,,,,,,,Map 'Block' has fewer than 2 valid positions
Block,non_urban,7,SPRM,classical,False,,,,,False,,,,,,,,,,Map 'Block' has fewer than 2 valid positions
Block,non_urban,8,SPRM,classical,False,,,,,False,,,,,,,,,,Map 'Block' has fewer than 2 valid positions
Block,non_urban,9,SPRM,classical,False,,,,,False,,,,,,,,,,Map 'Block' has fewer than 2 valid positions
Block,non_urban,10,SPRM,classical,False,,,,,False,,,,,,,,,,Map 'Block' has fewer than 2 valid positions
Block,non_urban,1,RT,classical,False,,,,,False,,,,,,,,,,Map 'Block' has fewer than 2 valid positions
Block,non_urban,2,RT,classical,False,,,,,False,,,,,,,,,,Map 'Block' has fewer than 2 valid positions
Block,non_urban,3,RT,classical,False,,,,,False,,,,,,,,,,Map 'Block' has fewer than 2 valid positions
Block,non_urban,4,RT,classical,False,,,,,False,,,,,,,,,,Map 'Block' has fewer than 2 valid positions
Block,non_urban,5,RT,classical,False,,,,,False,,,,,,,,,,Map 'Block' has fewer than 2 valid positions
Block,non_urban,6,RT,classical,False,,,,,False,,,,,,,,,,Map 'Block' has fewer than 2 valid positions
Block,non_urban,7,RT,classical,False,,,,,False,,,,,,,,,,Map 'Block' has fewer than 2 valid positions
Block,non_urban,8,RT,classical,False,,,,,False,,,,,,,,,,Map 'Block' has fewer than 2 valid positions
Block,non_urban,9,RT,classical,False,,,,,False,,,,,,,,,,Map 'Block' has fewer than 2 valid positions
Block,non_urban,10,RT,classical,False,,,,,False,,,,,,,,,,Map 'Block' has fewer than 2 valid positions
Block,non_urban,1,RRT,classical,False,,,,,False,,,,,,,,,,Map 'Block' has fewer than 2 valid positions
Block,non_urban,2,RRT,classical,False,,,,,False,,,,,,,,,,Map 'Block' has fewer than 2 valid positions
Block,non_urban,3,RRT,classical,False,,,,,False,,,,,,,,,,Map 'Block' has fewer than 2 valid positions
Block,non_urban,4,RRT,classical,False,,,,,False,,,,,,,,,,Map 'Block' has fewer than 2 valid positions
Block,non_urban,5,RRT,classical,False,,,,,False,,,,,,,,,,Map 'Block' has fewer than 2 valid positions
Block,non_urban,6,RRT,classical,False,,,,,False,,,,,,,,,,Map 'Block' has fewer than 2 valid positions
Block,non_urban,7,RRT,classical,False,,,,,False,,,,,,,,,,Map 'Block' has fewer than 2 valid positions
Block,non_urban,8,RRT,classical,False,,,,,False,,,,,,,,,,Map 'Block' has fewer than 2 valid positions
Block,non_urban,9,RRT,classical,False,,,,,False,,,,,,,,,,Map 'Block' has fewer than 2 valid positions
Block,non_urban,10,RRT,classical,False,,,,,False,,,,,,,,,,Map 'Block' has fewer than 2 valid positions
Block,non_urban,1,RRT*,classical,False,,,,,False,,,,,,,,,,Map 'Block' has fewer than 2 valid positions
Block,non_urban,2,RRT*,classical,False,,,,,False,,,,,,,,,,Map 'Block' has fewer than 2 valid positions
Block,non_urban,3,RRT*,classical,False,,,,,False,,,,,,,,,,Map 'Block' has fewer than 2 valid positions
Block,non_urban,4,RRT*,classical,False,,,,,False,,,,,,,,,,Map 'Block' has fewer than 2 valid positions
Block,non_urban,5,RRT*,classical,False,,,,,False,,,,,,,,,,Map 'Block' has fewer than 2 valid positions
Block,non_urban,6,RRT*,classical,False,,,,,False,,,,,,,,,,Map 'Block' has fewer than 2 valid positions
Block,non_urban,7,RRT*,classical,False,,,,,False,,,,,,,,,,Map 'Block' has fewer than 2 valid positions
Block,non_urban,8,RRT*,classical,False,,,,,False,,,,,,,,,,Map 'Block' has fewer than 2 valid positions
Block,non_urban,9,RRT*,classical,False,,,,,False,,,,,,,,,,Map 'Block' has fewer than 2 valid positions
Block,non_urban,10,RRT*,classical,False,,,,,False,,,,,,,,,,Map 'Block' has fewer than 2 valid positions
Block,non_urban,1,RRT-Connect,classical,False,,,,,False,,,,,,,,,,Map 'Block' has fewer than 2 valid positions
Block,non_urban,2,RRT-Connect,classical,False,,,,,False,,,,,,,,,,Map 'Block' has fewer than 2 valid positions
Block,non_urban,3,RRT-Connect,classical,False,,,,,False,,,,,,,,,,Map 'Block' has fewer than 2 valid positions
Block,non_urban,4,RRT-Connect,classical,False,,,,,False,,,,,,,,,,Map 'Block' has fewer than 2 valid positions
Block,non_urban,5,RRT-Connect,classical,False,,,,,False,,,,,,,,,,Map 'Block' has fewer than 2 valid positions
Block,non_urban,6,RRT-Connect,classical,False,,,,,False,,,,,,,,,,Map 'Block' has fewer than 2 valid positions
Block,non_urban,7,RRT-Connect,classical,False,,,,,False,,,,,,,,,,Map 'Block' has fewer than 2 valid positions
Block,non_urban,8,RRT-Connect,classical,False,,,,,False,,,,,,,,,,Map 'Block' has fewer than 2 valid positions
Block,non_urban,9,RRT-Connect,classical,False,,,,,False,,,,,,,,,,Map 'Block' has fewer than 2 valid positions
Block,non_urban,10,RRT-Connect,classical,False,,,,,False,,,,,,,,,,Map 'Block' has fewer than 2 valid positions
Block,non_urban,1,Wave-front,classical,False,,,,,False,,,,,,,,,,Map 'Block' has fewer than 2 valid positions
Block,non_urban,2,Wave-front,classical,False,,,,,False,,,,,,,,,,Map 'Block' has fewer than 2 valid positions
Block,non_urban,3,Wave-front,classical,False,,,,,False,,,,,,,,,,Map 'Block' has fewer than 2 valid positions
Block,non_urban,4,Wave-front,classical,False,,,,,False,,,,,,,,,,Map 'Block' has fewer than 2 valid positions
Block,non_urban,5,Wave-front,classical,False,,,,,False,,,,,,,,,,Map 'Block' has fewer than 2 valid positions
Block,non_urban,6,Wave-front,classical,False,,,,,False,,,,,,,,,,Map 'Block' has fewer than 2 valid positions
Block,non_urban,7,Wave-front,classical,False,,,,,False,,,,,,,,,,Map 'Block' has fewer than 2 valid positions
Block,non_urban,8,Wave-front,classical,False,,,,,False,,,,,,,,,,Map 'Block' has fewer than 2 valid positions
Block,non_urban,9,Wave-front,classical,False,,,,,False,,,,,,,,,,Map 'Block' has fewer than 2 valid positions
Block,non_urban,10,Wave-front,classical,False,,,,,False,,,,,,,,,,Map 'Block' has fewer than 2 valid positions
Block,non_urban,1,Dijkstra,classical,False,,,,,False,,,,,,,,,,Map 'Block' has fewer than 2 valid positions
Block,non_urban,2,Dijkstra,classical,False,,,,,False,,,,,,,,,,Map 'Block' has fewer than 2 valid positions
Block,non_urban,3,Dijkstra,classical,False,,,,,False,,,,,,,,,,Map 'Block' has fewer than 2 valid positions
Block,non_urban,4,Dijkstra,classical,False,,,,,False,,,,,,,,,,Map 'Block' has fewer than 2 valid positions
Block,non_urban,5,Dijkstra,classical,False,,,,,False,,,,,,,,,,Map 'Block' has fewer than 2 valid positions
Block,non_urban,6,Dijkstra,classical,False,,,,,False,,,,,,,,,,Map 'Block' has fewer than 2 valid positions
Block,non_urban,7,Dijkstra,classical,False,,,,,False,,,,,,,,,,Map 'Block' has fewer than 2 valid positions
Block,non_urban,8,Dijkstra,classical,False,,,,,False,,,,,,,,,,Map 'Block' has fewer than 2 valid positions
Block,non_urban,9,Dijkstra,classical,False,,,,,False,,,,,,,,,,Map 'Block' has fewer than 2 valid positions
Block,non_urban,10,Dijkstra,classical,False,,,,,False,,,,,,,,,,Map 'Block' has fewer than 2 valid positions
Block,non_urban,1,Potential Field,classical,False,,,,,False,,,,,,,,,,Map 'Block' has fewer than 2 valid positions
Block,non_urban,2,Potential Field,classical,False,,,,,False,,,,,,,,,,Map 'Block' has fewer than 2 valid positions
Block,non_urban,3,Potential Field,classical,False,,,,,False,,,,,,,,,,Map 'Block' has fewer than 2 valid positions
Block,non_urban,4,Potential Field,classical,False,,,,,False,,,,,,,,,,Map 'Block' has fewer than 2 valid positions
Block,non_urban,5,Potential Field,classical,False,,,,,False,,,,,,,,,,Map 'Block' has fewer than 2 valid positions
Block,non_urban,6,Potential Field,classical,False,,,,,False,,,,,,,,,,Map 'Block' has fewer than 2 valid positions
Block,non_urban,7,Potential Field,classical,False,,,,,False,,,,,,,,,,Map 'Block' has fewer than 2 valid positions
Block,non_urban,8,Potential Field,classical,False,,,,,False,,,,,,,,,,Map 'Block' has fewer than 2 valid positions
Block,non_urban,9,Potential Field,classical,False,,,,,False,,,,,,,,,,Map 'Block' has fewer than 2 valid positions
Block,non_urban,10,Potential Field,classical,False,,,,,False,,,,,,,,,,Map 'Block' has fewer than 2 valid positions
Block,non_urban,1,Probabilistic Foam (GBPF),classical,True,,,,,False,,,,,,,,,,Map 'Block' has fewer than 2 valid positions
Block,non_urban,2,Probabilistic Foam (GBPF),classical,True,,,,,False,,,,,,,,,,Map 'Block' has fewer than 2 valid positions
Block,non_urban,3,Probabilistic Foam (GBPF),classical,True,,,,,False,,,,,,,,,,Map 'Block' has fewer than 2 valid positions
Block,non_urban,4,Probabilistic Foam (GBPF),classical,True,,,,,False,,,,,,,,,,Map 'Block' has fewer than 2 valid positions
Block,non_urban,5,Probabilistic Foam (GBPF),classical,True,,,,,False,,,,,,,,,,Map 'Block' has fewer than 2 valid positions
Block,non_urban,6,Probabilistic Foam (GBPF),classical,True,,,,,False,,,,,,,,,,Map 'Block' has fewer than 2 valid positions
Block,non_urban,7,Probabilistic Foam (GBPF),classical,True,,,,,False,,,,,,,,,,Map 'Block' has fewer than 2 valid positions
Block,non_urban,8,Probabilistic Foam (GBPF),classical,True,,,,,False,,,,,,,,,,Map 'Block' has fewer than 2 valid positions
Block,non_urban,9,Probabilistic Foam (GBPF),classical,True,,,,,False,,,,,,,,,,Map 'Block' has fewer than 2 valid positions
Block,non_urban,10,Probabilistic Foam (GBPF),classical,True,,,,,False,,,,,,,,,,Map 'Block' has fewer than 2 valid positions
Block,non_urban,1,Probabilistic Foam (PFM),classical,True,,,,,False,,,,,,,,,,Map 'Block' has fewer than 2 valid positions
Block,non_urban,2,Probabilistic Foam (PFM),classical,True,,,,,False,,,,,,,,,,Map 'Block' has fewer than 2 valid positions
Block,non_urban,3,Probabilistic Foam (PFM),classical,True,,,,,False,,,,,,,,,,Map 'Block' has fewer than 2 valid positions
Block,non_urban,4,Probabilistic Foam (PFM),classical,True,,,,,False,,,,,,,,,,Map 'Block' has fewer than 2 valid positions
Block,non_urban,5,Probabilistic Foam (PFM),classical,True,,,,,False,,,,,,,,,,Map 'Block' has fewer than 2 valid positions
Block,non_urban,6,Probabilistic Foam (PFM),classical,True,,,,,False,,,,,,,,,,Map 'Block' has fewer than 2 valid positions
Block,non_urban,7,Probabilistic Foam (PFM),classical,True,,,,,False,,,,,,,,,,Map 'Block' has fewer than 2 valid positions
Block,non_urban,8,Probabilistic Foam (PFM),classical,True,,,,,False,,,,,,,,,,Map 'Block' has fewer than 2 valid positions
Block,non_urban,9,Probabilistic Foam (PFM),classical,True,,,,,False,,,,,,,,,,Map 'Block' has fewer than 2 valid positions
Block,non_urban,10,Probabilistic Foam (PFM),classical,True,,,,,False,,,,,,,,,,Map 'Block' has fewer than 2 valid positions
Block,non_urban,1,Probabilistic Foam (RBPF),classical,True,,,,,False,,,,,,,,,,Map 'Block' has fewer than 2 valid positions
Block,non_urban,2,Probabilistic Foam (RBPF),classical,True,,,,,False,,,,,,,,,,Map 'Block' has fewer than 2 valid positions
Block,non_urban,3,Probabilistic Foam (RBPF),classical,True,,,,,False,,,,,,,,,,Map 'Block' has fewer than 2 valid positions
Block,non_urban,4,Probabilistic Foam (RBPF),classical,True,,,,,False,,,,,,,,,,Map 'Block' has fewer than 2 valid positions
Block,non_urban,5,Probabilistic Foam (RBPF),classical,True,,,,,False,,,,,,,,,,Map 'Block' has fewer than 2 valid positions
Block,non_urban,6,Probabilistic Foam (RBPF),classical,True,,,,,False,,,,,,,,,,Map 'Block' has fewer than 2 valid positions
Block,non_urban,7,Probabilistic Foam (RBPF),classical,True,,,,,False,,,,,,,,,,Map 'Block' has fewer than 2 valid positions
Block,non_urban,8,Probabilistic Foam (RBPF),classical,True,,,,,False,,,,,,,,,,Map 'Block' has fewer than 2 valid positions
Block,non_urban,9,Probabilistic Foam (RBPF),classical,True,,,,,False,,,,,,,,,,Map 'Block' has fewer than 2 valid positions
Block,non_urban,10,Probabilistic Foam (RBPF),classical,True,,,,,False,,,,,,,,,,Map 'Block' has fewer than 2 valid positions
Block,non_urban,1,Probabilistic Foam (HPF),classical,True,,,,,False,,,,,,,,,,Map 'Block' has fewer than 2 valid positions
Block,non_urban,2,Probabilistic Foam (HPF),classical,True,,,,,False,,,,,,,,,,Map 'Block' has fewer than 2 valid positions
Block,non_urban,3,Probabilistic Foam (HPF),classical,True,,,,,False,,,,,,,,,,Map 'Block' has fewer than 2 valid positions
Block,non_urban,4,Probabilistic Foam (HPF),classical,True,,,,,False,,,,,,,,,,Map 'Block' has fewer than 2 valid positions
Block,non_urban,5,Probabilistic Foam (HPF),classical,True,,,,,False,,,,,,,,,,Map 'Block' has fewer than 2 valid positions
Block,non_urban,6,Probabilistic Foam (HPF),classical,True,,,,,False,,,,,,,,,,Map 'Block' has fewer than 2 valid positions
Block,non_urban,7,Probabilistic Foam (HPF),classical,True,,,,,False,,,,,,,,,,Map 'Block' has fewer than 2 valid positions
Block,non_urban,8,Probabilistic Foam (HPF),classical,True,,,,,False,,,,,,,,,,Map 'Block' has fewer than 2 valid positions
Block,non_urban,9,Probabilistic Foam (HPF),classical,True,,,,,False,,,,,,,,,,Map 'Block' has fewer than 2 valid positions
Block,non_urban,10,Probabilistic Foam (HPF),classical,True,,,,,False,,,,,,,,,,Map 'Block' has fewer than 2 valid positions
House,non_urban,1,A*,classical,False,9,26,9,4,True,0.144077,30.284270763397217,23.0,0.23903421843401051,2.782608695652174,0.0,22.0,10.841836734693878,251.438,
House,non_urban,2,A*,classical,False,27,0,11,11,True,0.076742,21.727921843528748,19.0,0.12401023722666399,2.494649770403588,0.0,19.416488647460938,10.841836734693878,96.788,
House,non_urban,3,A*,classical,False,6,10,10,9,True,0.005802,4.414213538169861,5.0,0.31415927220468765,1.6,0.0,4.123105525970459,10.841836734693878,23.313,
House,non_urban,4,A*,classical,False,11,5,26,3,True,0.035327,16.656854152679443,16.0,0.3926990902558596,2.7438154089298896,0.0,15.132745742797852,10.841836734693878,67.441,
House,non_urban,5,A*,classical,False,21,27,22,22,True,0.005736,5.414213538169861,6.0,0.13089969104719623,6.333333333333333,0.0,5.099019527435303,10.841836734693878,22.697,
House,non_urban,6,A*,classical,False,10,3,14,24,True,0.3975,39.62741661071777,34.0,0.36959913974333364,1.8871258135343638,0.0,21.3775577545166,10.841836734693878,330.423,
House,non_urban,7,A*,classical,False,6,17,6,1,True,0.041412,17.656854152679443,17.0,0.23099945478916983,2.360142205580733,0.0,16.0,10.841836734693878,141.001,
House,non_urban,8,A*,classical,False,4,1,17,3,True,0.044351,16.899494767189026,15.0,0.2617993889401008,1.920837280002751,0.0,13.152946472167969,10.841836734693878,121.945,
House,non_urban,9,A*,classical,False,5,9,22,9,True,0.033529,18.656854152679443,18.0,0.1308996967519532,1.0230118645762831,0.0,17.0,10.841836734693878,64.409,
House,non_urban,10,A*,classical,False,7,21,26,24,True,0.282136,50.28427076339722,43.0,0.18265073567382517,2.049242950454649,0.0,19.235383987426758,10.841836734693878,279.017,
House,non_urban,1,SPRM,classical,False,9,26,9,4,True,1.634551,41.21320307254791,36.0,0.3708824646226058,3.1885731393311465,0.0,22.0,10.841836734693878,1949.375,
House,non_urban,2,SPRM,classical,False,27,0,11,11,True,0.985647,23.14213538169861,20.0,0.5890486319609354,3.479799780313205,0.0,19.416488647460938,10.841836734693878,814.494,
House,non_urban,3,SPRM,classical,False,6,10,10,9,True,0.010214,4.414213538169861,5.0,0.31415927220468765,1.6,0.0,4.123105525970459,10.841836734693878,14.026,
House,non_urban,4,SPRM,classical,False,11,5,26,3,True,0.104071,17.485281229019165,16.0,0.34361170397387714,2.290061645299216,0.0,15.132745742797852,10.841836734693878,158.374,
House,non_urban,5,SPRM,classical,False,21,27,22,22,True,0.010145,5.414213538169861,6.0,0.26179938209439246,6.333333333333333,0.0,5.099019527435303,10.841836734693878,14.578,
House,non_urban,6,SPRM,classical,False,10,3,14,24,True,4.082391,79.28427076339722,72.0,0.41451569734865346,3.242931965560201,0.0,21.3775577545166,10.841836734693878,2137.222,
House,non_urban,7,SPRM,classical,False,6,17,6,1,True,0.078272,18.485281229019165,17.0,0.41579901862050567,2.5307920022206294,0.0,16.0,10.841836734693878,88.578,
House,non_urban,8,SPRM,classical,False,4,1,17,3,True,3.725124,44.55634891986847,41.0,0.4405892182048365,1.911958228737881,0.0,13.152946472167969,10.841836734693878,2170.118,
House,non_urban,9,SPRM,classical,False,5,9,22,9,True,1.196436,24.899494767189026,23.0,0.47806845323819325,1.9070918027825172,0.0,17.0,10.841836734693878,1687.278,
House,non_urban,10,SPRM,classical,False,7,21,26,24,True,3.94721,98.76955199241638,89.0,0.42358552594212356,2.4831007203582423,0.0,19.235383987426758,10.841836734693878,2160.483,
Uniform Random Fill,non_urban,1,Wave-front,classical,False,,,,,False,,,,,,,,,,Map 'Uniform Random Fill' has fewer than 2 valid positions
Uniform Random Fill,non_urban,2,Wave-front,classical,False,,,,,False,,,,,,,,,,Map 'Uniform Random Fill' has fewer than 2 valid positions
Uniform Random Fill,non_urban,3,Wave-front,classical,False,,,,,False,,,,,,,,,,Map 'Uniform Random Fill' has fewer than 2 valid positions
Uniform Random Fill,non_urban,4,Wave-front,classical,False,,,,,False,,,,,,,,,,Map 'Uniform Random Fill' has fewer than 2 valid positions
Uniform Random Fill,non_urban,5,Wave-front,classical,False,,,,,False,,,,,,,,,,Map 'Uniform Random Fill' has fewer than 2 valid positions
Uniform Random Fill,non_urban,6,Wave-front,classical,False,,,,,False,,,,,,,,,,Map 'Uniform Random Fill' has fewer than 2 valid positions
Uniform Random Fill,non_urban,7,Wave-front,classical,False,,,,,False,,,,,,,,,,Map 'Uniform Random Fill' has fewer than 2 valid positions
Uniform Random Fill,non_urban,8,Wave-front,classical,False,,,,,False,,,,,,,,,,Map 'Uniform Random Fill' has fewer than 2 valid positions
Uniform Random Fill,non_urban,9,Wave-front,classical,False,,,,,False,,,,,,,,,,Map 'Uniform Random Fill' has fewer than 2 valid positions
Uniform Random Fill,non_urban,10,Wave-front,classical,False,,,,,False,,,,,,,,,,Map 'Uniform Random Fill' has fewer than 2 valid positions
House,non_urban,1,RRT,classical,False,9,26,9,4,True,7.992485,37.79898953437805,33.0,0.3093992770085181,2.6214315307485236,0.0,22.0,10.841836734693878,626.028,
House,non_urban,2,RRT,classical,False,27,0,11,11,True,1.319034,30.213203072547913,25.0,0.5340707586405441,2.7864169925443365,0.0,19.416488647460938,10.841836734693878,256.301,
House,non_urban,3,RRT,classical,False,6,10,10,9,True,0.12054,12.899494767189026,11.0,0.49979883592045005,1.4545454545454546,0.0,4.123105525970459,10.841836734693878,86.894,
House,non_urban,4,RRT,classical,False,11,5,26,3,True,1.060637,20.656854152679443,20.0,0.35342917267313817,2.134945435870697,0.0,15.132745742797852,10.841836734693878,231.71,
House,non_urban,5,RRT,classical,False,21,27,22,22,True,0.081483,9.656854152679443,9.0,0.5235987717951276,5.888888888888889,0.0,5.099019527435303,10.841836734693878,58.714,
House,non_urban,6,RRT,classical,False,10,3,14,24,True,34.007209,56.94112491607666,48.0,0.6217735438836963,3.0255610977149843,0.0,21.3775577545166,10.841836734693878,979.985,
House,non_urban,7,RRT,classical,False,6,17,6,1,True,3.261943,18.242640614509583,18.0,0.3054326162466292,2.5347288000045847,0.0,16.0,10.841836734693878,300.73,
House,non_urban,8,RRT,classical,False,4,1,17,3,True,2.281585,37.38477599620819,33.0,0.5235987787099846,2.6726025700025837,0.0,13.152946472167969,10.841836734693878,313.978,
House,non_urban,9,RRT,classical,False,5,9,22,9,True,8.586314,35.14213538169861,32.0,0.6381360141782786,2.696773859849748,0.0,17.0,10.841836734693878,544.974,
House,non_urban,10,RRT,classical,False,7,21,26,24,True,12.389548,68.28427076339722,61.0,0.46351366964064933,2.8239948531687964,0.0,19.235383987426758,10.841836734693878,609.024,
Uniform Random Fill,non_urban,1,A*,classical,False,,,,,False,,,,,,,,,,Map 'Uniform Random Fill' has fewer than 2 valid positions
Uniform Random Fill,non_urban,2,A*,classical,False,,,,,False,,,,,,,,,,Map 'Uniform Random Fill' has fewer than 2 valid positions
Uniform Random Fill,non_urban,3,A*,classical,False,,,,,False,,,,,,,,,,Map 'Uniform Random Fill' has fewer than 2 valid positions
Uniform Random Fill,non_urban,4,A*,classical,False,,,,,False,,,,,,,,,,Map 'Uniform Random Fill' has fewer than 2 valid positions
Uniform Random Fill,non_urban,5,A*,classical,False,,,,,False,,,,,,,,,,Map 'Uniform Random Fill' has fewer than 2 valid positions
Uniform Random Fill,non_urban,6,A*,classical,False,,,,,False,,,,,,,,,,Map 'Uniform Random Fill' has fewer than 2 valid positions
Uniform Random Fill,non_urban,7,A*,classical,False,,,,,False,,,,,,,,,,Map 'Uniform Random Fill' has fewer than 2 valid positions
Uniform Random Fill,non_urban,8,A*,classical,False,,,,,False,,,,,,,,,,Map 'Uniform Random Fill' has fewer than 2 valid positions
Uniform Random Fill,non_urban,9,A*,classical,False,,,,,False,,,,,,,,,,Map 'Uniform Random Fill' has fewer than 2 valid positions
Uniform Random Fill,non_urban,10,A*,classical,False,,,,,False,,,,,,,,,,Map 'Uniform Random Fill' has fewer than 2 valid positions
House,non_urban,1,RRT-Connect,classical,False,,,,,False,,,,,,,,,,name 'n' is not defined
House,non_urban,2,RRT-Connect,classical,False,,,,,False,,,,,,,,,,name 'n' is not defined
House,non_urban,3,RRT-Connect,classical,False,,,,,False,,,,,,,,,,name 'n' is not defined
House,non_urban,4,RRT-Connect,classical,False,,,,,False,,,,,,,,,,name 'n' is not defined
House,non_urban,5,RRT-Connect,classical,False,,,,,False,,,,,,,,,,name 'n' is not defined
House,non_urban,6,RRT-Connect,classical,False,,,,,False,,,,,,,,,,name 'n' is not defined
House,non_urban,7,RRT-Connect,classical,False,,,,,False,,,,,,,,,,name 'n' is not defined
House,non_urban,8,RRT-Connect,classical,False,,,,,False,,,,,,,,,,name 'n' is not defined
House,non_urban,9,RRT-Connect,classical,False,,,,,False,,,,,,,,,,name 'n' is not defined
House,non_urban,10,RRT-Connect,classical,False,,,,,False,,,,,,,,,,name 'n' is not defined
Uniform Random Fill,non_urban,1,SPRM,classical,False,,,,,False,,,,,,,,,,Map 'Uniform Random Fill' has fewer than 2 valid positions
Uniform Random Fill,non_urban,2,SPRM,classical,False,,,,,False,,,,,,,,,,Map 'Uniform Random Fill' has fewer than 2 valid positions
Uniform Random Fill,non_urban,3,SPRM,classical,False,,,,,False,,,,,,,,,,Map 'Uniform Random Fill' has fewer than 2 valid positions
Uniform Random Fill,non_urban,4,SPRM,classical,False,,,,,False,,,,,,,,,,Map 'Uniform Random Fill' has fewer than 2 valid positions
Uniform Random Fill,non_urban,5,SPRM,classical,False,,,,,False,,,,,,,,,,Map 'Uniform Random Fill' has fewer than 2 valid positions
Uniform Random Fill,non_urban,6,SPRM,classical,False,,,,,False,,,,,,,,,,Map 'Uniform Random Fill' has fewer than 2 valid positions
Uniform Random Fill,non_urban,7,SPRM,classical,False,,,,,False,,,,,,,,,,Map 'Uniform Random Fill' has fewer than 2 valid positions
Uniform Random Fill,non_urban,8,SPRM,classical,False,,,,,False,,,,,,,,,,Map 'Uniform Random Fill' has fewer than 2 valid positions
Uniform Random Fill,non_urban,9,SPRM,classical,False,,,,,False,,,,,,,,,,Map 'Uniform Random Fill' has fewer than 2 valid positions
Uniform Random Fill,non_urban,10,SPRM,classical,False,,,,,False,,,,,,,,,,Map 'Uniform Random Fill' has fewer than 2 valid positions
House,non_urban,1,Wave-front,classical,False,9,26,9,4,True,0.232626,30.284270763397217,23.0,0.13659098196229172,2.8543600669509948,0.0,22.0,10.841836734693878,117.478,
House,non_urban,2,Wave-front,classical,False,27,0,11,11,True,0.203253,21.727921843528748,19.0,0.16534698356938604,3.9691691348617417,0.0,19.416488647460938,10.841836734693878,29.671,
House,non_urban,3,Wave-front,classical,False,6,10,10,9,True,0.012239,4.414213538169861,5.0,0.15707963610234382,1.8,0.0,4.123105525970459,10.841836734693878,17.993,
House,non_urban,4,Wave-front,classical,False,11,5,26,3,True,0.082886,16.656854152679443,16.0,0.14726215884594734,2.378039198596316,0.0,15.132745742797852,10.841836734693878,23.009,
House,non_urban,5,Wave-front,classical,False,21,27,22,22,True,0.024758,5.414213538169861,6.0,0.13089969104719623,6.333333333333333,0.0,5.099019527435303,10.841836734693878,19.057,
House,non_urban,6,Wave-front,classical,False,10,3,14,24,True,0.163109,39.62741661071777,34.0,0.20789951434386192,1.6346026830159257,0.0,21.3775577545166,10.841836734693878,33.487,
House,non_urban,7,Wave-front,classical,False,6,17,6,1,True,0.134711,17.656854152679443,17.0,0.1385996728735019,2.4734486575024146,0.0,16.0,10.841836734693878,124.375,
House,non_urban,8,Wave-front,classical,False,4,1,17,3,True,0.130063,16.899494767189026,15.0,0.2617993889401008,1.920837280002751,0.0,13.152946472167969,10.841836734693878,29.799,
House,non_urban,9,Wave-front,classical,False,5,9,22,9,True,0.153215,18.656854152679443,18.0,0.1308996967519532,1.0230118645762831,0.0,17.0,10.841836734693878,32.791,
House,non_urban,10,Wave-front,classical,False,7,21,26,24,True,0.295426,50.28427076339722,43.0,0.18265073567382517,2.049242950454649,0.0,19.235383987426758,10.841836734693878,38.957,
Uniform Random Fill,non_urban,1,RT,classical,False,,,,,False,,,,,,,,,,Map 'Uniform Random Fill' has fewer than 2 valid positions
Uniform Random Fill,non_urban,2,RT,classical,False,,,,,False,,,,,,,,,,Map 'Uniform Random Fill' has fewer than 2 valid positions
Uniform Random Fill,non_urban,3,RT,classical,False,,,,,False,,,,,,,,,,Map 'Uniform Random Fill' has fewer than 2 valid positions
Uniform Random Fill,non_urban,4,RT,classical,False,,,,,False,,,,,,,,,,Map 'Uniform Random Fill' has fewer than 2 valid positions
Uniform Random Fill,non_urban,5,RT,classical,False,,,,,False,,,,,,,,,,Map 'Uniform Random Fill' has fewer than 2 valid positions
Uniform Random Fill,non_urban,6,RT,classical,False,,,,,False,,,,,,,,,,Map 'Uniform Random Fill' has fewer than 2 valid positions
Uniform Random Fill,non_urban,7,RT,classical,False,,,,,False,,,,,,,,,,Map 'Uniform Random Fill' has fewer than 2 valid positions
Uniform Random Fill,non_urban,8,RT,classical,False,,,,,False,,,,,,,,,,Map 'Uniform Random Fill' has fewer than 2 valid positions
Uniform Random Fill,non_urban,9,RT,classical,False,,,,,False,,,,,,,,,,Map 'Uniform Random Fill' has fewer than 2 valid positions
Uniform Random Fill,non_urban,10,RT,classical,False,,,,,False,,,,,,,,,,Map 'Uniform Random Fill' has fewer than 2 valid positions
Uniform Random Fill,non_urban,1,RRT,classical,False,,,,,False,,,,,,,,,,Map 'Uniform Random Fill' has fewer than 2 valid positions
Uniform Random Fill,non_urban,2,RRT,classical,False,,,,,False,,,,,,,,,,Map 'Uniform Random Fill' has fewer than 2 valid positions
Uniform Random Fill,non_urban,3,RRT,classical,False,,,,,False,,,,,,,,,,Map 'Uniform Random Fill' has fewer than 2 valid positions
Uniform Random Fill,non_urban,4,RRT,classical,False,,,,,False,,,,,,,,,,Map 'Uniform Random Fill' has fewer than 2 valid positions
Uniform Random Fill,non_urban,5,RRT,classical,False,,,,,False,,,,,,,,,,Map 'Uniform Random Fill' has fewer than 2 valid positions
Uniform Random Fill,non_urban,6,RRT,classical,False,,,,,False,,,,,,,,,,Map 'Uniform Random Fill' has fewer than 2 valid positions
Uniform Random Fill,non_urban,7,RRT,classical,False,,,,,False,,,,,,,,,,Map 'Uniform Random Fill' has fewer than 2 valid positions
Uniform Random Fill,non_urban,8,RRT,classical,False,,,,,False,,,,,,,,,,Map 'Uniform Random Fill' has fewer than 2 valid positions
Uniform Random Fill,non_urban,9,RRT,classical,False,,,,,False,,,,,,,,,,Map 'Uniform Random Fill' has fewer than 2 valid positions
Uniform Random Fill,non_urban,10,RRT,classical,False,,,,,False,,,,,,,,,,Map 'Uniform Random Fill' has fewer than 2 valid positions
House,non_urban,1,Dijkstra,classical,False,9,26,9,4,True,0.145625,30.284270763397217,23.0,0.13659098196229172,2.8543600669509948,0.0,22.0,10.841836734693878,277.521,
House,non_urban,2,Dijkstra,classical,False,27,0,11,11,True,0.109259,21.727921843528748,19.0,0.16534698356938604,3.9691691348617417,0.0,19.416488647460938,10.841836734693878,109.193,
House,non_urban,3,Dijkstra,classical,False,6,10,10,9,True,0.021017,4.414213538169861,5.0,0.15707963610234382,1.8,0.0,4.123105525970459,10.841836734693878,41.745,
House,non_urban,4,Dijkstra,classical,False,11,5,26,3,True,0.182273,16.656854152679443,16.0,0.14726215884594734,2.378039198596316,0.0,15.132745742797852,10.841836734693878,196.808,
House,non_urban,5,Dijkstra,classical,False,21,27,22,22,True,0.030823,5.414213538169861,6.0,0.13089969104719623,6.333333333333333,0.0,5.099019527435303,10.841836734693878,40.649,
House,non_urban,6,Dijkstra,classical,False,10,3,14,24,True,0.353128,39.62741661071777,34.0,0.20789951434386192,1.6346026830159257,0.0,21.3775577545166,10.841836734693878,311.897,
House,non_urban,7,Dijkstra,classical,False,6,17,6,1,True,0.154907,17.656854152679443,17.0,0.1385996728735019,2.4734486575024146,0.0,16.0,10.841836734693878,330.441,
House,non_urban,8,Dijkstra,classical,False,4,1,17,3,True,0.114856,16.899494767189026,15.0,0.2617993889401008,1.920837280002751,0.0,13.152946472167969,10.841836734693878,117.985,
House,non_urban,9,Dijkstra,classical,False,5,9,22,9,True,0.180131,18.656854152679443,18.0,0.1308996967519532,1.0230118645762831,0.0,17.0,10.841836734693878,201.161,
House,non_urban,10,Dijkstra,classical,False,7,21,26,24,True,0.281582,50.28427076339722,43.0,0.18265073567382517,2.049242950454649,0.0,19.235383987426758,10.841836734693878,258.753,
Uniform Random Fill,non_urban,1,RRT*,classical,False,,,,,False,,,,,,,,,,Map 'Uniform Random Fill' has fewer than 2 valid positions
Uniform Random Fill,non_urban,2,RRT*,classical,False,,,,,False,,,,,,,,,,Map 'Uniform Random Fill' has fewer than 2 valid positions
Uniform Random Fill,non_urban,3,RRT*,classical,False,,,,,False,,,,,,,,,,Map 'Uniform Random Fill' has fewer than 2 valid positions
Uniform Random Fill,non_urban,4,RRT*,classical,False,,,,,False,,,,,,,,,,Map 'Uniform Random Fill' has fewer than 2 valid positions
Uniform Random Fill,non_urban,5,RRT*,classical,False,,,,,False,,,,,,,,,,Map 'Uniform Random Fill' has fewer than 2 valid positions
Uniform Random Fill,non_urban,6,RRT*,classical,False,,,,,False,,,,,,,,,,Map 'Uniform Random Fill' has fewer than 2 valid positions
Uniform Random Fill,non_urban,7,RRT*,classical,False,,,,,False,,,,,,,,,,Map 'Uniform Random Fill' has fewer than 2 valid positions
Uniform Random Fill,non_urban,8,RRT*,classical,False,,,,,False,,,,,,,,,,Map 'Uniform Random Fill' has fewer than 2 valid positions
Uniform Random Fill,non_urban,9,RRT*,classical,False,,,,,False,,,,,,,,,,Map 'Uniform Random Fill' has fewer than 2 valid positions
Uniform Random Fill,non_urban,10,RRT*,classical,False,,,,,False,,,,,,,,,,Map 'Uniform Random Fill' has fewer than 2 valid positions
Uniform Random Fill,non_urban,1,RRT-Connect,classical,False,,,,,False,,,,,,,,,,Map 'Uniform Random Fill' has fewer than 2 valid positions
Uniform Random Fill,non_urban,2,RRT-Connect,classical,False,,,,,False,,,,,,,,,,Map 'Uniform Random Fill' has fewer than 2 valid positions
Uniform Random Fill,non_urban,3,RRT-Connect,classical,False,,,,,False,,,,,,,,,,Map 'Uniform Random Fill' has fewer than 2 valid positions
Uniform Random Fill,non_urban,4,RRT-Connect,classical,False,,,,,False,,,,,,,,,,Map 'Uniform Random Fill' has fewer than 2 valid positions
Uniform Random Fill,non_urban,5,RRT-Connect,classical,False,,,,,False,,,,,,,,,,Map 'Uniform Random Fill' has fewer than 2 valid positions
Uniform Random Fill,non_urban,6,RRT-Connect,classical,False,,,,,False,,,,,,,,,,Map 'Uniform Random Fill' has fewer than 2 valid positions
Uniform Random Fill,non_urban,7,RRT-Connect,classical,False,,,,,False,,,,,,,,,,Map 'Uniform Random Fill' has fewer than 2 valid positions
Uniform Random Fill,non_urban,8,RRT-Connect,classical,False,,,,,False,,,,,,,,,,Map 'Uniform Random Fill' has fewer than 2 valid positions
Uniform Random Fill,non_urban,9,RRT-Connect,classical,False,,,,,False,,,,,,,,,,Map 'Uniform Random Fill' has fewer than 2 valid positions
Uniform Random Fill,non_urban,10,RRT-Connect,classical,False,,,,,False,,,,,,,,,,Map 'Uniform Random Fill' has fewer than 2 valid positions
Uniform Random Fill,non_urban,1,Wave-front,classical,False,,,,,False,,,,,,,,,,Map 'Uniform Random Fill' has fewer than 2 valid positions
Uniform Random Fill,non_urban,2,Wave-front,classical,False,,,,,False,,,,,,,,,,Map 'Uniform Random Fill' has fewer than 2 valid positions
Uniform Random Fill,non_urban,3,Wave-front,classical,False,,,,,False,,,,,,,,,,Map 'Uniform Random Fill' has fewer than 2 valid positions
Uniform Random Fill,non_urban,4,Wave-front,classical,False,,,,,False,,,,,,,,,,Map 'Uniform Random Fill' has fewer than 2 valid positions
Uniform Random Fill,non_urban,5,Wave-front,classical,False,,,,,False,,,,,,,,,,Map 'Uniform Random Fill' has fewer than 2 valid positions
Uniform Random Fill,non_urban,6,Wave-front,classical,False,,,,,False,,,,,,,,,,Map 'Uniform Random Fill' has fewer than 2 valid positions
Uniform Random Fill,non_urban,7,Wave-front,classical,False,,,,,False,,,,,,,,,,Map 'Uniform Random Fill' has fewer than 2 valid positions
Uniform Random Fill,non_urban,8,Wave-front,classical,False,,,,,False,,,,,,,,,,Map 'Uniform Random Fill' has fewer than 2 valid positions
Uniform Random Fill,non_urban,9,Wave-front,classical,False,,,,,False,,,,,,,,,,Map 'Uniform Random Fill' has fewer than 2 valid positions
Uniform Random Fill,non_urban,10,Wave-front,classical,False,,,,,False,,,,,,,,,,Map 'Uniform Random Fill' has fewer than 2 valid positions
Uniform Random Fill,non_urban,1,Dijkstra,classical,False,,,,,False,,,,,,,,,,Map 'Uniform Random Fill' has fewer than 2 valid positions
Uniform Random Fill,non_urban,2,Dijkstra,classical,False,,,,,False,,,,,,,,,,Map 'Uniform Random Fill' has fewer than 2 valid positions
Uniform Random Fill,non_urban,3,Dijkstra,classical,False,,,,,False,,,,,,,,,,Map 'Uniform Random Fill' has fewer than 2 valid positions
Uniform Random Fill,non_urban,4,Dijkstra,classical,False,,,,,False,,,,,,,,,,Map 'Uniform Random Fill' has fewer than 2 valid positions
Uniform Random Fill,non_urban,5,Dijkstra,classical,False,,,,,False,,,,,,,,,,Map 'Uniform Random Fill' has fewer than 2 valid positions
Uniform Random Fill,non_urban,6,Dijkstra,classical,False,,,,,False,,,,,,,,,,Map 'Uniform Random Fill' has fewer than 2 valid positions
Uniform Random Fill,non_urban,7,Dijkstra,classical,False,,,,,False,,,,,,,,,,Map 'Uniform Random Fill' has fewer than 2 valid positions
Uniform Random Fill,non_urban,8,Dijkstra,classical,False,,,,,False,,,,,,,,,,Map 'Uniform Random Fill' has fewer than 2 valid positions
Uniform Random Fill,non_urban,9,Dijkstra,classical,False,,,,,False,,,,,,,,,,Map 'Uniform Random Fill' has fewer than 2 valid positions
Uniform Random Fill,non_urban,10,Dijkstra,classical,False,,,,,False,,,,,,,,,,Map 'Uniform Random Fill' has fewer than 2 valid positions
Uniform Random Fill,non_urban,1,Potential Field,classical,False,,,,,False,,,,,,,,,,Map 'Uniform Random Fill' has fewer than 2 valid positions
Uniform Random Fill,non_urban,2,Potential Field,classical,False,,,,,False,,,,,,,,,,Map 'Uniform Random Fill' has fewer than 2 valid positions
Uniform Random Fill,non_urban,3,Potential Field,classical,False,,,,,False,,,,,,,,,,Map 'Uniform Random Fill' has fewer than 2 valid positions
Uniform Random Fill,non_urban,4,Potential Field,classical,False,,,,,False,,,,,,,,,,Map 'Uniform Random Fill' has fewer than 2 valid positions
Uniform Random Fill,non_urban,5,Potential Field,classical,False,,,,,False,,,,,,,,,,Map 'Uniform Random Fill' has fewer than 2 valid positions
Uniform Random Fill,non_urban,6,Potential Field,classical,False,,,,,False,,,,,,,,,,Map 'Uniform Random Fill' has fewer than 2 valid positions
Uniform Random Fill,non_urban,7,Potential Field,classical,False,,,,,False,,,,,,,,,,Map 'Uniform Random Fill' has fewer than 2 valid positions
Uniform Random Fill,non_urban,8,Potential Field,classical,False,,,,,False,,,,,,,,,,Map 'Uniform Random Fill' has fewer than 2 valid positions
Uniform Random Fill,non_urban,9,Potential Field,classical,False,,,,,False,,,,,,,,,,Map 'Uniform Random Fill' has fewer than 2 valid positions
Uniform Random Fill,non_urban,10,Potential Field,classical,False,,,,,False,,,,,,,,,,Map 'Uniform Random Fill' has fewer than 2 valid positions
Uniform Random Fill,non_urban,1,Probabilistic Foam (GBPF),classical,True,,,,,False,,,,,,,,,,Map 'Uniform Random Fill' has fewer than 2 valid positions
Uniform Random Fill,non_urban,2,Probabilistic Foam (GBPF),classical,True,,,,,False,,,,,,,,,,Map 'Uniform Random Fill' has fewer than 2 valid positions
Uniform Random Fill,non_urban,3,Probabilistic Foam (GBPF),classical,True,,,,,False,,,,,,,,,,Map 'Uniform Random Fill' has fewer than 2 valid positions
Uniform Random Fill,non_urban,4,Probabilistic Foam (GBPF),classical,True,,,,,False,,,,,,,,,,Map 'Uniform Random Fill' has fewer than 2 valid positions
Uniform Random Fill,non_urban,5,Probabilistic Foam (GBPF),classical,True,,,,,False,,,,,,,,,,Map 'Uniform Random Fill' has fewer than 2 valid positions
Uniform Random Fill,non_urban,6,Probabilistic Foam (GBPF),classical,True,,,,,False,,,,,,,,,,Map 'Uniform Random Fill' has fewer than 2 valid positions
Uniform Random Fill,non_urban,7,Probabilistic Foam (GBPF),classical,True,,,,,False,,,,,,,,,,Map 'Uniform Random Fill' has fewer than 2 valid positions
Uniform Random Fill,non_urban,8,Probabilistic Foam (GBPF),classical,True,,,,,False,,,,,,,,,,Map 'Uniform Random Fill' has fewer than 2 valid positions
Uniform Random Fill,non_urban,9,Probabilistic Foam (GBPF),classical,True,,,,,False,,,,,,,,,,Map 'Uniform Random Fill' has fewer than 2 valid positions
Uniform Random Fill,non_urban,10,Probabilistic Foam (GBPF),classical,True,,,,,False,,,,,,,,,,Map 'Uniform Random Fill' has fewer than 2 valid positions
House,non_urban,1,Potential Field,classical,False,9,26,9,4,True,1.984858,43.21320307254791,38.0,0.3720307062754854,2.1052631578947367,0.0,22.0,10.841836734693878,390.844,
House,non_urban,2,Potential Field,classical,False,27,0,11,11,True,1.994119,21.727921843528748,19.0,0.12401023722666399,2.494649770403588,0.0,19.416488647460938,10.841836734693878,307.538,
House,non_urban,3,Potential Field,classical,False,6,10,10,9,True,1.964649,4.414213538169861,5.0,0.15707963610234382,1.2,0.0,4.123105525970459,10.841836734693878,306.327,
House,non_urban,4,Potential Field,classical,False,11,5,26,3,True,2.009818,27.727921843528748,25.0,0.40840704291296065,2.7744126674941585,0.0,15.132745742797852,10.841836734693878,349.015,
House,non_urban,5,Potential Field,classical,False,21,27,22,22,True,1.960046,5.414213538169861,6.0,0.13089969104719623,6.333333333333333,0.0,5.099019527435303,10.841836734693878,414.871,
House,non_urban,6,Potential Field,classical,False,10,3,14,24,False,2.057009,77.28427076339722,70.0,0.6170985552437113,1.873746823716691,15.81138801574707,21.3775577545166,10.841836734693878,364.989,
House,non_urban,7,Potential Field,classical,False,6,17,6,1,True,2.000564,18.242640614509583,18.0,0.2617993858975638,1.9349126180414546,0.0,16.0,10.841836734693878,340.751,
House,non_urban,8,Potential Field,classical,False,4,1,17,3,True,2.069718,80.94112491607666,72.0,0.6872233884565017,1.9129020203442242,0.0,13.152946472167969,10.841836734693878,377.541,
House,non_urban,9,Potential Field,classical,False,5,9,22,9,False,2.079082,60.28427076339722,53.0,0.5038403292986344,1.8679245283018868,8.5440034866333,17.0,10.841836734693878,373.639,
House,non_urban,10,Potential Field,classical,False,7,21,26,24,False,2.073771,128.7401144504547,114.0,0.6682773775893136,4.068593558646999,26.172504425048828,19.235383987426758,10.841836734693878,435.693,
Uniform Random Fill,non_urban,1,Probabilistic Foam (PFM),classical,True,,,,,False,,,,,,,,,,Map 'Uniform Random Fill' has fewer than 2 valid positions
Uniform Random Fill,non_urban,2,Probabilistic Foam (PFM),classical,True,,,,,False,,,,,,,,,,Map 'Uniform Random Fill' has fewer than 2 valid positions
Uniform Random Fill,non_urban,3,Probabilistic Foam (PFM),classical,True,,,,,False,,,,,,,,,,Map 'Uniform Random Fill' has fewer than 2 valid positions
Uniform Random Fill,non_urban,4,Probabilistic Foam (PFM),classical,True,,,,,False,,,,,,,,,,Map 'Uniform Random Fill' has fewer than 2 valid positions
Uniform Random Fill,non_urban,5,Probabilistic Foam (PFM),classical,True,,,,,False,,,,,,,,,,Map 'Uniform Random Fill' has fewer than 2 valid positions
Uniform Random Fill,non_urban,6,Probabilistic Foam (PFM),classical,True,,,,,False,,,,,,,,,,Map 'Uniform Random Fill' has fewer than 2 valid positions
Uniform Random Fill,non_urban,7,Probabilistic Foam (PFM),classical,True,,,,,False,,,,,,,,,,Map 'Uniform Random Fill' has fewer than 2 valid positions
Uniform Random Fill,non_urban,8,Probabilistic Foam (PFM),classical,True,,,,,False,,,,,,,,,,Map 'Uniform Random Fill' has fewer than 2 valid positions
Uniform Random Fill,non_urban,9,Probabilistic Foam (PFM),classical,True,,,,,False,,,,,,,,,,Map 'Uniform Random Fill' has fewer than 2 valid positions
Uniform Random Fill,non_urban,10,Probabilistic Foam (PFM),classical,True,,,,,False,,,,,,,,,,Map 'Uniform Random Fill' has fewer than 2 valid positions
Uniform Random Fill,non_urban,1,Probabilistic Foam (RBPF),classical,True,,,,,False,,,,,,,,,,Map 'Uniform Random Fill' has fewer than 2 valid positions
Uniform Random Fill,non_urban,2,Probabilistic Foam (RBPF),classical,True,,,,,False,,,,,,,,,,Map 'Uniform Random Fill' has fewer than 2 valid positions
Uniform Random Fill,non_urban,3,Probabilistic Foam (RBPF),classical,True,,,,,False,,,,,,,,,,Map 'Uniform Random Fill' has fewer than 2 valid positions
Uniform Random Fill,non_urban,4,Probabilistic Foam (RBPF),classical,True,,,,,False,,,,,,,,,,Map 'Uniform Random Fill' has fewer than 2 valid positions
Uniform Random Fill,non_urban,5,Probabilistic Foam (RBPF),classical,True,,,,,False,,,,,,,,,,Map 'Uniform Random Fill' has fewer than 2 valid positions
Uniform Random Fill,non_urban,6,Probabilistic Foam (RBPF),classical,True,,,,,False,,,,,,,,,,Map 'Uniform Random Fill' has fewer than 2 valid positions
Uniform Random Fill,non_urban,7,Probabilistic Foam (RBPF),classical,True,,,,,False,,,,,,,,,,Map 'Uniform Random Fill' has fewer than 2 valid positions
Uniform Random Fill,non_urban,8,Probabilistic Foam (RBPF),classical,True,,,,,False,,,,,,,,,,Map 'Uniform Random Fill' has fewer than 2 valid positions
Uniform Random Fill,non_urban,9,Probabilistic Foam (RBPF),classical,True,,,,,False,,,,,,,,,,Map 'Uniform Random Fill' has fewer than 2 valid positions
Uniform Random Fill,non_urban,10,Probabilistic Foam (RBPF),classical,True,,,,,False,,,,,,,,,,Map 'Uniform Random Fill' has fewer than 2 valid positions
Uniform Random Fill,non_urban,1,Probabilistic Foam (HPF),classical,True,,,,,False,,,,,,,,,,Map 'Uniform Random Fill' has fewer than 2 valid positions
Uniform Random Fill,non_urban,2,Probabilistic Foam (HPF),classical,True,,,,,False,,,,,,,,,,Map 'Uniform Random Fill' has fewer than 2 valid positions
Uniform Random Fill,non_urban,3,Probabilistic Foam (HPF),classical,True,,,,,False,,,,,,,,,,Map 'Uniform Random Fill' has fewer than 2 valid positions
Uniform Random Fill,non_urban,4,Probabilistic Foam (HPF),classical,True,,,,,False,,,,,,,,,,Map 'Uniform Random Fill' has fewer than 2 valid positions
Uniform Random Fill,non_urban,5,Probabilistic Foam (HPF),classical,True,,,,,False,,,,,,,,,,Map 'Uniform Random Fill' has fewer than 2 valid positions
Uniform Random Fill,non_urban,6,Probabilistic Foam (HPF),classical,True,,,,,False,,,,,,,,,,Map 'Uniform Random Fill' has fewer than 2 valid positions
Uniform Random Fill,non_urban,7,Probabilistic Foam (HPF),classical,True,,,,,False,,,,,,,,,,Map 'Uniform Random Fill' has fewer than 2 valid positions
Uniform Random Fill,non_urban,8,Probabilistic Foam (HPF),classical,True,,,,,False,,,,,,,,,,Map 'Uniform Random Fill' has fewer than 2 valid positions
Uniform Random Fill,non_urban,9,Probabilistic Foam (HPF),classical,True,,,,,False,,,,,,,,,,Map 'Uniform Random Fill' has fewer than 2 valid positions
Uniform Random Fill,non_urban,10,Probabilistic Foam (HPF),classical,True,,,,,False,,,,,,,,,,Map 'Uniform Random Fill' has fewer than 2 valid positions
Block,non_urban,1,A*,classical,False,,,,,False,,,,,,,,,,Map 'Block' has fewer than 2 valid positions
Block,non_urban,2,A*,classical,False,,,,,False,,,,,,,,,,Map 'Block' has fewer than 2 valid positions
Block,non_urban,3,A*,classical,False,,,,,False,,,,,,,,,,Map 'Block' has fewer than 2 valid positions
Block,non_urban,4,A*,classical,False,,,,,False,,,,,,,,,,Map 'Block' has fewer than 2 valid positions
Block,non_urban,5,A*,classical,False,,,,,False,,,,,,,,,,Map 'Block' has fewer than 2 valid positions
Block,non_urban,6,A*,classical,False,,,,,False,,,,,,,,,,Map 'Block' has fewer than 2 valid positions
Block,non_urban,7,A*,classical,False,,,,,False,,,,,,,,,,Map 'Block' has fewer than 2 valid positions
Block,non_urban,8,A*,classical,False,,,,,False,,,,,,,,,,Map 'Block' has fewer than 2 valid positions
Block,non_urban,9,A*,classical,False,,,,,False,,,,,,,,,,Map 'Block' has fewer than 2 valid positions
Block,non_urban,10,A*,classical,False,,,,,False,,,,,,,,,,Map 'Block' has fewer than 2 valid positions
Block,non_urban,1,SPRM,classical,False,,,,,False,,,,,,,,,,Map 'Block' has fewer than 2 valid positions
Block,non_urban,2,SPRM,classical,False,,,,,False,,,,,,,,,,Map 'Block' has fewer than 2 valid positions
Block,non_urban,3,SPRM,classical,False,,,,,False,,,,,,,,,,Map 'Block' has fewer than 2 valid positions
Block,non_urban,4,SPRM,classical,False,,,,,False,,,,,,,,,,Map 'Block' has fewer than 2 valid positions
Block,non_urban,5,SPRM,classical,False,,,,,False,,,,,,,,,,Map 'Block' has fewer than 2 valid positions
Block,non_urban,6,SPRM,classical,False,,,,,False,,,,,,,,,,Map 'Block' has fewer than 2 valid positions
Block,non_urban,7,SPRM,classical,False,,,,,False,,,,,,,,,,Map 'Block' has fewer than 2 valid positions
Block,non_urban,8,SPRM,classical,False,,,,,False,,,,,,,,,,Map 'Block' has fewer than 2 valid positions
Block,non_urban,9,SPRM,classical,False,,,,,False,,,,,,,,,,Map 'Block' has fewer than 2 valid positions
Block,non_urban,10,SPRM,classical,False,,,,,False,,,,,,,,,,Map 'Block' has fewer than 2 valid positions
Block,non_urban,1,RT,classical,False,,,,,False,,,,,,,,,,Map 'Block' has fewer than 2 valid positions
Block,non_urban,2,RT,classical,False,,,,,False,,,,,,,,,,Map 'Block' has fewer than 2 valid positions
Block,non_urban,3,RT,classical,False,,,,,False,,,,,,,,,,Map 'Block' has fewer than 2 valid positions
Block,non_urban,4,RT,classical,False,,,,,False,,,,,,,,,,Map 'Block' has fewer than 2 valid positions
Block,non_urban,5,RT,classical,False,,,,,False,,,,,,,,,,Map 'Block' has fewer than 2 valid positions
Block,non_urban,6,RT,classical,False,,,,,False,,,,,,,,,,Map 'Block' has fewer than 2 valid positions
Block,non_urban,7,RT,classical,False,,,,,False,,,,,,,,,,Map 'Block' has fewer than 2 valid positions
Block,non_urban,8,RT,classical,False,,,,,False,,,,,,,,,,Map 'Block' has fewer than 2 valid positions
Block,non_urban,9,RT,classical,False,,,,,False,,,,,,,,,,Map 'Block' has fewer than 2 valid positions
Block,non_urban,10,RT,classical,False,,,,,False,,,,,,,,,,Map 'Block' has fewer than 2 valid positions
Block,non_urban,1,RRT,classical,False,,,,,False,,,,,,,,,,Map 'Block' has fewer than 2 valid positions
Block,non_urban,2,RRT,classical,False,,,,,False,,,,,,,,,,Map 'Block' has fewer than 2 valid positions
Block,non_urban,3,RRT,classical,False,,,,,False,,,,,,,,,,Map 'Block' has fewer than 2 valid positions
Block,non_urban,4,RRT,classical,False,,,,,False,,,,,,,,,,Map 'Block' has fewer than 2 valid positions
Block,non_urban,5,RRT,classical,False,,,,,False,,,,,,,,,,Map 'Block' has fewer than 2 valid positions
Block,non_urban,6,RRT,classical,False,,,,,False,,,,,,,,,,Map 'Block' has fewer than 2 valid positions
Block,non_urban,7,RRT,classical,False,,,,,False,,,,,,,,,,Map 'Block' has fewer than 2 valid positions
Block,non_urban,8,RRT,classical,False,,,,,False,,,,,,,,,,Map 'Block' has fewer than 2 valid positions
Block,non_urban,9,RRT,classical,False,,,,,False,,,,,,,,,,Map 'Block' has fewer than 2 valid positions
Block,non_urban,10,RRT,classical,False,,,,,False,,,,,,,,,,Map 'Block' has fewer than 2 valid positions
Block,non_urban,1,RRT*,classical,False,,,,,False,,,,,,,,,,Map 'Block' has fewer than 2 valid positions
Block,non_urban,2,RRT*,classical,False,,,,,False,,,,,,,,,,Map 'Block' has fewer than 2 valid positions
Block,non_urban,3,RRT*,classical,False,,,,,False,,,,,,,,,,Map 'Block' has fewer than 2 valid positions
Block,non_urban,4,RRT*,classical,False,,,,,False,,,,,,,,,,Map 'Block' has fewer than 2 valid positions
Block,non_urban,5,RRT*,classical,False,,,,,False,,,,,,,,,,Map 'Block' has fewer than 2 valid positions
Block,non_urban,6,RRT*,classical,False,,,,,False,,,,,,,,,,Map 'Block' has fewer than 2 valid positions
Block,non_urban,7,RRT*,classical,False,,,,,False,,,,,,,,,,Map 'Block' has fewer than 2 valid positions
Block,non_urban,8,RRT*,classical,False,,,,,False,,,,,,,,,,Map 'Block' has fewer than 2 valid positions
Block,non_urban,9,RRT*,classical,False,,,,,False,,,,,,,,,,Map 'Block' has fewer than 2 valid positions
Block,non_urban,10,RRT*,classical,False,,,,,False,,,,,,,,,,Map 'Block' has fewer than 2 valid positions
Block,non_urban,1,RRT-Connect,classical,False,,,,,False,,,,,,,,,,Map 'Block' has fewer than 2 valid positions
Block,non_urban,2,RRT-Connect,classical,False,,,,,False,,,,,,,,,,Map 'Block' has fewer than 2 valid positions
Block,non_urban,3,RRT-Connect,classical,False,,,,,False,,,,,,,,,,Map 'Block' has fewer than 2 valid positions
Block,non_urban,4,RRT-Connect,classical,False,,,,,False,,,,,,,,,,Map 'Block' has fewer than 2 valid positions
Block,non_urban,5,RRT-Connect,classical,False,,,,,False,,,,,,,,,,Map 'Block' has fewer than 2 valid positions
Block,non_urban,6,RRT-Connect,classical,False,,,,,False,,,,,,,,,,Map 'Block' has fewer than 2 valid positions
Block,non_urban,7,RRT-Connect,classical,False,,,,,False,,,,,,,,,,Map 'Block' has fewer than 2 valid positions
Block,non_urban,8,RRT-Connect,classical,False,,,,,False,,,,,,,,,,Map 'Block' has fewer than 2 valid positions
Block,non_urban,9,RRT-Connect,classical,False,,,,,False,,,,,,,,,,Map 'Block' has fewer than 2 valid positions
Block,non_urban,10,RRT-Connect,classical,False,,,,,False,,,,,,,,,,Map 'Block' has fewer than 2 valid positions
Block,non_urban,1,Wave-front,classical,False,,,,,False,,,,,,,,,,Map 'Block' has fewer than 2 valid positions
Block,non_urban,2,Wave-front,classical,False,,,,,False,,,,,,,,,,Map 'Block' has fewer than 2 valid positions
Block,non_urban,3,Wave-front,classical,False,,,,,False,,,,,,,,,,Map 'Block' has fewer than 2 valid positions
Block,non_urban,4,Wave-front,classical,False,,,,,False,,,,,,,,,,Map 'Block' has fewer than 2 valid positions
Block,non_urban,5,Wave-front,classical,False,,,,,False,,,,,,,,,,Map 'Block' has fewer than 2 valid positions
Block,non_urban,6,Wave-front,classical,False,,,,,False,,,,,,,,,,Map 'Block' has fewer than 2 valid positions
Block,non_urban,7,Wave-front,classical,False,,,,,False,,,,,,,,,,Map 'Block' has fewer than 2 valid positions
Block,non_urban,8,Wave-front,classical,False,,,,,False,,,,,,,,,,Map 'Block' has fewer than 2 valid positions
Block,non_urban,9,Wave-front,classical,False,,,,,False,,,,,,,,,,Map 'Block' has fewer than 2 valid positions
Block,non_urban,10,Wave-front,classical,False,,,,,False,,,,,,,,,,Map 'Block' has fewer than 2 valid positions
Block,non_urban,1,Dijkstra,classical,False,,,,,False,,,,,,,,,,Map 'Block' has fewer than 2 valid positions
Block,non_urban,2,Dijkstra,classical,False,,,,,False,,,,,,,,,,Map 'Block' has fewer than 2 valid positions
Block,non_urban,3,Dijkstra,classical,False,,,,,False,,,,,,,,,,Map 'Block' has fewer than 2 valid positions
Block,non_urban,4,Dijkstra,classical,False,,,,,False,,,,,,,,,,Map 'Block' has fewer than 2 valid positions
Block,non_urban,5,Dijkstra,classical,False,,,,,False,,,,,,,,,,Map 'Block' has fewer than 2 valid positions
Block,non_urban,6,Dijkstra,classical,False,,,,,False,,,,,,,,,,Map 'Block' has fewer than 2 valid positions
Block,non_urban,7,Dijkstra,classical,False,,,,,False,,,,,,,,,,Map 'Block' has fewer than 2 valid positions
Block,non_urban,8,Dijkstra,classical,False,,,,,False,,,,,,,,,,Map 'Block' has fewer than 2 valid positions
Block,non_urban,9,Dijkstra,classical,False,,,,,False,,,,,,,,,,Map 'Block' has fewer than 2 valid positions
Block,non_urban,10,Dijkstra,classical,False,,,,,False,,,,,,,,,,Map 'Block' has fewer than 2 valid positions
Block,non_urban,1,Potential Field,classical,False,,,,,False,,,,,,,,,,Map 'Block' has fewer than 2 valid positions
Block,non_urban,2,Potential Field,classical,False,,,,,False,,,,,,,,,,Map 'Block' has fewer than 2 valid positions
Block,non_urban,3,Potential Field,classical,False,,,,,False,,,,,,,,,,Map 'Block' has fewer than 2 valid positions
Block,non_urban,4,Potential Field,classical,False,,,,,False,,,,,,,,,,Map 'Block' has fewer than 2 valid positions
Block,non_urban,5,Potential Field,classical,False,,,,,False,,,,,,,,,,Map 'Block' has fewer than 2 valid positions
Block,non_urban,6,Potential Field,classical,False,,,,,False,,,,,,,,,,Map 'Block' has fewer than 2 valid positions
Block,non_urban,7,Potential Field,classical,False,,,,,False,,,,,,,,,,Map 'Block' has fewer than 2 valid positions
Block,non_urban,8,Potential Field,classical,False,,,,,False,,,,,,,,,,Map 'Block' has fewer than 2 valid positions
Block,non_urban,9,Potential Field,classical,False,,,,,False,,,,,,,,,,Map 'Block' has fewer than 2 valid positions
Block,non_urban,10,Potential Field,classical,False,,,,,False,,,,,,,,,,Map 'Block' has fewer than 2 valid positions
Block,non_urban,1,Probabilistic Foam (GBPF),classical,True,,,,,False,,,,,,,,,,Map 'Block' has fewer than 2 valid positions
Block,non_urban,2,Probabilistic Foam (GBPF),classical,True,,,,,False,,,,,,,,,,Map 'Block' has fewer than 2 valid positions
Block,non_urban,3,Probabilistic Foam (GBPF),classical,True,,,,,False,,,,,,,,,,Map 'Block' has fewer than 2 valid positions
Block,non_urban,4,Probabilistic Foam (GBPF),classical,True,,,,,False,,,,,,,,,,Map 'Block' has fewer than 2 valid positions
Block,non_urban,5,Probabilistic Foam (GBPF),classical,True,,,,,False,,,,,,,,,,Map 'Block' has fewer than 2 valid positions
Block,non_urban,6,Probabilistic Foam (GBPF),classical,True,,,,,False,,,,,,,,,,Map 'Block' has fewer than 2 valid positions
Block,non_urban,7,Probabilistic Foam (GBPF),classical,True,,,,,False,,,,,,,,,,Map 'Block' has fewer than 2 valid positions
Block,non_urban,8,Probabilistic Foam (GBPF),classical,True,,,,,False,,,,,,,,,,Map 'Block' has fewer than 2 valid positions
Block,non_urban,9,Probabilistic Foam (GBPF),classical,True,,,,,False,,,,,,,,,,Map 'Block' has fewer than 2 valid positions
Block,non_urban,10,Probabilistic Foam (GBPF),classical,True,,,,,False,,,,,,,,,,Map 'Block' has fewer than 2 valid positions
Block,non_urban,1,Probabilistic Foam (PFM),classical,True,,,,,False,,,,,,,,,,Map 'Block' has fewer than 2 valid positions
Block,non_urban,2,Probabilistic Foam (PFM),classical,True,,,,,False,,,,,,,,,,Map 'Block' has fewer than 2 valid positions
Block,non_urban,3,Probabilistic Foam (PFM),classical,True,,,,,False,,,,,,,,,,Map 'Block' has fewer than 2 valid positions
Block,non_urban,4,Probabilistic Foam (PFM),classical,True,,,,,False,,,,,,,,,,Map 'Block' has fewer than 2 valid positions
Block,non_urban,5,Probabilistic Foam (PFM),classical,True,,,,,False,,,,,,,,,,Map 'Block' has fewer than 2 valid positions
Block,non_urban,6,Probabilistic Foam (PFM),classical,True,,,,,False,,,,,,,,,,Map 'Block' has fewer than 2 valid positions
Block,non_urban,7,Probabilistic Foam (PFM),classical,True,,,,,False,,,,,,,,,,Map 'Block' has fewer than 2 valid positions
Block,non_urban,8,Probabilistic Foam (PFM),classical,True,,,,,False,,,,,,,,,,Map 'Block' has fewer than 2 valid positions
Block,non_urban,9,Probabilistic Foam (PFM),classical,True,,,,,False,,,,,,,,,,Map 'Block' has fewer than 2 valid positions
Block,non_urban,10,Probabilistic Foam (PFM),classical,True,,,,,False,,,,,,,,,,Map 'Block' has fewer than 2 valid positions
Block,non_urban,1,Probabilistic Foam (RBPF),classical,True,,,,,False,,,,,,,,,,Map 'Block' has fewer than 2 valid positions
Block,non_urban,2,Probabilistic Foam (RBPF),classical,True,,,,,False,,,,,,,,,,Map 'Block' has fewer than 2 valid positions
Block,non_urban,3,Probabilistic Foam (RBPF),classical,True,,,,,False,,,,,,,,,,Map 'Block' has fewer than 2 valid positions
Block,non_urban,4,Probabilistic Foam (RBPF),classical,True,,,,,False,,,,,,,,,,Map 'Block' has fewer than 2 valid positions
Block,non_urban,5,Probabilistic Foam (RBPF),classical,True,,,,,False,,,,,,,,,,Map 'Block' has fewer than 2 valid positions
Block,non_urban,6,Probabilistic Foam (RBPF),classical,True,,,,,False,,,,,,,,,,Map 'Block' has fewer than 2 valid positions
Block,non_urban,7,Probabilistic Foam (RBPF),classical,True,,,,,False,,,,,,,,,,Map 'Block' has fewer than 2 valid positions
Block,non_urban,8,Probabilistic Foam (RBPF),classical,True,,,,,False,,,,,,,,,,Map 'Block' has fewer than 2 valid positions
Block,non_urban,9,Probabilistic Foam (RBPF),classical,True,,,,,False,,,,,,,,,,Map 'Block' has fewer than 2 valid positions
Block,non_urban,10,Probabilistic Foam (RBPF),classical,True,,,,,False,,,,,,,,,,Map 'Block' has fewer than 2 valid positions
Block,non_urban,1,Probabilistic Foam (HPF),classical,True,,,,,False,,,,,,,,,,Map 'Block' has fewer than 2 valid positions
Block,non_urban,2,Probabilistic Foam (HPF),classical,True,,,,,False,,,,,,,,,,Map 'Block' has fewer than 2 valid positions
Block,non_urban,3,Probabilistic Foam (HPF),classical,True,,,,,False,,,,,,,,,,Map 'Block' has fewer than 2 valid positions
Block,non_urban,4,Probabilistic Foam (HPF),classical,True,,,,,False,,,,,,,,,,Map 'Block' has fewer than 2 valid positions
Block,non_urban,5,Probabilistic Foam (HPF),classical,True,,,,,False,,,,,,,,,,Map 'Block' has fewer than 2 valid positions
Block,non_urban,6,Probabilistic Foam (HPF),classical,True,,,,,False,,,,,,,,,,Map 'Block' has fewer than 2 valid positions
Block,non_urban,7,Probabilistic Foam (HPF),classical,True,,,,,False,,,,,,,,,,Map 'Block' has fewer than 2 valid positions
Block,non_urban,8,Probabilistic Foam (HPF),classical,True,,,,,False,,,,,,,,,,Map 'Block' has fewer than 2 valid positions
Block,non_urban,9,Probabilistic Foam (HPF),classical,True,,,,,False,,,,,,,,,,Map 'Block' has fewer than 2 valid positions
Block,non_urban,10,Probabilistic Foam (HPF),classical,True,,,,,False,,,,,,,,,,Map 'Block' has fewer than 2 valid positions
House,non_urban,1,A*,classical,False,9,26,9,4,True,0.151228,30.284270763397217,23.0,0.23903421843401051,2.782608695652174,0.0,22.0,10.841836734693878,251.438,
House,non_urban,2,A*,classical,False,27,0,11,11,True,0.07582,21.727921843528748,19.0,0.12401023722666399,2.494649770403588,0.0,19.416488647460938,10.841836734693878,96.788,
House,non_urban,3,A*,classical,False,6,10,10,9,True,0.006769,4.414213538169861,5.0,0.31415927220468765,1.6,0.0,4.123105525970459,10.841836734693878,23.313,
House,non_urban,4,A*,classical,False,11,5,26,3,True,0.035373,16.656854152679443,16.0,0.3926990902558596,2.7438154089298896,0.0,15.132745742797852,10.841836734693878,67.441,
House,non_urban,5,A*,classical,False,21,27,22,22,True,0.004342,5.414213538169861,6.0,0.13089969104719623,6.333333333333333,0.0,5.099019527435303,10.841836734693878,22.697,
House,non_urban,6,A*,classical,False,10,3,14,24,True,0.371737,39.62741661071777,34.0,0.36959913974333364,1.8871258135343638,0.0,21.3775577545166,10.841836734693878,330.423,
House,non_urban,7,A*,classical,False,6,17,6,1,True,0.039095,17.656854152679443,17.0,0.23099945478916983,2.360142205580733,0.0,16.0,10.841836734693878,141.001,
House,non_urban,8,A*,classical,False,4,1,17,3,True,0.04585,16.899494767189026,15.0,0.2617993889401008,1.920837280002751,0.0,13.152946472167969,10.841836734693878,121.945,
House,non_urban,9,A*,classical,False,5,9,22,9,True,0.034808,18.656854152679443,18.0,0.1308996967519532,1.0230118645762831,0.0,17.0,10.841836734693878,64.409,
House,non_urban,10,A*,classical,False,7,21,26,24,True,0.290884,50.28427076339722,43.0,0.18265073567382517,2.049242950454649,0.0,19.235383987426758,10.841836734693878,279.017,
House,non_urban,1,SPRM,classical,False,9,26,9,4,True,1.540577,41.21320307254791,36.0,0.3708824646226058,3.1885731393311465,0.0,22.0,10.841836734693878,1949.375,
House,non_urban,2,SPRM,classical,False,27,0,11,11,True,0.87464,23.14213538169861,20.0,0.5890486319609354,3.479799780313205,0.0,19.416488647460938,10.841836734693878,814.494,
House,non_urban,3,SPRM,classical,False,6,10,10,9,True,0.008277,4.414213538169861,5.0,0.31415927220468765,1.6,0.0,4.123105525970459,10.841836734693878,14.026,
House,non_urban,4,SPRM,classical,False,11,5,26,3,True,0.109703,17.485281229019165,16.0,0.34361170397387714,2.290061645299216,0.0,15.132745742797852,10.841836734693878,158.374,
House,non_urban,5,SPRM,classical,False,21,27,22,22,True,0.008332,5.414213538169861,6.0,0.26179938209439246,6.333333333333333,0.0,5.099019527435303,10.841836734693878,14.578,
House,non_urban,6,SPRM,classical,False,10,3,14,24,True,3.503454,79.28427076339722,72.0,0.41451569734865346,3.242931965560201,0.0,21.3775577545166,10.841836734693878,2137.222,
House,non_urban,7,SPRM,classical,False,6,17,6,1,True,0.07442,18.485281229019165,17.0,0.41579901862050567,2.5307920022206294,0.0,16.0,10.841836734693878,88.578,
House,non_urban,8,SPRM,classical,False,4,1,17,3,True,3.443751,44.55634891986847,41.0,0.4405892182048365,1.911958228737881,0.0,13.152946472167969,10.841836734693878,2170.118,
House,non_urban,9,SPRM,classical,False,5,9,22,9,True,1.123755,24.899494767189026,23.0,0.47806845323819325,1.9070918027825172,0.0,17.0,10.841836734693878,1687.278,
House,non_urban,10,SPRM,classical,False,7,21,26,24,True,3.566466,98.76955199241638,89.0,0.42358552594212356,2.4831007203582423,0.0,19.235383987426758,10.841836734693878,2160.483,
House,non_urban,1,Probabilistic Foam (PFM),classical,True,9,26,9,4,True,0.38149,39.21320307254791,34.0,0.6236985349778115,3.5147255236788757,0.0,22.0,10.841836734693878,175.443,
House,non_urban,2,Probabilistic Foam (PFM),classical,True,27,0,11,11,False,0.453061,0.0,1.0,0.0,8.0,19.416488647460938,19.416488647460938,10.841836734693878,78.217,
House,non_urban,3,Probabilistic Foam (PFM),classical,True,6,10,10,9,True,0.022609,5.2426406145095825,5.0,0.15707963610234382,1.6,0.0,4.123105525970459,10.841836734693878,26.297,
House,non_urban,4,Probabilistic Foam (PFM),classical,True,11,5,26,3,True,0.408757,17.485281229019165,16.0,0.3926990902558596,2.957203756578208,0.0,15.132745742797852,10.841836734693878,102.361,
House,non_urban,5,Probabilistic Foam (PFM),classical,True,21,27,22,22,False,1.398139,0.0,1.0,0.0,8.0,5.099019527435303,5.099019527435303,10.841836734693878,146.319,
House,non_urban,6,Probabilistic Foam (PFM),classical,True,10,3,14,24,True,1.420818,50.11269783973694,42.0,0.5235987772282296,3.046561656938117,0.0,21.3775577545166,10.841836734693878,174.205,
House,non_urban,7,Probabilistic Foam (PFM),classical,True,6,17,6,1,True,0.218058,22.485281229019165,21.0,0.3739991221674952,2.900551367315907,0.0,16.0,10.841836734693878,231.385,
House,non_urban,8,Probabilistic Foam (PFM),classical,True,4,1,17,3,True,0.215874,18.313708305358887,16.0,0.44178647439855817,2.0807042415412713,0.0,13.152946472167969,10.841836734693878,74.761,
House,non_urban,9,Probabilistic Foam (PFM),classical,True,5,9,22,9,True,0.76835,27.97056245803833,24.0,0.5890486225480864,1.9704694943608476,0.0,17.0,10.841836734693878,132.233,
House,non_urban,10,Probabilistic Foam (PFM),classical,True,7,21,26,24,False,0.059149,0.0,1.0,0.0,3.0,19.235383987426758,19.235383987426758,10.841836734693878,21.089,
House,non_urban,1,Probabilistic Foam (RBPF),classical,True,9,26,9,4,True,0.210103,40.62741661071777,35.0,0.5834386366446345,3.6884929815737744,0.0,22.0,10.841836734693878,158.574,
House,non_urban,2,Probabilistic Foam (RBPF),classical,True,27,0,11,11,True,0.270901,26.79898953437805,22.0,0.5354987501047517,3.581706326018957,0.0,19.416488647460938,10.841836734693878,84.694,
House,non_urban,3,Probabilistic Foam (RBPF),classical,True,6,10,10,9,True,0.06129,11.242640614509583,11.0,0.7139983241379454,2.727272727272727,0.0,4.123105525970459,10.841836734693878,45.596,
House,non_urban,4,Probabilistic Foam (RBPF),classical,True,11,5,26,3,True,0.076482,18.071067690849304,17.0,0.46199892568588874,3.0483942631633414,0.0,15.132745742797852,10.841836734693878,55.276,
House,non_urban,5,Probabilistic Foam (RBPF),classical,True,21,27,22,22,False,1.147018,0.0,1.0,0.0,8.0,5.099019527435303,5.099019527435303,10.841836734693878,138.89,
House,non_urban,6,Probabilistic Foam (RBPF),classical,True,10,3,14,24,False,0.616632,0.0,1.0,0.0,3.1622776601683795,21.3775577545166,21.3775577545166,10.841836734693878,98.804,
House,non_urban,7,Probabilistic Foam (RBPF),classical,True,6,17,6,1,True,0.166164,25.313708305358887,23.0,0.5805116807807272,3.1220900654235764,0.0,16.0,10.841836734693878,221.266,
House,non_urban,8,Probabilistic Foam (RBPF),classical,True,4,1,17,3,True,0.553953,19.485281229019165,18.0,0.43633231680175366,2.1245911492844045,0.0,13.152946472167969,10.841836734693878,110.81,
House,non_urban,9,Probabilistic Foam (RBPF),classical,True,5,9,22,9,False,0.413966,0.0,1.0,0.0,1.0,17.0,17.0,10.841836734693878,81.764,
House,non_urban,10,Probabilistic Foam (RBPF),classical,True,7,21,26,24,True,1.092645,76.42640614509583,65.0,0.44707279728030896,3.220293035631312,0.0,19.235383987426758,10.841836734693878,177.7,
House,non_urban,1,Probabilistic Foam (HPF),classical,True,9,26,9,4,True,0.147491,38.38477599620819,34.0,0.461998919645558,3.3803632757781403,0.0,22.0,10.841836734693878,150.006,
House,non_urban,2,Probabilistic Foam (HPF),classical,True,27,0,11,11,True,0.092893,24.55634891986847,21.0,0.26179938698418415,3.7537346249879135,0.0,19.416488647460938,10.841836734693878,57.793,
House,non_urban,3,Probabilistic Foam (HPF),classical,True,6,10,10,9,True,0.003027,5.2426406145095825,5.0,0.15707963610234382,2.0,0.0,4.123105525970459,10.841836734693878,17.809,
House,non_urban,4,Probabilistic Foam (HPF),classical,True,11,5,26,3,True,0.05428,21.727921843528748,19.0,0.5373776952493781,3.8724469064495515,0.0,15.132745742797852,10.841836734693878,51.507,
House,non_urban,5,Probabilistic Foam (HPF),classical,True,21,27,22,22,False,1.269388,0.0,1.0,0.0,8.0,5.099019527435303,5.099019527435303,10.841836734693878,153.879,
House,non_urban,6,Probabilistic Foam (HPF),classical,True,10,3,14,24,True,0.885759,50.455843687057495,44.0,0.4997988304750003,2.5448862906389667,0.0,21.3775577545166,10.841836734693878,163.577,
House,non_urban,7,Probabilistic Foam (HPF),classical,True,6,17,6,1,True,0.07543,23.899494767189026,22.0,0.5711986565098393,3.03673052294283,0.0,16.0,10.841836734693878,147.441,
House,non_urban,8,Probabilistic Foam (HPF),classical,True,4,1,17,3,True,0.060719,19.14213538169861,16.0,0.3436117018345933,2.0289275462446343,0.0,13.152946472167969,10.841836734693878,79.679,
House,non_urban,9,Probabilistic Foam (HPF),classical,True,5,9,22,9,True,0.234087,25.485281229019165,24.0,0.7199483164476611,1.808925565098879,0.0,17.0,10.841836734693878,92.811,
House,non_urban,10,Probabilistic Foam (HPF),classical,True,7,21,26,24,True,0.658778,70.76955199241638,61.0,0.4506382896322606,3.2081084496304153,0.0,19.235383987426758,10.841836734693878,152.957,
Long Wall,non_urban,1,A*,classical,False,9,22,15,3,True,0.038845,21.485281229019165,20.0,0.19634953657079435,2.5839651892666735,0.0,19.92485809326172,7.670454545454546,159.078,
Long Wall,non_urban,2,A*,classical,False,25,0,15,25,True,0.095318,29.14213538169861,26.0,0.5437371781960461,4.56981321531266,0.0,26.925823211669922,7.670454545454546,141.913,
Long Wall,non_urban,3,A*,classical,False,18,8,19,7,True,0.001999,1.4142135381698608,2.0,0.0,1.618033988749895,0.0,1.4142135381698608,7.670454545454546,15.265,
Long Wall,non_urban,4,A*,classical,False,30,6,10,4,True,0.032066,20.82842707633972,21.0,0.14959965343080364,5.476298396267826,0.0,20.099750518798828,7.670454545454546,68.796,
Long Wall,non_urban,5,A*,classical,False,10,25,5,3,True,0.055543,24.071067690849304,23.0,0.3414774549057293,4.174786183540895,0.0,22.56102752685547,7.670454545454546,93.889,
Long Wall,non_urban,6,A*,classical,False,14,23,14,25,True,0.002572,2.0,3.0,0.0,6.08428328525216,0.0,2.0,7.670454545454546,18.361,
Long Wall,non_urban,7,A*,classical,False,4,30,12,19,True,0.024646,14.313708305358887,12.0,0.26179938209439246,8.270751253472824,0.0,13.601470947265625,7.670454545454546,100.961,
Long Wall,non_urban,8,A*,classical,False,23,2,25,20,True,0.040728,18.82842707633972,19.0,0.1240102336236596,5.115829445269607,0.0,18.11077117919922,7.670454545454546,116.521,
Long Wall,non_urban,9,A*,classical,False,25,14,32,0,True,0.038997,16.899494767189026,15.0,0.5235987641887849,10.451286761931533,0.0,15.65247631072998,7.670454545454546,94.599,
Long Wall,non_urban,10,A*,classical,False,30,0,29,2,True,0.002631,2.414213538169861,3.0,0.26179938209439246,13.708647089752638,0.0,2.2360680103302,7.670454545454546,18.625,
Long Wall,non_urban,1,SPRM,classical,False,9,22,15,3,True,0.133479,24.79898953437805,20.0,0.314159258513271,3.9239234486005294,0.0,19.92485809326172,7.670454545454546,561.531,
Long Wall,non_urban,2,SPRM,classical,False,25,0,15,25,True,0.093565,29.14213538169861,26.0,0.3322838311198058,5.347440411942824,0.0,26.925823211669922,7.670454545454546,437.073,
Long Wall,non_urban,3,SPRM,classical,False,18,8,19,7,True,0.009646,1.4142135381698608,2.0,0.0,1.618033988749895,0.0,1.4142135381698608,7.670454545454546,12.97,
Long Wall,non_urban,4,SPRM,classical,False,30,6,10,4,True,0.081192,21.656854152679443,21.0,0.2991993068616073,5.519948405768461,0.0,20.099750518798828,7.670454545454546,151.113,
Long Wall,non_urban,5,SPRM,classical,False,10,25,5,3,True,0.158666,24.071067690849304,23.0,0.3414774549057293,6.171065524510678,0.0,22.56102752685547,7.670454545454546,485.906,
Long Wall,non_urban,6,SPRM,classical,False,14,23,14,25,True,0.007325,2.0,3.0,0.0,6.08428328525216,0.0,2.0,7.670454545454546,13.466,
Long Wall,non_urban,7,SPRM,classical,False,4,30,12,19,True,0.005949,14.313708305358887,12.0,0.3926990731415887,8.544833494727007,0.0,13.601470947265625,7.670454545454546,24.042,
Long Wall,non_urban,8,SPRM,classical,False,23,2,25,20,True,0.076928,23.79898953437805,19.0,0.4133674454121986,8.744086088164584,0.0,18.11077117919922,7.670454545454546,196.622,
Long Wall,non_urban,9,SPRM,classical,False,25,14,32,0,True,0.147095,20.41421353816986,21.0,0.14959964854101196,11.53866869924859,0.0,15.65247631072998,7.670454545454546,515.03,
Long Wall,non_urban,10,SPRM,classical,False,30,0,29,2,True,0.007405,2.414213538169861,3.0,0.26179938209439246,13.961662541912034,0.0,2.2360680103302,7.670454545454546,13.466,
House,non_urban,1,RRT,classical,False,9,26,9,4,True,0.661581,45.21320307254791,40.0,0.6479534835193249,3.871926357557181,0.0,22.0,10.841836734693878,252.626,
House,non_urban,2,RRT,classical,False,27,0,11,11,True,4.594985,43.38477599620819,39.0,0.5034603598357281,2.184448341198408,0.0,19.416488647460938,10.841836734693878,434.879,
House,non_urban,3,RRT,classical,False,6,10,10,9,True,2.226462,8.41421353816986,9.0,0.7853981614958626,2.4444444444444446,0.0,4.123105525970459,10.841836734693878,331.982,
House,non_urban,4,RRT,classical,False,11,5,26,3,True,0.106702,18.071067690849304,17.0,0.36959914175677716,3.077368241485372,0.0,15.132745742797852,10.841836734693878,81.082,
House,non_urban,5,RRT,classical,False,21,27,22,22,True,1.098581,7.656854152679443,7.0,0.560998680806347,6.0,0.0,5.099019527435303,10.841836734693878,225.594,
House,non_urban,6,RRT,classical,False,10,3,14,24,True,49.564551,61.62741661071777,56.0,0.6170985532877946,3.3426589953572328,0.0,21.3775577545166,10.841836734693878,834.097,
House,non_urban,7,RRT,classical,False,6,17,6,1,True,0.495508,33.21320307254791,28.0,0.5890486170470709,2.0763976242224103,0.0,16.0,10.841836734693878,218.058,
House,non_urban,8,RRT,classical,False,4,1,17,3,True,0.975752,23.14213538169861,20.0,0.6283185341408128,1.7768315528622778,0.0,13.152946472167969,10.841836734693878,272.066,
House,non_urban,9,RRT,classical,False,5,9,22,9,True,0.131149,25.727921843528748,23.0,0.6146594411532749,1.8925227814306662,0.0,17.0,10.841836734693878,100.194,
House,non_urban,10,RRT,classical,False,7,21,26,24,True,0.531823,77.01219260692596,66.0,0.6187985493495082,3.037104626661452,0.0,19.235383987426758,10.841836734693878,166.684,
House,non_urban,1,RRT-Connect,classical,False,,,,,False,,,,,,,,,,name 'n' is not defined
House,non_urban,2,RRT-Connect,classical,False,,,,,False,,,,,,,,,,name 'n' is not defined
House,non_urban,3,RRT-Connect,classical,False,,,,,False,,,,,,,,,,name 'n' is not defined
House,non_urban,4,RRT-Connect,classical,False,,,,,False,,,,,,,,,,name 'n' is not defined
House,non_urban,5,RRT-Connect,classical,False,,,,,False,,,,,,,,,,name 'n' is not defined
House,non_urban,6,RRT-Connect,classical,False,,,,,False,,,,,,,,,,name 'n' is not defined
House,non_urban,7,RRT-Connect,classical,False,,,,,False,,,,,,,,,,name 'n' is not defined
House,non_urban,8,RRT-Connect,classical,False,,,,,False,,,,,,,,,,name 'n' is not defined
House,non_urban,9,RRT-Connect,classical,False,,,,,False,,,,,,,,,,name 'n' is not defined
House,non_urban,10,RRT-Connect,classical,False,,,,,False,,,,,,,,,,name 'n' is not defined
House,non_urban,1,Wave-front,classical,False,9,26,9,4,True,0.217555,30.284270763397217,23.0,0.13659098196229172,2.8543600669509948,0.0,22.0,10.841836734693878,117.478,
House,non_urban,2,Wave-front,classical,False,27,0,11,11,True,0.189827,21.727921843528748,19.0,0.16534698356938604,3.9691691348617417,0.0,19.416488647460938,10.841836734693878,29.671,
House,non_urban,3,Wave-front,classical,False,6,10,10,9,True,0.01293,4.414213538169861,5.0,0.15707963610234382,1.8,0.0,4.123105525970459,10.841836734693878,17.993,
House,non_urban,4,Wave-front,classical,False,11,5,26,3,True,0.08,16.656854152679443,16.0,0.14726215884594734,2.378039198596316,0.0,15.132745742797852,10.841836734693878,23.009,
House,non_urban,5,Wave-front,classical,False,21,27,22,22,True,0.022659,5.414213538169861,6.0,0.13089969104719623,6.333333333333333,0.0,5.099019527435303,10.841836734693878,19.057,
House,non_urban,6,Wave-front,classical,False,10,3,14,24,True,0.144214,39.62741661071777,34.0,0.20789951434386192,1.6346026830159257,0.0,21.3775577545166,10.841836734693878,33.487,
House,non_urban,7,Wave-front,classical,False,6,17,6,1,True,0.125244,17.656854152679443,17.0,0.1385996728735019,2.4734486575024146,0.0,16.0,10.841836734693878,124.375,
House,non_urban,8,Wave-front,classical,False,4,1,17,3,True,0.119567,16.899494767189026,15.0,0.2617993889401008,1.920837280002751,0.0,13.152946472167969,10.841836734693878,29.799,
House,non_urban,9,Wave-front,classical,False,5,9,22,9,True,0.145204,18.656854152679443,18.0,0.1308996967519532,1.0230118645762831,0.0,17.0,10.841836734693878,32.791,
House,non_urban,10,Wave-front,classical,False,7,21,26,24,True,0.258941,50.28427076339722,43.0,0.18265073567382517,2.049242950454649,0.0,19.235383987426758,10.841836734693878,38.957,
House,non_urban,1,Dijkstra,classical,False,9,26,9,4,True,0.125978,30.284270763397217,23.0,0.13659098196229172,2.8543600669509948,0.0,22.0,10.841836734693878,277.521,
House,non_urban,2,Dijkstra,classical,False,27,0,11,11,True,0.094307,21.727921843528748,19.0,0.16534698356938604,3.9691691348617417,0.0,19.416488647460938,10.841836734693878,109.193,
House,non_urban,3,Dijkstra,classical,False,6,10,10,9,True,0.021255,4.414213538169861,5.0,0.15707963610234382,1.8,0.0,4.123105525970459,10.841836734693878,41.745,
House,non_urban,4,Dijkstra,classical,False,11,5,26,3,True,0.172421,16.656854152679443,16.0,0.14726215884594734,2.378039198596316,0.0,15.132745742797852,10.841836734693878,196.808,
House,non_urban,5,Dijkstra,classical,False,21,27,22,22,True,0.021973,5.414213538169861,6.0,0.13089969104719623,6.333333333333333,0.0,5.099019527435303,10.841836734693878,40.649,
House,non_urban,6,Dijkstra,classical,False,10,3,14,24,True,0.29616,39.62741661071777,34.0,0.20789951434386192,1.6346026830159257,0.0,21.3775577545166,10.841836734693878,311.897,
House,non_urban,7,Dijkstra,classical,False,6,17,6,1,True,0.14121,17.656854152679443,17.0,0.1385996728735019,2.4734486575024146,0.0,16.0,10.841836734693878,330.441,
House,non_urban,8,Dijkstra,classical,False,4,1,17,3,True,0.11107,16.899494767189026,15.0,0.2617993889401008,1.920837280002751,0.0,13.152946472167969,10.841836734693878,117.985,
House,non_urban,9,Dijkstra,classical,False,5,9,22,9,True,0.209508,18.656854152679443,18.0,0.1308996967519532,1.0230118645762831,0.0,17.0,10.841836734693878,201.161,
House,non_urban,10,Dijkstra,classical,False,7,21,26,24,True,0.262158,50.28427076339722,43.0,0.18265073567382517,2.049242950454649,0.0,19.235383987426758,10.841836734693878,258.753,
Long Wall,non_urban,1,RRT,classical,False,9,22,15,3,True,5.230983,29.38477599620819,25.0,0.439822963287721,4.16553329102696,0.0,19.92485809326172,7.670454545454546,614.814,
Long Wall,non_urban,2,RRT,classical,False,25,0,15,25,True,2.27834,55.28427076339722,48.0,0.5399612412577665,9.002544096420065,0.0,26.925823211669922,7.670454545454546,389.97,
Long Wall,non_urban,3,RRT,classical,False,18,8,19,7,True,1.422913,1.4142135381698608,2.0,0.0,1.618033988749895,0.0,1.4142135381698608,7.670454545454546,302.033,
Long Wall,non_urban,4,RRT,classical,False,30,6,10,4,True,33.638156,22.485281229019165,21.0,0.37399913357700915,6.788468742313014,0.0,20.099750518798828,7.670454545454546,999.199,
Long Wall,non_urban,5,RRT,classical,False,10,25,5,3,True,0.17271,36.21320307254791,31.0,0.4813730629200994,6.851382861329152,0.0,22.56102752685547,7.670454545454546,113.042,
Long Wall,non_urban,6,RRT,classical,False,14,23,14,25,True,3.606451,8.242640614509583,8.0,0.6872233865549157,7.460326302258045,0.0,2.0,7.670454545454546,606.926,
Long Wall,non_urban,7,RRT,classical,False,4,30,12,19,True,36.003124,19.727921843528748,17.0,0.6929983764481712,7.1881613146126915,0.0,13.601470947265625,7.670454545454546,999.414,
Long Wall,non_urban,8,RRT,classical,False,23,2,25,20,True,6.307635,29.899494767189026,28.0,0.4487989456230359,5.387631550898983,0.0,18.11077117919922,7.670454545454546,573.622,
Long Wall,non_urban,9,RRT,classical,False,25,14,32,0,True,6.781503,16.899494767189026,15.0,0.36651913493214944,11.116275631656897,0.0,15.65247631072998,7.670454545454546,593.638,
Long Wall,non_urban,10,RRT,classical,False,30,0,29,2,True,29.996184,3.0,4.0,0.7853981633974483,13.834652918202451,0.0,2.2360680103302,7.670454545454546,940.11,
House,non_urban,1,Potential Field,classical,False,9,26,9,4,True,1.928529,43.21320307254791,38.0,0.3720307062754854,2.1052631578947367,0.0,22.0,10.841836734693878,390.844,
House,non_urban,2,Potential Field,classical,False,27,0,11,11,True,1.863093,21.727921843528748,19.0,0.12401023722666399,2.494649770403588,0.0,19.416488647460938,10.841836734693878,307.538,
House,non_urban,3,Potential Field,classical,False,6,10,10,9,True,1.84637,4.414213538169861,5.0,0.15707963610234382,1.2,0.0,4.123105525970459,10.841836734693878,306.327,
House,non_urban,4,Potential Field,classical,False,11,5,26,3,True,1.902002,27.727921843528748,25.0,0.40840704291296065,2.7744126674941585,0.0,15.132745742797852,10.841836734693878,349.015,
House,non_urban,5,Potential Field,classical,False,21,27,22,22,True,1.862799,5.414213538169861,6.0,0.13089969104719623,6.333333333333333,0.0,5.099019527435303,10.841836734693878,414.871,
House,non_urban,6,Potential Field,classical,False,10,3,14,24,False,1.873181,77.28427076339722,70.0,0.6170985552437113,1.873746823716691,15.81138801574707,21.3775577545166,10.841836734693878,364.989,
House,non_urban,7,Potential Field,classical,False,6,17,6,1,True,1.855137,18.242640614509583,18.0,0.2617993858975638,1.9349126180414546,0.0,16.0,10.841836734693878,340.751,
House,non_urban,8,Potential Field,classical,False,4,1,17,3,True,1.957585,80.94112491607666,72.0,0.6872233884565017,1.9129020203442242,0.0,13.152946472167969,10.841836734693878,377.541,
House,non_urban,9,Potential Field,classical,False,5,9,22,9,False,1.870425,60.28427076339722,53.0,0.5038403292986344,1.8679245283018868,8.5440034866333,17.0,10.841836734693878,373.639,
House,non_urban,10,Potential Field,classical,False,7,21,26,24,False,1.909317,128.7401144504547,114.0,0.6682773775893136,4.068593558646999,26.172504425048828,19.235383987426758,10.841836734693878,435.693,
Long Wall,non_urban,1,RRT-Connect,classical,False,,,,,False,,,,,,,,,,name 'n' is not defined
Long Wall,non_urban,2,RRT-Connect,classical,False,,,,,False,,,,,,,,,,name 'n' is not defined
Long Wall,non_urban,3,RRT-Connect,classical,False,,,,,False,,,,,,,,,,name 'n' is not defined
Long Wall,non_urban,4,RRT-Connect,classical,False,,,,,False,,,,,,,,,,name 'n' is not defined
Long Wall,non_urban,5,RRT-Connect,classical,False,,,,,False,,,,,,,,,,name 'n' is not defined
Long Wall,non_urban,6,RRT-Connect,classical,False,,,,,False,,,,,,,,,,name 'n' is not defined
Long Wall,non_urban,7,RRT-Connect,classical,False,,,,,False,,,,,,,,,,name 'n' is not defined
Long Wall,non_urban,8,RRT-Connect,classical,False,,,,,False,,,,,,,,,,name 'n' is not defined
Long Wall,non_urban,9,RRT-Connect,classical,False,,,,,False,,,,,,,,,,name 'n' is not defined
Long Wall,non_urban,10,RRT-Connect,classical,False,,,,,False,,,,,,,,,,name 'n' is not defined
Long Wall,non_urban,1,Wave-front,classical,False,9,22,15,3,True,0.254523,21.485281229019165,20.0,0.03926990731415887,2.900446345900088,0.0,19.92485809326172,7.670454545454546,104.054,
Long Wall,non_urban,2,Wave-front,classical,False,25,0,15,25,True,0.376559,29.14213538169861,26.0,0.030207621010891438,6.273200299738386,0.0,26.925823211669922,7.670454545454546,34.119,
Long Wall,non_urban,3,Wave-front,classical,False,18,8,19,7,True,0.001125,1.4142135381698608,2.0,0.0,1.618033988749895,0.0,1.4142135381698608,7.670454545454546,13.817,
Long Wall,non_urban,4,Wave-front,classical,False,30,6,10,4,True,0.226726,20.82842707633972,21.0,0.03739991335770091,5.345201346806259,0.0,20.099750518798828,7.670454545454546,37.943,
Long Wall,non_urban,5,Wave-front,classical,False,10,25,5,3,True,0.206686,24.071067690849304,23.0,0.1024432364717188,3.839548498860226,0.0,22.56102752685547,7.670454545454546,36.919,
Long Wall,non_urban,6,Wave-front,classical,False,14,23,14,25,True,0.001998,2.0,3.0,0.0,6.08428328525216,0.0,2.0,7.670454545454546,21.049,
Long Wall,non_urban,7,Wave-front,classical,False,4,30,12,19,True,0.127195,14.313708305358887,12.0,0.06544984552359812,9.064567432242175,0.0,13.601470947265625,7.670454545454546,128.287,
Long Wall,non_urban,8,Wave-front,classical,False,23,2,25,20,True,0.22269,18.82842707633972,19.0,0.04133674454121986,5.016411406316447,0.0,18.11077117919922,7.670454545454546,33.511,
Long Wall,non_urban,9,Wave-front,classical,False,25,14,32,0,True,0.088236,16.899494767189026,15.0,0.052359876418878494,8.736787720691515,0.0,15.65247631072998,7.670454545454546,23.753,
Long Wall,non_urban,10,Wave-front,classical,False,30,0,29,2,True,0.002634,2.414213538169861,3.0,0.26179938209439246,13.961662541912034,0.0,2.2360680103302,7.670454545454546,15.961,
Long Wall,non_urban,1,Dijkstra,classical,False,9,22,15,3,True,0.293409,21.485281229019165,20.0,0.03926990731415887,2.900446345900088,0.0,19.92485809326172,7.670454545454546,406.721,
Long Wall,non_urban,2,Dijkstra,classical,False,25,0,15,25,True,0.298544,29.14213538169861,26.0,0.030207621010891438,6.273200299738386,0.0,26.925823211669922,7.670454545454546,327.024,
Long Wall,non_urban,3,Dijkstra,classical,False,18,8,19,7,True,0.00353,1.4142135381698608,2.0,0.0,1.618033988749895,0.0,1.4142135381698608,7.670454545454546,20.009,
Long Wall,non_urban,4,Dijkstra,classical,False,30,6,10,4,True,0.184037,20.82842707633972,21.0,0.03739991335770091,5.345201346806259,0.0,20.099750518798828,7.670454545454546,214.617,
Long Wall,non_urban,5,Dijkstra,classical,False,10,25,5,3,True,0.368247,24.071067690849304,23.0,0.1024432364717188,3.839548498860226,0.0,22.56102752685547,7.670454545454546,338.121,
Long Wall,non_urban,6,Dijkstra,classical,False,14,23,14,25,True,0.005925,2.0,3.0,0.0,6.08428328525216,0.0,2.0,7.670454545454546,26.553,
Long Wall,non_urban,7,Dijkstra,classical,False,4,30,12,19,True,0.100663,14.313708305358887,12.0,0.06544984552359812,9.064567432242175,0.0,13.601470947265625,7.670454545454546,217.425,
Long Wall,non_urban,8,Dijkstra,classical,False,23,2,25,20,True,0.175677,18.82842707633972,19.0,0.04133674454121986,5.016411406316447,0.0,18.11077117919922,7.670454545454546,205.001,
Long Wall,non_urban,9,Dijkstra,classical,False,25,14,32,0,True,0.231986,16.899494767189026,15.0,0.052359876418878494,8.736787720691515,0.0,15.65247631072998,7.670454545454546,241.873,
Long Wall,non_urban,10,Dijkstra,classical,False,30,0,29,2,True,0.005592,2.414213538169861,3.0,0.26179938209439246,13.961662541912034,0.0,2.2360680103302,7.670454545454546,23.553,
House,non_urban,1,Probabilistic Foam (PFM),classical,True,9,26,9,4,True,0.261581,39.21320307254791,34.0,0.6467984834768938,3.804661337422713,0.0,22.0,10.841836734693878,168.886,
House,non_urban,2,Probabilistic Foam (PFM),classical,True,27,0,11,11,True,0.219511,22.55634891986847,19.0,0.4547042079684404,3.475077165891145,0.0,19.416488647460938,10.841836734693878,80.131,
House,non_urban,3,Probabilistic Foam (PFM),classical,True,6,10,10,9,True,0.00198,5.2426406145095825,5.0,0.15707963610234382,2.0,0.0,4.123105525970459,10.841836734693878,15.001,
House,non_urban,4,Probabilistic Foam (PFM),classical,True,11,5,26,3,True,0.224673,17.485281229019165,16.0,0.2945243176918947,3.2023072522593683,0.0,15.132745742797852,10.841836734693878,85.433,
House,non_urban,5,Probabilistic Foam (PFM),classical,True,21,27,22,22,False,1.049706,0.0,1.0,0.0,8.0,5.099019527435303,5.099019527435303,10.841836734693878,137.423,
House,non_urban,6,Probabilistic Foam (PFM),classical,True,10,3,14,24,True,1.212337,51.870057225227356,45.0,0.5235987755982991,3.1579922014277626,0.0,21.3775577545166,10.841836734693878,176.959,
House,non_urban,7,Probabilistic Foam (PFM),classical,True,6,17,6,1,True,0.182962,24.727921843528748,22.0,0.4997988250295505,3.0078935404351954,0.0,16.0,10.841836734693878,229.943,
House,non_urban,8,Probabilistic Foam (PFM),classical,True,4,1,17,3,True,0.2388,18.313708305358887,16.0,0.3926990881165757,2.040061645299216,0.0,13.152946472167969,10.841836734693878,75.753,
House,non_urban,9,Probabilistic Foam (PFM),classical,True,5,9,22,9,True,0.496244,23.14213538169861,20.0,0.3926990851215783,1.5328427124746191,0.0,17.0,10.841836734693878,103.945,
House,non_urban,10,Probabilistic Foam (PFM),classical,True,7,21,26,24,False,0.055678,0.0,1.0,0.0,3.0,19.235383987426758,19.235383987426758,10.841836734693878,22.737,
House,non_urban,1,Probabilistic Foam (RBPF),classical,True,9,26,9,4,True,0.25689,50.870057225227356,44.0,0.5533487048631384,3.611616993131881,0.0,22.0,10.841836734693878,167.507,
House,non_urban,2,Probabilistic Foam (RBPF),classical,True,27,0,11,11,True,0.228624,25.14213538169861,22.0,0.49979883436460715,3.692847303959967,0.0,19.416488647460938,10.841836734693878,88.811,
House,non_urban,3,Probabilistic Foam (RBPF),classical,True,6,10,10,9,True,0.013998,6.656854152679443,6.0,0.13089969104719623,2.5,0.0,4.123105525970459,10.841836734693878,28.105,
House,non_urban,4,Probabilistic Foam (RBPF),classical,True,11,5,26,3,True,0.182311,18.899494767189026,17.0,0.5543987116284439,3.456369015672499,0.0,15.132745742797852,10.841836734693878,80.273,
House,non_urban,5,Probabilistic Foam (RBPF),classical,True,21,27,22,22,False,1.326616,0.0,1.0,0.0,8.0,5.099019527435303,5.099019527435303,10.841836734693878,149.322,
House,non_urban,6,Probabilistic Foam (RBPF),classical,True,10,3,14,24,True,1.037393,58.455843687057495,52.0,0.5437371907026288,3.2631908164190384,0.0,21.3775577545166,10.841836734693878,161.447,
House,non_urban,7,Probabilistic Foam (RBPF),classical,True,6,17,6,1,True,0.235339,24.727921843528748,22.0,0.6068985769175121,2.9014617098530513,0.0,16.0,10.841836734693878,240.919,
House,non_urban,8,Probabilistic Foam (RBPF),classical,True,4,1,17,3,True,0.451938,18.313708305358887,16.0,0.4908738606805406,1.9886957443537976,0.0,13.152946472167969,10.841836734693878,93.875,
House,non_urban,9,Probabilistic Foam (RBPF),classical,True,5,9,22,9,True,0.432909,34.21320307254791,29.0,0.6499846893102017,2.0243269457597735,0.0,17.0,10.841836734693878,112.559,
House,non_urban,10,Probabilistic Foam (RBPF),classical,True,7,21,26,24,True,0.827343,78.42640614509583,67.0,0.5392285851973995,3.15061828413877,0.0,19.235383987426758,10.841836734693878,154.881,
Long Wall,non_urban,1,Potential Field,classical,False,9,22,15,3,True,2.495089,30.213203072547913,25.0,0.3455751898411647,1.9080573395005218,0.0,19.92485809326172,7.670454545454546,465.327,
Long Wall,non_urban,2,Potential Field,classical,False,25,0,15,25,True,2.468411,37.870057225227356,31.0,0.2786896692267457,3.1586005018217755,0.0,26.925823211669922,7.670454545454546,413.655,
Long Wall,non_urban,3,Potential Field,classical,False,18,8,19,7,True,2.554733,1.4142135381698608,2.0,0.0,1.618033988749895,0.0,1.4142135381698608,7.670454545454546,403.279,
Long Wall,non_urban,4,Potential Field,classical,False,30,6,10,4,True,2.510451,20.82842707633972,21.0,0.03739991335770091,6.699084041851491,0.0,20.099750518798828,7.670454545454546,450.903,
Long Wall,non_urban,5,Potential Field,classical,False,10,25,5,3,True,2.466708,24.071067690849304,23.0,0.03414774549057293,6.652774745150701,0.0,22.56102752685547,7.670454545454546,557.495,
Long Wall,non_urban,6,Potential Field,classical,False,14,23,14,25,True,2.526195,2.0,3.0,0.0,6.08428328525216,0.0,2.0,7.670454545454546,430.983,
Long Wall,non_urban,7,Potential Field,classical,False,4,30,12,19,True,2.459151,14.313708305358887,12.0,0.06544984552359812,8.218568287688045,0.0,13.601470947265625,7.670454545454546,443.228,
Long Wall,non_urban,8,Potential Field,classical,False,23,2,25,20,True,2.49498,18.82842707633972,19.0,0.04133674454121986,6.508771515299801,0.0,18.11077117919922,7.670454545454546,463.624,
Long Wall,non_urban,9,Potential Field,classical,False,25,14,32,0,True,2.460228,16.899494767189026,15.0,0.052359876418878494,11.745841293919353,0.0,15.65247631072998,7.670454545454546,495.135,
Long Wall,non_urban,10,Potential Field,classical,False,30,0,29,2,True,2.493964,2.414213538169861,3.0,0.26179938209439246,13.708647089752638,0.0,2.2360680103302,7.670454545454546,402.583,
House,non_urban,1,Probabilistic Foam (HPF),classical,True,9,26,9,4,True,0.243924,38.041630148887634,32.0,0.5399612341268202,2.4835092463407644,0.0,22.0,10.841836734693878,159.598,
House,non_urban,2,Probabilistic Foam (HPF),classical,True,27,0,11,11,True,0.087402,23.14213538169861,20.0,0.39269908341015125,2.5199172818834086,0.0,19.416488647460938,10.841836734693878,55.459,
House,non_urban,3,Probabilistic Foam (HPF),classical,True,6,10,10,9,True,0.003108,5.2426406145095825,5.0,0.15707963610234382,2.0,0.0,4.123105525970459,10.841836734693878,17.809,
House,non_urban,4,Probabilistic Foam (HPF),classical,True,11,5,26,3,True,0.045565,19.727921843528748,17.0,0.46199892568588874,3.1985357402525527,0.0,15.132745742797852,10.841836734693878,48.953,
House,non_urban,5,Probabilistic Foam (HPF),classical,True,21,27,22,22,False,1.576641,0.0,1.0,0.0,8.0,5.099019527435303,5.099019527435303,10.841836734693878,179.823,
House,non_urban,6,Probabilistic Foam (HPF),classical,True,10,3,14,24,True,1.338059,45.62741661071777,40.0,0.43196898815716966,2.9649103997070867,0.0,21.3775577545166,10.841836734693878,188.967,
House,non_urban,7,Probabilistic Foam (HPF),classical,True,6,17,6,1,True,0.11598,23.899494767189026,22.0,0.5354987407696948,3.03673052294283,0.0,16.0,10.841836734693878,177.081,
House,non_urban,8,Probabilistic Foam (HPF),classical,True,4,1,17,3,True,0.10126,19.14213538169861,16.0,0.3436117018345933,2.0807042415412713,0.0,13.152946472167969,10.841836734693878,71.985,
House,non_urban,9,Probabilistic Foam (HPF),classical,True,5,9,22,9,True,0.203403,26.55634891986847,23.0,0.5122161912877788,1.629509072374742,0.0,17.0,10.841836734693878,77.897,
House,non_urban,10,Probabilistic Foam (HPF),classical,True,7,21,26,24,False,0.074161,0.0,1.0,0.0,3.0,19.235383987426758,19.235383987426758,10.841836734693878,20.183,
Long Wall,non_urban,1,Probabilistic Foam (GBPF),classical,True,9,22,15,3,True,0.011182,30.55634891986847,27.0,0.31997703143387934,5.964896664495724,0.0,19.92485809326172,7.670454545454546,89.511,
Long Wall,non_urban,2,Probabilistic Foam (GBPF),classical,True,25,0,15,25,True,0.01415,30.79898953437805,26.0,0.2718685890980229,6.48832239101339,0.0,26.925823211669922,7.670454545454546,51.773,
Long Wall,non_urban,3,Probabilistic Foam (GBPF),classical,True,18,8,19,7,True,0.004859,2.0,3.0,0.5235987755982988,1.74535599249993,0.0,1.4142135381698608,7.670454545454546,15.493,
Long Wall,non_urban,4,Probabilistic Foam (GBPF),classical,True,30,6,10,4,True,0.02004,24.14213538169861,21.0,0.6357985270809158,8.088353794246837,0.0,20.099750518798828,7.670454545454546,32.653,
Long Wall,non_urban,5,Probabilistic Foam (GBPF),classical,True,10,25,5,3,True,0.02384,33.14213538169861,30.0,0.6021385902266168,7.565641118636235,0.0,22.56102752685547,7.670454545454546,43.309,
Long Wall,non_urban,6,Probabilistic Foam (GBPF),classical,True,14,23,14,25,True,0.006005,9.656854152679443,9.0,0.6108652248869157,7.706456735001644,0.0,2.0,7.670454545454546,20.141,
Long Wall,non_urban,7,Probabilistic Foam (GBPF),classical,True,4,30,12,19,True,0.006091,33.97056245803833,30.0,0.5759586554400317,8.591820008609597,0.0,13.601470947265625,7.670454545454546,26.541,
Long Wall,non_urban,8,Probabilistic Foam (GBPF),classical,True,23,2,25,20,True,0.070616,23.55634891986847,20.0,0.47123889119276063,3.7994664211077724,0.0,18.11077117919922,7.670454545454546,89.49,
Long Wall,non_urban,9,Probabilistic Foam (GBPF),classical,True,25,14,32,0,True,0.004247,16.899494767189026,15.0,0.6806783934454205,10.439492296549844,0.0,15.65247631072998,7.670454545454546,31.975,
Long Wall,non_urban,10,Probabilistic Foam (GBPF),classical,True,30,0,29,2,True,0.006984,2.414213538169861,3.0,0.26179938209439246,13.961662541912034,0.0,2.2360680103302,7.670454545454546,22.157,
Long Wall,non_urban,1,A*,classical,False,9,22,15,3,True,0.050885,21.485281229019165,20.0,0.19634953657079435,2.5839651892666735,0.0,19.92485809326172,7.670454545454546,159.078,
Long Wall,non_urban,2,A*,classical,False,25,0,15,25,True,0.103763,29.14213538169861,26.0,0.5437371781960461,4.56981321531266,0.0,26.925823211669922,7.670454545454546,141.913,
Long Wall,non_urban,3,A*,classical,False,18,8,19,7,True,0.004804,1.4142135381698608,2.0,0.0,1.618033988749895,0.0,1.4142135381698608,7.670454545454546,15.265,
Long Wall,non_urban,4,A*,classical,False,30,6,10,4,True,0.031844,20.82842707633972,21.0,0.14959965343080364,5.476298396267826,0.0,20.099750518798828,7.670454545454546,68.796,
Long Wall,non_urban,5,A*,classical,False,10,25,5,3,True,0.067833,24.071067690849304,23.0,0.3414774549057293,4.174786183540895,0.0,22.56102752685547,7.670454545454546,93.889,
Long Wall,non_urban,6,A*,classical,False,14,23,14,25,True,0.003365,2.0,3.0,0.0,6.08428328525216,0.0,2.0,7.670454545454546,18.361,
Long Wall,non_urban,7,A*,classical,False,4,30,12,19,True,0.035397,14.313708305358887,12.0,0.26179938209439246,8.270751253472824,0.0,13.601470947265625,7.670454545454546,100.961,
Long Wall,non_urban,8,A*,classical,False,23,2,25,20,True,0.043674,18.82842707633972,19.0,0.1240102336236596,5.115829445269607,0.0,18.11077117919922,7.670454545454546,116.521,
Long Wall,non_urban,9,A*,classical,False,25,14,32,0,True,0.057312,16.899494767189026,15.0,0.5235987641887849,10.451286761931533,0.0,15.65247631072998,7.670454545454546,94.599,
Long Wall,non_urban,10,A*,classical,False,30,0,29,2,True,0.002001,2.414213538169861,3.0,0.26179938209439246,13.708647089752638,0.0,2.2360680103302,7.670454545454546,18.625,
Long Wall,non_urban,1,Probabilistic Foam (PFM),classical,True,9,22,15,3,True,0.232154,47.14213538169861,44.0,0.30344928923667747,8.317019389475139,0.0,19.92485809326172,7.670454545454546,129.726,
Long Wall,non_urban,2,Probabilistic Foam (PFM),classical,True,25,0,15,25,True,0.072677,40.455843687057495,34.0,0.5774986460334213,9.859077505283755,0.0,26.925823211669922,7.670454545454546,35.683,
Long Wall,non_urban,3,Probabilistic Foam (PFM),classical,True,18,8,19,7,True,0.002102,1.4142135381698608,2.0,0.0,1.618033988749895,0.0,1.4142135381698608,7.670454545454546,14.369,
Long Wall,non_urban,4,Probabilistic Foam (PFM),classical,True,30,6,10,4,True,0.066541,23.313708305358887,21.0,0.5983986137232148,7.627759863398036,0.0,20.099750518798828,7.670454545454546,34.841,
Long Wall,non_urban,5,Probabilistic Foam (PFM),classical,True,10,25,5,3,True,0.128635,29.14213538169861,26.0,0.4229067020513745,8.01264320757171,0.0,22.56102752685547,7.670454545454546,39.961,
Long Wall,non_urban,6,Probabilistic Foam (PFM),classical,True,14,23,14,25,True,0.003003,10.828427076339722,11.0,0.5711986705124246,6.74748971247869,0.0,2.0,7.670454545454546,18.897,
Long Wall,non_urban,7,Probabilistic Foam (PFM),classical,True,4,30,12,19,False,0.314729,0.0,1.0,0.0,15.264337522473747,13.601470947265625,13.601470947265625,7.670454545454546,37.337,
Long Wall,non_urban,8,Probabilistic Foam (PFM),classical,True,23,2,25,20,True,0.048597,29.899494767189026,28.0,0.30854927297655327,10.838622354890145,0.0,18.11077117919922,7.670454545454546,82.561,
Long Wall,non_urban,9,Probabilistic Foam (PFM),classical,True,25,14,32,0,True,0.01472,16.899494767189026,15.0,0.5235987641887849,10.30199455924485,0.0,15.65247631072998,7.670454545454546,43.499,
Long Wall,non_urban,10,Probabilistic Foam (PFM),classical,True,30,0,29,2,False,0.28452,0.0,1.0,0.0,14.866068747318506,2.2360680103302,2.2360680103302,7.670454545454546,63.775,
Long Wall,non_urban,1,SPRM,classical,False,9,22,15,3,True,0.144288,24.79898953437805,20.0,0.314159258513271,3.9239234486005294,0.0,19.92485809326172,7.670454545454546,561.531,
Long Wall,non_urban,2,SPRM,classical,False,25,0,15,25,True,0.09831,29.14213538169861,26.0,0.3322838311198058,5.347440411942824,0.0,26.925823211669922,7.670454545454546,437.073,
Long Wall,non_urban,3,SPRM,classical,False,18,8,19,7,True,0.014243,1.4142135381698608,2.0,0.0,1.618033988749895,0.0,1.4142135381698608,7.670454545454546,12.97,
Long Wall,non_urban,4,SPRM,classical,False,30,6,10,4,True,0.070884,21.656854152679443,21.0,0.2991993068616073,5.519948405768461,0.0,20.099750518798828,7.670454545454546,151.113,
Long Wall,non_urban,5,SPRM,classical,False,10,25,5,3,True,0.14631,24.071067690849304,23.0,0.3414774549057293,6.171065524510678,0.0,22.56102752685547,7.670454545454546,485.906,
Long Wall,non_urban,6,SPRM,classical,False,14,23,14,25,True,0.011193,2.0,3.0,0.0,6.08428328525216,0.0,2.0,7.670454545454546,13.466,
Long Wall,non_urban,7,SPRM,classical,False,4,30,12,19,True,0.009716,14.313708305358887,12.0,0.3926990731415887,8.544833494727007,0.0,13.601470947265625,7.670454545454546,24.042,
Long Wall,non_urban,8,SPRM,classical,False,23,2,25,20,True,0.080628,23.79898953437805,19.0,0.4133674454121986,8.744086088164584,0.0,18.11077117919922,7.670454545454546,196.622,
Long Wall,non_urban,9,SPRM,classical,False,25,14,32,0,True,0.15303,20.41421353816986,21.0,0.14959964854101196,11.53866869924859,0.0,15.65247631072998,7.670454545454546,515.03,
Long Wall,non_urban,10,SPRM,classical,False,30,0,29,2,True,0.023173,2.414213538169861,3.0,0.26179938209439246,13.961662541912034,0.0,2.2360680103302,7.670454545454546,13.466,
Long Wall,non_urban,1,Probabilistic Foam (RBPF),classical,True,9,22,15,3,True,0.191209,38.071067690849304,37.0,0.2971776788222045,8.104746051959886,0.0,19.92485809326172,7.670454545454546,128.901,
Long Wall,non_urban,2,Probabilistic Foam (RBPF),classical,True,25,0,15,25,True,0.066209,39.97056245803833,36.0,0.5017821585221807,8.607557700338493,0.0,26.925823211669922,7.670454545454546,35.669,
Long Wall,non_urban,3,Probabilistic Foam (RBPF),classical,True,18,8,19,7,True,0.002009,2.0,3.0,0.5235987755982988,1.74535599249993,0.0,1.4142135381698608,7.670454545454546,14.755,
Long Wall,non_urban,4,Probabilistic Foam (RBPF),classical,True,30,6,10,4,True,0.097414,23.899494767189026,22.0,0.4640989217361485,7.718395396142842,0.0,20.099750518798828,7.670454545454546,31.755,
Long Wall,non_urban,5,Probabilistic Foam (RBPF),classical,True,10,25,5,3,True,0.064208,30.313708305358887,28.0,0.4768488830862076,8.346800740132924,0.0,22.56102752685547,7.670454545454546,32.267,
Long Wall,non_urban,6,Probabilistic Foam (RBPF),classical,True,14,23,14,25,True,0.006075,9.656854152679443,9.0,0.6108652248869157,7.908007354912913,0.0,2.0,7.670454545454546,21.219,
Long Wall,non_urban,7,Probabilistic Foam (RBPF),classical,True,4,30,12,19,False,0.249062,0.0,1.0,0.0,15.264337522473747,13.601470947265625,13.601470947265625,7.670454545454546,35.211,
Long Wall,non_urban,8,Probabilistic Foam (RBPF),classical,True,23,2,25,20,True,0.039597,33.071067690849304,32.0,0.24543692713134452,11.753541767524723,0.0,18.11077117919922,7.670454545454546,87.507,
Long Wall,non_urban,9,Probabilistic Foam (RBPF),classical,True,25,14,32,0,True,0.019251,22.899494767189026,21.0,0.5609986873260693,10.180985944469231,0.0,15.65247631072998,7.670454545454546,58.301,
Long Wall,non_urban,10,Probabilistic Foam (RBPF),classical,True,30,0,29,2,False,0.341258,0.0,1.0,0.0,14.866068747318506,2.2360680103302,2.2360680103302,7.670454545454546,56.625,
Long Wall,non_urban,1,Probabilistic Foam (HPF),classical,True,9,22,15,3,True,0.046087,31.727921843528748,29.0,0.48748851049103126,5.708844367277723,0.0,19.92485809326172,7.670454545454546,112.294,
Long Wall,non_urban,2,Probabilistic Foam (HPF),classical,True,25,0,15,25,True,0.084728,43.14213538169861,40.0,0.2552544035320275,10.98113467567275,0.0,26.925823211669922,7.670454545454546,39.865,
Long Wall,non_urban,3,Probabilistic Foam (HPF),classical,True,18,8,19,7,True,0.001028,2.0,3.0,0.5235987755982988,1.5500938466242948,0.0,1.4142135381698608,7.670454545454546,13.817,
Long Wall,non_urban,4,Probabilistic Foam (HPF),classical,True,30,6,10,4,True,0.036224,25.899494767189026,24.0,0.5235987827292451,8.291970031679835,0.0,20.099750518798828,7.670454545454546,28.185,
Long Wall,non_urban,5,Probabilistic Foam (HPF),classical,True,10,25,5,3,True,0.047959,38.55634891986847,35.0,0.3590391564984288,10.53703399407143,0.0,22.56102752685547,7.670454545454546,33.307,
Long Wall,non_urban,6,Probabilistic Foam (HPF),classical,True,14,23,14,25,True,0.002002,8.828427076339722,9.0,0.3490658427925233,7.70957504621339,0.0,2.0,7.670454545454546,17.017,
Long Wall,non_urban,7,Probabilistic Foam (HPF),classical,True,4,30,12,19,False,0.253833,0.0,1.0,0.0,15.264337522473747,13.601470947265625,13.601470947265625,7.670454545454546,37.145,
Long Wall,non_urban,8,Probabilistic Foam (HPF),classical,True,23,2,25,20,True,0.023287,32.24264061450958,32.0,0.24543692927062838,11.682466958911832,0.0,18.11077117919922,7.670454545454546,70.025,
Long Wall,non_urban,9,Probabilistic Foam (HPF),classical,True,25,14,32,0,True,0.016374,17.485281229019165,16.0,0.5399612298482521,9.48807684780446,0.0,15.65247631072998,7.670454545454546,48.579,
Long Wall,non_urban,10,Probabilistic Foam (HPF),classical,True,30,0,29,2,False,0.245098,0.0,1.0,0.0,14.866068747318506,2.2360680103302,2.2360680103302,7.670454545454546,67.665,
Labyrinth,non_urban,1,A*,classical,False,9,18,19,2,True,0.042444,22.485281229019165,21.0,0.2991992970820239,2.1594852492923113,0.0,18.867961883544922,11.052631578947368,159.686,
Labyrinth,non_urban,2,A*,classical,False,12,0,7,7,True,0.010623,9.071067690849304,8.0,0.2945243048561915,3.8838834764831844,0.0,8.602325439453125,11.052631578947368,45.809,
Labyrinth,non_urban,3,A*,classical,False,11,6,19,5,True,0.010869,8.41421353816986,9.0,0.17453292900260425,2.7007928654850293,0.0,8.062257766723633,11.052631578947368,34.849,
Labyrinth,non_urban,4,A*,classical,False,14,3,14,2,True,0.001753,1.0,2.0,0.0,5.5,0.0,1.0,11.052631578947368,11.169,
Labyrinth,non_urban,5,A*,classical,False,19,15,6,2,True,0.043905,20.727921843528748,18.0,0.39269908645268825,2.2777777777777777,0.0,18.384777069091797,11.052631578947368,70.865,
Labyrinth,non_urban,6,A*,classical,False,3,17,0,12,True,0.007599,6.2426406145095825,6.0,0.3926990731415887,3.8333333333333335,0.0,5.830951690673828,11.052631578947368,24.425,
Labyrinth,non_urban,7,A*,classical,False,16,0,15,0,True,0.002096,1.0,2.0,0.0,8.031128874149275,0.0,1.0,11.052631578947368,10.281,
Labyrinth,non_urban,8,A*,classical,False,9,2,16,5,True,0.014676,8.242640614509583,8.0,0.4908738628198245,4.270284707521047,0.0,7.6157732009887695,11.052631578947368,61.297,
Labyrinth,non_urban,9,A*,classical,False,4,6,7,14,True,0.045451,17.242640614509583,17.0,0.1385996728735019,1.0,0.0,8.5440034866333,11.052631578947368,114.788,
Labyrinth,non_urban,10,A*,classical,False,10,17,13,0,True,0.064739,23.071067690849304,22.0,0.32129924477298544,2.347740069994222,0.0,17.262676239013672,11.052631578947368,112.601,
Labyrinth,non_urban,1,SPRM,classical,False,9,18,19,2,True,0.093017,23.656854152679443,23.0,0.3414774653231116,3.273066790471458,0.0,18.867961883544922,11.052631578947368,144.065,
Labyrinth,non_urban,2,SPRM,classical,False,12,0,7,7,True,0.009535,9.071067690849304,8.0,0.3926990731415887,4.258883476483184,0.0,8.602325439453125,11.052631578947368,15.943,
Labyrinth,non_urban,3,SPRM,classical,False,11,6,19,5,True,0.007921,8.41421353816986,9.0,0.17453292900260425,2.890052180305739,0.0,8.062257766723633,11.052631578947368,13.802,
Labyrinth,non_urban,4,SPRM,classical,False,14,3,14,2,True,0.008034,1.0,2.0,0.0,5.5,0.0,1.0,11.052631578947368,8.282,
Labyrinth,non_urban,5,SPRM,classical,False,19,15,6,2,True,0.11751,22.485281229019165,21.0,0.5235987853778823,3.173822930470137,0.0,18.384777069091797,11.052631578947368,193.377,
Labyrinth,non_urban,6,SPRM,classical,False,3,17,0,12,True,0.013049,6.2426406145095825,6.0,0.5235987641887849,3.5,0.0,5.830951690673828,11.052631578947368,10.696,
Labyrinth,non_urban,7,SPRM,classical,False,16,0,15,0,True,0.007825,1.0,2.0,0.0,8.031128874149275,0.0,1.0,11.052631578947368,9.402,
Labyrinth,non_urban,8,SPRM,classical,False,9,2,16,5,True,0.011345,8.242640614509583,8.0,0.5890486353837894,4.145284707521047,0.0,7.6157732009887695,11.052631578947368,15.714,
Labyrinth,non_urban,9,SPRM,classical,False,4,6,7,14,True,0.871631,43.485281229019165,42.0,0.4113990412299532,1.2816292172558617,0.0,8.5440034866333,11.052631578947368,844.678,
Labyrinth,non_urban,10,SPRM,classical,False,10,17,13,0,True,0.28789,37.65685415267944,37.0,0.25472372681925126,2.744280893768849,0.0,17.262676239013672,11.052631578947368,708.814,
Labyrinth,non_urban,1,RRT,classical,False,9,18,19,2,True,0.825714,27.55634891986847,24.0,0.6544984680716844,2.6817770219699817,0.0,18.867961883544922,11.052631578947368,277.955,
Labyrinth,non_urban,2,RRT,classical,False,12,0,7,7,True,7.514015,13.071067690849304,12.0,0.6544984694978736,4.255922317655457,0.0,8.602325439453125,11.052631578947368,405.372,
Labyrinth,non_urban,3,RRT,classical,False,11,6,19,5,True,4.70809,23.727921843528748,21.0,0.5609986791764163,3.011426899553902,0.0,8.062257766723633,11.052631578947368,359.481,
Labyrinth,non_urban,4,RRT,classical,False,14,3,14,2,True,0.472108,1.0,2.0,0.0,5.5,0.0,1.0,11.052631578947368,150.586,
Labyrinth,non_urban,5,RRT,classical,False,19,15,6,2,True,3.511764,27.071067690849304,26.0,0.362491465295521,4.324758541368484,0.0,18.384777069091797,11.052631578947368,316.364,
Labyrinth,non_urban,6,RRT,classical,False,3,17,0,12,True,0.41891,8.828427076339722,9.0,0.7853981614958626,3.6666666666666665,0.0,5.830951690673828,11.052631578947368,129.721,
Labyrinth,non_urban,7,RRT,classical,False,16,0,15,0,True,2.141401,1.0,2.0,0.0,8.031128874149275,0.0,1.0,11.052631578947368,357.137,
Labyrinth,non_urban,8,RRT,classical,False,9,2,16,5,True,0.228581,19.656854152679443,19.0,0.49604094710515373,6.133111432074509,0.0,7.6157732009887695,11.052631578947368,129.281,
Labyrinth,non_urban,9,RRT,classical,False,4,6,7,14,True,3.612267,23.485281229019165,22.0,0.46409890928940595,2.7243484011663144,0.0,8.5440034866333,11.052631578947368,314.793,
Labyrinth,non_urban,10,RRT,classical,False,10,17,13,0,True,0.739912,28.242640614509583,28.0,0.33659921655196445,2.708297287067084,0.0,17.262676239013672,11.052631578947368,189.01,
Labyrinth,non_urban,1,RRT*,classical,False,9,18,19,2,True,9.316714,22.485281229019165,21.0,0.448798948882897,2.6964141148148797,0.0,18.867961883544922,11.052631578947368,407.69,
Labyrinth,non_urban,2,RRT*,classical,False,12,0,7,7,True,5.300628,9.071067690849304,8.0,0.3926990731415887,4.258883476483184,0.0,8.602325439453125,11.052631578947368,207.255,
Labyrinth,non_urban,3,RRT*,classical,False,11,6,19,5,True,9.655567,8.41421353816986,9.0,0.17453292900260425,2.890052180305739,0.0,8.062257766723633,11.052631578947368,270.638,
Labyrinth,non_urban,4,RRT*,classical,False,14,3,14,2,True,6.583087,1.0,2.0,0.0,5.5,0.0,1.0,11.052631578947368,225.523,
Labyrinth,non_urban,5,RRT*,classical,False,19,15,6,2,True,7.611112,21.313708305358887,19.0,0.7440614179554776,2.5789473684210527,0.0,18.384777069091797,11.052631578947368,257.427,
Labyrinth,non_urban,6,RRT*,classical,False,3,17,0,12,True,3.349516,6.2426406145095825,6.0,0.5235987641887849,3.5,0.0,5.830951690673828,11.052631578947368,145.695,
Labyrinth,non_urban,7,RRT*,classical,False,16,0,15,0,True,0.958354,1.0,2.0,0.0,8.031128874149275,0.0,1.0,11.052631578947368,193.223,
Labyrinth,non_urban,8,RRT*,classical,False,9,2,16,5,True,0.060225,8.242640614509583,8.0,0.5890486353837894,4.145284707521047,0.0,7.6157732009887695,11.052631578947368,28.96,
Labyrinth,non_urban,9,RRT*,classical,False,4,6,7,14,True,22.837009,17.242640614509583,17.0,0.1385996728735019,1.0,0.0,8.5440034866333,11.052631578947368,420.751,
Labyrinth,non_urban,10,RRT*,classical,False,10,17,13,0,True,7.982213,23.071067690849304,22.0,0.3212992463288283,2.409090909090909,0.0,17.262676239013672,11.052631578947368,277.805,
Labyrinth,non_urban,1,RRT-Connect,classical,False,,,,,False,,,,,,,,,,name 'n' is not defined
Labyrinth,non_urban,2,RRT-Connect,classical,False,,,,,False,,,,,,,,,,name 'n' is not defined
Labyrinth,non_urban,3,RRT-Connect,classical,False,,,,,False,,,,,,,,,,name 'n' is not defined
Labyrinth,non_urban,4,RRT-Connect,classical,False,,,,,False,,,,,,,,,,name 'n' is not defined
Labyrinth,non_urban,5,RRT-Connect,classical,False,,,,,False,,,,,,,,,,name 'n' is not defined
Labyrinth,non_urban,6,RRT-Connect,classical,False,,,,,False,,,,,,,,,,name 'n' is not defined
Labyrinth,non_urban,7,RRT-Connect,classical,False,,,,,False,,,,,,,,,,name 'n' is not defined
Labyrinth,non_urban,8,RRT-Connect,classical,False,,,,,False,,,,,,,,,,name 'n' is not defined
Labyrinth,non_urban,9,RRT-Connect,classical,False,,,,,False,,,,,,,,,,name 'n' is not defined
Labyrinth,non_urban,10,RRT-Connect,classical,False,,,,,False,,,,,,,,,,name 'n' is not defined
Labyrinth,non_urban,1,Wave-front,classical,False,9,18,19,2,True,0.090127,22.485281229019165,21.0,0.11219973681324162,2.3965118857530534,0.0,18.867961883544922,11.052631578947368,130.069,
Labyrinth,non_urban,2,Wave-front,classical,False,12,0,7,7,True,0.025417,9.071067690849304,8.0,0.09817476828539717,4.383883476483184,0.0,8.602325439453125,11.052631578947368,17.183,
Labyrinth,non_urban,3,Wave-front,classical,False,11,6,19,5,True,0.036661,8.41421353816986,9.0,0.08726646450130213,2.6300051530788853,0.0,8.062257766723633,11.052631578947368,17.063,
Labyrinth,non_urban,4,Wave-front,classical,False,14,3,14,2,True,0.001021,1.0,2.0,0.0,5.5,0.0,1.0,11.052631578947368,8.192,
Labyrinth,non_urban,5,Wave-front,classical,False,19,15,6,2,True,0.097626,20.727921843528748,18.0,0.13089969485036754,2.3333333333333335,0.0,18.384777069091797,11.052631578947368,22.095,
Labyrinth,non_urban,6,Wave-front,classical,False,3,17,0,12,True,0.016901,6.2426406145095825,6.0,0.13089969104719623,3.0,0.0,5.830951690673828,11.052631578947368,16.719,
Labyrinth,non_urban,7,Wave-front,classical,False,16,0,15,0,True,0.002444,1.0,2.0,0.0,8.031128874149275,0.0,1.0,11.052631578947368,11.07,
Labyrinth,non_urban,8,Wave-front,classical,False,9,2,16,5,True,0.042311,8.242640614509583,8.0,0.0981747725639649,4.895284707521047,0.0,7.6157732009887695,11.052631578947368,59.16,
Labyrinth,non_urban,9,Wave-front,classical,False,4,6,7,14,True,0.079825,17.242640614509583,17.0,0.1385996728735019,1.0,0.0,8.5440034866333,11.052631578947368,70.343,
Labyrinth,non_urban,10,Wave-front,classical,False,10,17,13,0,True,0.102583,23.071067690849304,22.0,0.1070997487762761,2.5470311063296234,0.0,17.262676239013672,11.052631578947368,23.999,
Labyrinth,non_urban,1,Dijkstra,classical,False,9,18,19,2,True,0.127398,22.485281229019165,21.0,0.11219973681324162,2.3965118857530534,0.0,18.867961883544922,11.052631578947368,236.389,
Labyrinth,non_urban,2,Dijkstra,classical,False,12,0,7,7,True,0.049011,9.071067690849304,8.0,0.09817476828539717,4.383883476483184,0.0,8.602325439453125,11.052631578947368,60.323,
Labyrinth,non_urban,3,Dijkstra,classical,False,11,6,19,5,True,0.052843,8.41421353816986,9.0,0.08726646450130213,2.6300051530788853,0.0,8.062257766723633,11.052631578947368,61.888,
Labyrinth,non_urban,4,Dijkstra,classical,False,14,3,14,2,True,0.001978,1.0,2.0,0.0,5.5,0.0,1.0,11.052631578947368,12.176,
Labyrinth,non_urban,5,Dijkstra,classical,False,19,15,6,2,True,0.109094,20.727921843528748,18.0,0.13089969485036754,2.3333333333333335,0.0,18.384777069091797,11.052631578947368,110.536,
Labyrinth,non_urban,6,Dijkstra,classical,False,3,17,0,12,True,0.021403,6.2426406145095825,6.0,0.13089969104719623,3.0,0.0,5.830951690673828,11.052631578947368,32.16,
Labyrinth,non_urban,7,Dijkstra,classical,False,16,0,15,0,True,0.002095,1.0,2.0,0.0,8.031128874149275,0.0,1.0,11.052631578947368,9.672,
Labyrinth,non_urban,8,Dijkstra,classical,False,9,2,16,5,True,0.043634,8.242640614509583,8.0,0.0981747725639649,4.895284707521047,0.0,7.6157732009887695,11.052631578947368,103.36,
Labyrinth,non_urban,9,Dijkstra,classical,False,4,6,7,14,True,0.081763,17.242640614509583,17.0,0.1385996728735019,1.0,0.0,8.5440034866333,11.052631578947368,145.304,
Labyrinth,non_urban,10,Dijkstra,classical,False,10,17,13,0,True,0.135155,23.071067690849304,22.0,0.1070997487762761,2.5470311063296234,0.0,17.262676239013672,11.052631578947368,127.087,
Labyrinth,non_urban,1,Potential Field,classical,False,9,18,19,2,True,0.499131,22.485281229019165,21.0,0.11219973844317217,3.2793486961176406,0.0,18.867961883544922,11.052631578947368,263.366,
Labyrinth,non_urban,2,Potential Field,classical,False,12,0,7,7,True,0.481258,9.071067690849304,8.0,0.09817476828539717,3.7588834764831844,0.0,8.602325439453125,11.052631578947368,154.039,
Labyrinth,non_urban,3,Potential Field,classical,False,11,6,19,5,True,0.492304,8.41421353816986,9.0,0.08726646450130213,3.3344966247501833,0.0,8.062257766723633,11.052631578947368,159.018,
Labyrinth,non_urban,4,Potential Field,classical,False,14,3,14,2,True,0.487408,1.0,2.0,0.0,5.5,0.0,1.0,11.052631578947368,156.911,
Labyrinth,non_urban,5,Potential Field,classical,False,19,15,6,2,True,0.497402,20.727921843528748,18.0,0.1308996929487819,2.4444444444444446,0.0,18.384777069091797,11.052631578947368,170.327,
Labyrinth,non_urban,6,Potential Field,classical,False,3,17,0,12,True,0.496555,6.2426406145095825,6.0,0.13089969104719623,4.0,0.0,5.830951690673828,11.052631578947368,167.191,
Labyrinth,non_urban,7,Potential Field,classical,False,16,0,15,0,True,0.489722,1.0,2.0,0.0,8.031128874149275,0.0,1.0,11.052631578947368,262.879,
Labyrinth,non_urban,8,Potential Field,classical,False,9,2,16,5,True,0.491551,8.242640614509583,8.0,0.0981747725639649,3.5202847075210473,0.0,7.6157732009887695,11.052631578947368,173.847,
Labyrinth,non_urban,9,Potential Field,classical,False,4,6,7,14,True,0.52567,29.727921843528748,27.0,0.26179938209439246,1.5185185185185186,0.0,8.5440034866333,11.052631578947368,189.175,
Labyrinth,non_urban,10,Potential Field,classical,False,10,17,13,0,True,0.493598,23.071067690849304,22.0,0.17849958181240774,2.3181818181818183,0.0,17.262676239013672,11.052631578947368,189.724,
Labyrinth,non_urban,1,Probabilistic Foam (GBPF),classical,True,9,18,19,2,True,0.097915,26.485281229019165,25.0,0.4712388932464732,2.7432845496140255,0.0,18.867961883544922,11.052631578947368,118.108,
Labyrinth,non_urban,2,Probabilistic Foam (GBPF),classical,True,12,0,7,7,True,0.002574,9.071067690849304,8.0,0.3926990731415887,4.258883476483184,0.0,8.602325439453125,11.052631578947368,19.077,
Labyrinth,non_urban,3,Probabilistic Foam (GBPF),classical,True,11,6,19,5,True,0.011037,18.656854152679443,18.0,0.4799655376428908,6.107689961545287,0.0,8.062257766723633,11.052631578947368,40.621,
Labyrinth,non_urban,4,Probabilistic Foam (GBPF),classical,True,14,3,14,2,True,0.00265,10.41421353816986,11.0,0.4283990013284756,6.041673009135567,0.0,1.0,11.052631578947368,21.813,
Labyrinth,non_urban,5,Probabilistic Foam (GBPF),classical,True,19,15,6,2,True,0.007809,24.38477599620819,20.0,0.6283185375636672,2.4,0.0,18.384777069091797,11.052631578947368,33.869,
Labyrinth,non_urban,6,Probabilistic Foam (GBPF),classical,True,3,17,0,12,True,0.003997,7.656854152679443,7.0,0.4487989505128276,2.5714285714285716,0.0,5.830951690673828,11.052631578947368,15.429,
Labyrinth,non_urban,7,Probabilistic Foam (GBPF),classical,True,16,0,15,0,True,0.007157,1.0,2.0,0.0,8.031128874149275,0.0,1.0,11.052631578947368,16.637,
Labyrinth,non_urban,8,Probabilistic Foam (GBPF),classical,True,9,2,16,5,True,0.011622,8.242640614509583,8.0,0.4908738628198245,4.520284707521047,0.0,7.6157732009887695,11.052631578947368,34.445,
Labyrinth,non_urban,9,Probabilistic Foam (GBPF),classical,True,4,6,7,14,True,7.857771,28.313708305358887,26.0,0.54373718609494,1.6563267347017687,0.0,8.5440034866333,11.052631578947368,285.554,
Labyrinth,non_urban,10,Probabilistic Foam (GBPF),classical,True,10,17,13,0,True,0.185784,28.14213538169861,25.0,0.5969025993900651,3.1785136295965657,0.0,17.262676239013672,11.052631578947368,78.669,
Labyrinth,non_urban,1,Probabilistic Foam (PFM),classical,True,9,18,19,2,True,0.053015,28.485281229019165,27.0,0.4945099502946937,3.350764242371488,0.0,18.867961883544922,11.052631578947368,121.886,
Labyrinth,non_urban,2,Probabilistic Foam (PFM),classical,True,12,0,7,7,True,0.006911,9.071067690849304,8.0,0.09817476828539717,3.7588834764831844,0.0,8.602325439453125,11.052631578947368,25.505,
Labyrinth,non_urban,3,Probabilistic Foam (PFM),classical,True,11,6,19,5,True,0.019955,9.828427076339722,10.0,0.39269908341015125,3.601046962275165,0.0,8.062257766723633,11.052631578947368,27.041,
Labyrinth,non_urban,4,Probabilistic Foam (PFM),classical,True,14,3,14,2,True,0.002509,10.41421353816986,11.0,0.4283990013284756,6.041673009135567,0.0,1.0,11.052631578947368,14.641,
Labyrinth,non_urban,5,Probabilistic Foam (PFM),classical,True,19,15,6,2,True,0.082374,22.485281229019165,21.0,0.33659921532951653,3.3441320363054454,0.0,18.384777069091797,11.052631578947368,40.513,
Labyrinth,non_urban,6,Probabilistic Foam (PFM),classical,True,3,17,0,12,True,0.012071,8.828427076339722,9.0,0.4363323110969967,4.253931476198449,0.0,5.830951690673828,11.052631578947368,18.817,
Labyrinth,non_urban,7,Probabilistic Foam (PFM),classical,True,16,0,15,0,False,0.3514,0.0,1.0,0.0,8.06225774829855,1.0,1.0,11.052631578947368,71.579,
Labyrinth,non_urban,8,Probabilistic Foam (PFM),classical,True,9,2,16,5,True,0.001999,8.242640614509583,8.0,0.0981747725639649,4.895284707521047,0.0,7.6157732009887695,11.052631578947368,24.569,
Labyrinth,non_urban,9,Probabilistic Foam (PFM),classical,True,4,6,7,14,True,0.181852,22.899494767189026,21.0,0.6731984208794497,2.114962550589195,0.0,8.5440034866333,11.052631578947368,150.881,
Labyrinth,non_urban,10,Probabilistic Foam (PFM),classical,True,10,17,13,0,True,0.115971,30.14213538169861,27.0,0.46542113386515455,3.8806212837396092,0.0,17.262676239013672,11.052631578947368,49.287,
Labyrinth,non_urban,1,Probabilistic Foam (RBPF),classical,True,9,18,19,2,True,0.063412,25.071067690849304,24.0,0.2617993863729602,3.677736780662497,0.0,18.867961883544922,11.052631578947368,128.19,
Labyrinth,non_urban,2,Probabilistic Foam (RBPF),classical,True,12,0,7,7,True,0.003566,9.071067690849304,8.0,0.09817476828539717,3.7588834764831844,0.0,8.602325439453125,11.052631578947368,19.34,
Labyrinth,non_urban,3,Probabilistic Foam (RBPF),classical,True,11,6,19,5,True,0.009078,9.242640614509583,9.0,0.5235987870078128,3.5375424741929473,0.0,8.062257766723633,11.052631578947368,23.812,
Labyrinth,non_urban,4,Probabilistic Foam (RBPF),classical,True,14,3,14,2,True,0.003334,10.071067690849304,9.0,0.6108652439027723,6.691572803110785,0.0,1.0,11.052631578947368,15.332,
Labyrinth,non_urban,5,Probabilistic Foam (RBPF),classical,True,19,15,6,2,True,0.062654,27.313708305358887,25.0,0.5026548259435087,4.312114070172463,0.0,18.384777069091797,11.052631578947368,36.7,
Labyrinth,non_urban,6,Probabilistic Foam (RBPF),classical,True,3,17,0,12,True,0.009838,6.828427076339722,7.0,0.5609986856961386,4.0,0.0,5.830951690673828,11.052631578947368,15.628,
Labyrinth,non_urban,7,Probabilistic Foam (RBPF),classical,True,16,0,15,0,False,0.203205,0.0,1.0,0.0,8.06225774829855,1.0,1.0,11.052631578947368,52.726,
Labyrinth,non_urban,8,Probabilistic Foam (RBPF),classical,True,9,2,16,5,True,0.00692,8.242640614509583,8.0,0.4908738628198245,4.520284707521047,0.0,7.6157732009887695,11.052631578947368,22.66,
Labyrinth,non_urban,9,Probabilistic Foam (RBPF),classical,True,4,6,7,14,False,0.178895,0.0,1.0,0.0,1.0,8.5440034866333,8.5440034866333,11.052631578947368,127.308,
Labyrinth,non_urban,10,Probabilistic Foam (RBPF),classical,True,10,17,13,0,True,0.170481,28.485281229019165,27.0,0.2908882073979978,3.9677389776677794,0.0,17.262676239013672,11.052631578947368,57.676,
Labyrinth,non_urban,1,Probabilistic Foam (HPF),classical,True,9,18,19,2,True,0.054637,27.313708305358887,25.0,0.628318529348817,3.475415973022493,0.0,18.867961883544922,11.052631578947368,121.641,
Labyrinth,non_urban,2,Probabilistic Foam (HPF),classical,True,12,0,7,7,True,0.010026,9.071067690849304,8.0,0.3926990731415887,4.258883476483184,0.0,8.602325439453125,11.052631578947368,27.665,
Labyrinth,non_urban,3,Probabilistic Foam (HPF),classical,True,11,6,19,5,True,0.018178,11.242640614509583,11.0,0.3569991667365011,3.3268401436924764,0.0,8.062257766723633,11.052631578947368,29.025,
Labyrinth,non_urban,4,Probabilistic Foam (HPF),classical,True,14,3,14,2,True,0.002011,11.242640614509583,11.0,0.7139983396963735,6.4603631118400076,0.0,1.0,11.052631578947368,13.409,
Labyrinth,non_urban,5,Probabilistic Foam (HPF),classical,True,19,15,6,2,True,0.058421,27.899494767189026,26.0,0.5437371926773521,4.088378483626148,0.0,18.384777069091797,11.052631578947368,34.657,
Labyrinth,non_urban,6,Probabilistic Foam (HPF),classical,True,3,17,0,12,True,0.010193,6.828427076339722,7.0,0.4487989456230359,3.0,0.0,5.830951690673828,11.052631578947368,17.231,
Labyrinth,non_urban,7,Probabilistic Foam (HPF),classical,True,16,0,15,0,False,0.217186,0.0,1.0,0.0,8.06225774829855,1.0,1.0,11.052631578947368,56.261,
Labyrinth,non_urban,8,Probabilistic Foam (HPF),classical,True,9,2,16,5,True,0.000999,8.242640614509583,8.0,0.0981747725639649,4.895284707521047,0.0,7.6157732009887695,11.052631578947368,20.897,
Labyrinth,non_urban,9,Probabilistic Foam (HPF),classical,True,4,6,7,14,True,0.091875,24.313708305358887,22.0,0.6068985784733548,2.1204673427214944,0.0,8.5440034866333,11.052631578947368,120.697,
Labyrinth,non_urban,10,Probabilistic Foam (HPF),classical,True,10,17,13,0,True,0.194002,33.55634891986847,30.0,0.5235987710344934,3.4026287212709927,0.0,17.262676239013672,11.052631578947368,86.319,
vin test 8x8,non_urban,1,A*,classical,False,1,5,4,1,True,0.004361,5.2426406145095825,5.0,0.1570796292566355,1.2,0.0,5.0,54.6875,60.894,
vin test 8x8,non_urban,2,A*,classical,False,1,1,1,6,True,0.004001,5.0,6.0,0.0,1.0,0.0,5.0,54.6875,23.785,
vin test 8x8,non_urban,3,A*,classical,False,3,2,2,2,True,0.002638,1.0,2.0,0.0,2.0,0.0,1.0,54.6875,13.769,
vin test 8x8,non_urban,4,A*,classical,False,2,2,5,1,True,0.004521,3.414213538169861,4.0,0.3926990902558596,1.5,0.0,3.1622776985168457,54.6875,23.377,
vin test 8x8,non_urban,5,A*,classical,False,1,6,4,1,True,0.006177,6.2426406145095825,6.0,0.13089969104719623,1.1666666666666667,0.0,5.830951690673828,54.6875,25.809,
vin test 8x8,non_urban,6,A*,classical,False,6,5,1,6,True,0.004503,5.414213538169861,6.0,0.1308996967519532,1.0,0.0,5.099019527435303,54.6875,22.185,
vin test 8x8,non_urban,7,A*,classical,False,6,6,6,3,True,0.003217,3.0,4.0,0.0,1.0,0.0,3.0,54.6875,16.609,
vin test 8x8,non_urban,8,A*,classical,False,3,1,1,4,True,0.004005,3.8284270763397217,4.0,0.19634953657079435,1.25,0.0,3.605551242828369,54.6875,21.657,
vin test 8x8,non_urban,9,A*,classical,False,2,3,2,1,True,0.003314,2.0,3.0,0.0,1.3333333333333333,0.0,2.0,54.6875,16.489,
vin test 8x8,non_urban,10,A*,classical,False,1,1,3,1,True,0.002507,2.0,3.0,0.0,1.0,0.0,2.0,54.6875,15.041,
vin test 8x8,non_urban,1,SPRM,classical,False,1,5,4,1,True,0.11005,5.828427076339722,6.0,0.654498466645495,1.3333333333333333,0.0,5.0,54.6875,241.523,
vin test 8x8,non_urban,2,SPRM,classical,False,1,1,1,6,True,0.008885,5.0,6.0,0.0,1.0,0.0,5.0,54.6875,13.079,
vin test 8x8,non_urban,3,SPRM,classical,False,3,2,2,2,True,0.009123,1.0,2.0,0.0,2.0,0.0,1.0,54.6875,7.61,
vin test 8x8,non_urban,4,SPRM,classical,False,2,2,5,1,True,0.006462,3.414213538169861,4.0,0.3926990902558596,1.5,0.0,3.1622776985168457,54.6875,8.674,
vin test 8x8,non_urban,5,SPRM,classical,False,1,6,4,1,True,0.143206,8.0,9.0,0.17453292519943295,1.0,0.0,5.830951690673828,54.6875,459.715,
vin test 8x8,non_urban,6,SPRM,classical,False,6,5,1,6,True,0.127905,5.414213538169861,6.0,0.1308996967519532,1.0,0.0,5.099019527435303,54.6875,427.342,
vin test 8x8,non_urban,7,SPRM,classical,False,6,6,6,3,True,0.007959,3.0,4.0,0.0,1.0,0.0,3.0,54.6875,11.506,
vin test 8x8,non_urban,8,SPRM,classical,False,3,1,1,4,True,0.007766,3.8284270763397217,4.0,0.3926990731415887,1.25,0.0,3.605551242828369,54.6875,10.594,
vin test 8x8,non_urban,9,SPRM,classical,False,2,3,2,1,True,0.008125,2.0,3.0,0.0,1.3333333333333333,0.0,2.0,54.6875,9.594,
vin test 8x8,non_urban,10,SPRM,classical,False,1,1,3,1,True,0.008893,2.0,3.0,0.0,1.0,0.0,2.0,54.6875,9.642,
vin test 8x8,non_urban,1,RT,classical,False,1,5,4,1,True,0.017599,9.828427076339722,10.0,0.5497787160896409,1.3,0.0,5.0,54.6875,74.871,
vin test 8x8,non_urban,2,RT,classical,False,1,1,1,6,True,0.103335,22.071067690849304,21.0,0.7853981658423441,1.3333333333333333,0.0,5.0,54.6875,121.813,
vin test 8x8,non_urban,3,RT,classical,False,3,2,2,2,True,0.019495,5.828427076339722,6.0,0.7853981691022053,1.6666666666666667,0.0,1.0,54.6875,45.624,
vin test 8x8,non_urban,4,RT,classical,False,2,2,5,1,True,0.089231,21.071067690849304,20.0,0.43196899072431005,1.4,0.0,3.1622776985168457,54.6875,122.682,
vin test 8x8,non_urban,5,RT,classical,False,1,6,4,1,True,0.029979,18.242640614509583,18.0,0.5235987717951276,1.0555555555555556,0.0,5.830951690673828,54.6875,57.394,
vin test 8x8,non_urban,6,RT,classical,False,6,5,1,6,True,0.043263,12.828427076339722,13.0,0.483321946706122,1.2307692307692308,0.0,5.099019527435303,54.6875,67.266,
vin test 8x8,non_urban,7,RT,classical,False,6,6,6,3,True,0.136874,9.828427076339722,10.0,0.314159258513271,1.1,0.0,3.0,54.6875,119.75,
vin test 8x8,non_urban,8,RT,classical,False,3,1,1,4,True,0.010696,3.8284270763397217,4.0,0.19634953657079435,1.25,0.0,3.605551242828369,54.6875,29.538,
vin test 8x8,non_urban,9,RT,classical,False,2,3,2,1,True,0.066102,8.828427076339722,9.0,0.8726646298003361,1.2222222222222223,0.0,2.0,54.6875,88.141,
vin test 8x8,non_urban,10,RT,classical,False,1,1,3,1,True,0.033219,6.2426406145095825,6.0,0.5235987755982988,1.5,0.0,2.0,54.6875,57.531,
vin test 8x8,non_urban,1,RRT,classical,False,1,5,4,1,True,0.030953,7.0,8.0,0.19634954084936207,1.0,0.0,5.0,54.6875,77.367,
vin test 8x8,non_urban,2,RRT,classical,False,1,1,1,6,True,0.126185,9.242640614509583,9.0,1.1344640080915573,1.3333333333333333,0.0,5.0,54.6875,61.953,
vin test 8x8,non_urban,3,RRT,classical,False,3,2,2,2,True,0.002526,1.0,2.0,0.0,2.0,0.0,1.0,54.6875,11.558,
vin test 8x8,non_urban,4,RRT,classical,False,2,2,5,1,True,0.012229,4.828427076339722,5.0,0.4712388946156148,1.6,0.0,3.1622776985168457,54.6875,28.808,
vin test 8x8,non_urban,5,RRT,classical,False,1,6,4,1,True,0.004081,6.2426406145095825,6.0,0.13089969104719623,1.1666666666666667,0.0,5.830951690673828,54.6875,17.57,
vin test 8x8,non_urban,6,RRT,classical,False,6,5,1,6,True,0.021864,6.828427076339722,7.0,0.33659921532951653,1.0,0.0,5.099019527435303,54.6875,35.842,
vin test 8x8,non_urban,7,RRT,classical,False,6,6,6,3,True,0.058616,3.0,4.0,0.0,1.0,0.0,3.0,54.6875,55.998,
vin test 8x8,non_urban,8,RRT,classical,False,3,1,1,4,True,0.042142,5.0,6.0,0.7853981633974483,1.1666666666666667,0.0,3.605551242828369,54.6875,59.002,
vin test 8x8,non_urban,9,RRT,classical,False,2,3,2,1,True,0.047716,2.0,3.0,0.0,1.3333333333333333,0.0,2.0,54.6875,46.194,
vin test 8x8,non_urban,10,RRT,classical,False,1,1,3,1,True,0.050989,3.414213538169861,4.0,0.5890486268266539,1.5,0.0,2.0,54.6875,45.33,
vin test 8x8,non_urban,1,RRT*,classical,False,1,5,4,1,True,0.114089,5.2426406145095825,5.0,0.1570796292566355,1.2,0.0,5.0,54.6875,104.332,
vin test 8x8,non_urban,2,RRT*,classical,False,1,1,1,6,True,0.270777,5.0,6.0,0.0,1.0,0.0,5.0,54.6875,97.674,
vin test 8x8,non_urban,3,RRT*,classical,False,3,2,2,2,True,0.004404,1.0,2.0,0.0,2.0,0.0,1.0,54.6875,11.982,
vin test 8x8,non_urban,4,RRT*,classical,False,2,2,5,1,True,0.007419,3.414213538169861,4.0,0.3926990902558596,1.5,0.0,3.1622776985168457,54.6875,14.526,
vin test 8x8,non_urban,5,RRT*,classical,False,1,6,4,1,True,0.022877,11.41421353816986,12.0,0.39269907884634564,1.0833333333333333,0.0,5.830951690673828,54.6875,25.078,
vin test 8x8,non_urban,6,RRT*,classical,False,6,5,1,6,True,0.095118,5.414213538169861,6.0,0.1308996967519532,1.0,0.0,5.099019527435303,54.6875,34.852,
vin test 8x8,non_urban,7,RRT*,classical,False,6,6,6,3,True,0.153621,3.0,4.0,0.0,1.0,0.0,3.0,54.6875,41.614,
vin test 8x8,non_urban,8,RRT*,classical,False,3,1,1,4,True,0.240068,3.8284270763397217,4.0,0.3926990731415887,1.25,0.0,3.605551242828369,54.6875,146.857,
vin test 8x8,non_urban,9,RRT*,classical,False,2,3,2,1,True,0.005116,2.0,3.0,0.0,1.3333333333333333,0.0,2.0,54.6875,13.986,
vin test 8x8,non_urban,10,RRT*,classical,False,1,1,3,1,True,0.001166,2.0,3.0,0.0,1.0,0.0,2.0,54.6875,11.402,
vin test 8x8,non_urban,1,RRT-Connect,classical,False,,,,,False,,,,,,,,,,name 'n' is not defined
vin test 8x8,non_urban,2,RRT-Connect,classical,False,,,,,False,,,,,,,,,,name 'n' is not defined
vin test 8x8,non_urban,3,RRT-Connect,classical,False,,,,,False,,,,,,,,,,name 'n' is not defined
vin test 8x8,non_urban,4,RRT-Connect,classical,False,,,,,False,,,,,,,,,,name 'n' is not defined
vin test 8x8,non_urban,5,RRT-Connect,classical,False,,,,,False,,,,,,,,,,name 'n' is not defined
vin test 8x8,non_urban,6,RRT-Connect,classical,False,,,,,False,,,,,,,,,,name 'n' is not defined
vin test 8x8,non_urban,7,RRT-Connect,classical,False,,,,,False,,,,,,,,,,name 'n' is not defined
vin test 8x8,non_urban,8,RRT-Connect,classical,False,,,,,False,,,,,,,,,,name 'n' is not defined
vin test 8x8,non_urban,9,RRT-Connect,classical,False,,,,,False,,,,,,,,,,name 'n' is not defined
vin test 8x8,non_urban,10,RRT-Connect,classical,False,,,,,False,,,,,,,,,,name 'n' is not defined
vin test 8x8,non_urban,1,Wave-front,classical,False,1,5,4,1,True,0.011679,5.2426406145095825,5.0,0.1570796292566355,1.2,0.0,5.0,54.6875,56.79,
vin test 8x8,non_urban,2,Wave-front,classical,False,1,1,1,6,True,0.008148,5.0,6.0,0.0,1.0,0.0,5.0,54.6875,22.609,
vin test 8x8,non_urban,3,Wave-front,classical,False,3,2,2,2,True,0.000999,1.0,2.0,0.0,2.0,0.0,1.0,54.6875,9.977,
vin test 8x8,non_urban,4,Wave-front,classical,False,2,2,5,1,True,0.005794,3.414213538169861,4.0,0.1963495451279298,1.75,0.0,3.1622776985168457,54.6875,20.041,
vin test 8x8,non_urban,5,Wave-front,classical,False,1,6,4,1,True,0.011365,6.2426406145095825,6.0,0.13089969104719623,1.1666666666666667,0.0,5.830951690673828,54.6875,27.439,
vin test 8x8,non_urban,6,Wave-front,classical,False,6,5,1,6,True,0.009902,5.414213538169861,6.0,0.1308996967519532,1.0,0.0,5.099019527435303,54.6875,24.337,
vin test 8x8,non_urban,7,Wave-front,classical,False,6,6,6,3,True,0.006913,3.0,4.0,0.0,1.0,0.0,3.0,54.6875,18.511,
vin test 8x8,non_urban,8,Wave-front,classical,False,3,1,1,4,True,0.005012,3.8284270763397217,4.0,0.19634953657079435,1.25,0.0,3.605551242828369,54.6875,23.129,
vin test 8x8,non_urban,9,Wave-front,classical,False,2,3,2,1,True,0.00298,2.0,3.0,0.0,1.3333333333333333,0.0,2.0,54.6875,12.689,
vin test 8x8,non_urban,10,Wave-front,classical,False,1,1,3,1,True,0.002145,2.0,3.0,0.0,1.0,0.0,2.0,54.6875,13.729,
vin test 8x8,non_urban,1,Dijkstra,classical,False,1,5,4,1,True,0.009664,5.2426406145095825,5.0,0.1570796292566355,1.2,0.0,5.0,54.6875,71.438,
vin test 8x8,non_urban,2,Dijkstra,classical,False,1,1,1,6,True,0.010908,5.0,6.0,0.0,1.0,0.0,5.0,54.6875,31.777,
vin test 8x8,non_urban,3,Dijkstra,classical,False,3,2,2,2,True,0.001001,1.0,2.0,0.0,2.0,0.0,1.0,54.6875,12.265,
vin test 8x8,non_urban,4,Dijkstra,classical,False,2,2,5,1,True,0.008861,3.414213538169861,4.0,0.1963495451279298,1.75,0.0,3.1622776985168457,54.6875,28.993,
vin test 8x8,non_urban,5,Dijkstra,classical,False,1,6,4,1,True,0.010702,6.2426406145095825,6.0,0.13089969104719623,1.1666666666666667,0.0,5.830951690673828,54.6875,35.121,
vin test 8x8,non_urban,6,Dijkstra,classical,False,6,5,1,6,True,0.011026,5.414213538169861,6.0,0.1308996967519532,1.0,0.0,5.099019527435303,54.6875,33.969,
vin test 8x8,non_urban,7,Dijkstra,classical,False,6,6,6,3,True,0.004208,3.0,4.0,0.0,1.0,0.0,3.0,54.6875,19.169,
vin test 8x8,non_urban,8,Dijkstra,classical,False,3,1,1,4,True,0.025496,3.8284270763397217,4.0,0.19634953657079435,1.25,0.0,3.605551242828369,54.6875,35.473,
vin test 8x8,non_urban,9,Dijkstra,classical,False,2,3,2,1,True,0.0046,2.0,3.0,0.0,1.3333333333333333,0.0,2.0,54.6875,21.257,
vin test 8x8,non_urban,10,Dijkstra,classical,False,1,1,3,1,True,0.003145,2.0,3.0,0.0,1.0,0.0,2.0,54.6875,18.249,
vin test 8x8,non_urban,1,Potential Field,classical,False,1,5,4,1,True,0.072675,5.2426406145095825,5.0,0.1570796292566355,1.2,0.0,5.0,54.6875,158.286,
vin test 8x8,non_urban,2,Potential Field,classical,False,1,1,1,6,True,0.079027,5.0,6.0,0.0,1.0,0.0,5.0,54.6875,32.631,
vin test 8x8,non_urban,3,Potential Field,classical,False,3,2,2,2,True,0.072881,1.0,2.0,0.0,2.0,0.0,1.0,54.6875,30.785,
vin test 8x8,non_urban,4,Potential Field,classical,False,2,2,5,1,True,0.073424,3.414213538169861,4.0,0.1963495451279298,1.25,0.0,3.1622776985168457,54.6875,32.535,
vin test 8x8,non_urban,5,Potential Field,classical,False,1,6,4,1,True,0.076459,6.2426406145095825,6.0,0.13089969104719623,1.1666666666666667,0.0,5.830951690673828,54.6875,34.423,
vin test 8x8,non_urban,6,Potential Field,classical,False,6,5,1,6,True,0.072526,5.414213538169861,6.0,0.1308996967519532,1.0,0.0,5.099019527435303,54.6875,34.807,
vin test 8x8,non_urban,7,Potential Field,classical,False,6,6,6,3,True,0.0764,3.0,4.0,0.0,1.0,0.0,3.0,54.6875,34.039,
vin test 8x8,non_urban,8,Potential Field,classical,False,3,1,1,4,True,0.080878,3.8284270763397217,4.0,0.19634953657079435,1.25,0.0,3.605551242828369,54.6875,130.817,
vin test 8x8,non_urban,9,Potential Field,classical,False,2,3,2,1,True,0.070736,2.0,3.0,0.0,1.3333333333333333,0.0,2.0,54.6875,34.505,
vin test 8x8,non_urban,10,Potential Field,classical,False,1,1,3,1,True,0.073504,2.0,3.0,0.0,1.0,0.0,2.0,54.6875,35.223,
vin test 8x8,non_urban,1,Probabilistic Foam (GBPF),classical,True,1,5,4,1,True,0.012664,7.828427076339722,8.0,0.39269908169872414,1.375,0.0,5.0,54.6875,62.65,
vin test 8x8,non_urban,2,Probabilistic Foam (GBPF),classical,True,1,1,1,6,True,0.006113,5.828427076339722,6.0,0.3926990731415887,1.1666666666666667,0.0,5.0,54.6875,19.661,
vin test 8x8,non_urban,3,Probabilistic Foam (GBPF),classical,True,3,2,2,2,True,0.001005,1.0,2.0,0.0,2.0,0.0,1.0,54.6875,9.306,
vin test 8x8,non_urban,4,Probabilistic Foam (GBPF),classical,True,2,2,5,1,True,0.002614,3.414213538169861,4.0,0.3926990902558596,1.5,0.0,3.1622776985168457,54.6875,12.549,
vin test 8x8,non_urban,5,Probabilistic Foam (GBPF),classical,True,1,6,4,1,True,0.022366,6.2426406145095825,6.0,0.13089969104719623,1.1666666666666667,0.0,5.830951690673828,54.6875,30.317,
vin test 8x8,non_urban,6,Probabilistic Foam (GBPF),classical,True,6,5,1,6,True,0.015914,6.0,7.0,0.2243994752564138,1.0,0.0,5.099019527435303,54.6875,26.109,
vin test 8x8,non_urban,7,Probabilistic Foam (GBPF),classical,True,6,6,6,3,True,0.007867,3.0,4.0,0.0,1.0,0.0,3.0,54.6875,18.845,
vin test 8x8,non_urban,8,Probabilistic Foam (GBPF),classical,True,3,1,1,4,True,0.005356,3.8284270763397217,4.0,0.3926990731415887,1.25,0.0,3.605551242828369,54.6875,20.549,
vin test 8x8,non_urban,9,Probabilistic Foam (GBPF),classical,True,2,3,2,1,True,0.012777,2.0,3.0,0.0,1.3333333333333333,0.0,2.0,54.6875,19.693,
vin test 8x8,non_urban,10,Probabilistic Foam (GBPF),classical,True,1,1,3,1,True,0.002008,2.0,3.0,0.0,1.0,0.0,2.0,54.6875,11.797,
vin test 8x8,non_urban,1,Probabilistic Foam (PFM),classical,True,1,5,4,1,True,0.031746,6.414213538169861,7.0,0.4487989505128276,1.4285714285714286,0.0,5.0,54.6875,78.238,
vin test 8x8,non_urban,2,Probabilistic Foam (PFM),classical,True,1,1,1,6,True,0.01685,6.414213538169861,7.0,0.4487989456230359,1.1428571428571428,0.0,5.0,54.6875,33.129,
vin test 8x8,non_urban,3,Probabilistic Foam (PFM),classical,True,3,2,2,2,True,0.00215,3.0,4.0,0.7853981633974483,1.75,0.0,1.0,54.6875,14.321,
vin test 8x8,non_urban,4,Probabilistic Foam (PFM),classical,True,2,2,5,1,True,0.001999,3.414213538169861,4.0,0.3926990902558596,1.5,0.0,3.1622776985168457,54.6875,14.553,
vin test 8x8,non_urban,5,Probabilistic Foam (PFM),classical,True,1,6,4,1,True,0.024769,6.828427076339722,7.0,0.33659921532951653,1.2857142857142858,0.0,5.830951690673828,54.6875,46.321,
vin test 8x8,non_urban,6,Probabilistic Foam (PFM),classical,True,6,5,1,6,True,0.021599,5.414213538169861,6.0,0.1308996967519532,1.0,0.0,5.099019527435303,54.6875,37.649,
vin test 8x8,non_urban,7,Probabilistic Foam (PFM),classical,True,6,6,6,3,True,0.006877,3.0,4.0,0.0,1.0,0.0,3.0,54.6875,15.593,
vin test 8x8,non_urban,8,Probabilistic Foam (PFM),classical,True,3,1,1,4,True,0.008041,4.414213538169861,5.0,0.6283185307179586,1.4,0.0,3.605551242828369,54.6875,24.513,
vin test 8x8,non_urban,9,Probabilistic Foam (PFM),classical,True,2,3,2,1,True,0.000999,2.0,3.0,0.0,1.3333333333333333,0.0,2.0,54.6875,11.369,
vin test 8x8,non_urban,10,Probabilistic Foam (PFM),classical,True,1,1,3,1,True,0.001018,2.0,3.0,0.0,1.0,0.0,2.0,54.6875,11.561,
vin test 8x8,non_urban,1,Probabilistic Foam (RBPF),classical,True,1,5,4,1,True,0.014261,5.2426406145095825,5.0,0.1570796292566355,1.2,0.0,5.0,54.6875,65.902,
vin test 8x8,non_urban,2,Probabilistic Foam (RBPF),classical,True,1,1,1,6,True,0.043943,5.828427076339722,6.0,0.3926990731415887,1.1666666666666667,0.0,5.0,54.6875,58.636,
vin test 8x8,non_urban,3,Probabilistic Foam (RBPF),classical,True,3,2,2,2,True,0.003773,3.0,4.0,0.7853981633974483,1.75,0.0,1.0,54.6875,16.836,
vin test 8x8,non_urban,4,Probabilistic Foam (RBPF),classical,True,2,2,5,1,True,0.002237,3.414213538169861,4.0,0.3926990902558596,1.5,0.0,3.1622776985168457,54.6875,14.86,
vin test 8x8,non_urban,5,Probabilistic Foam (RBPF),classical,True,1,6,4,1,True,0.018757,8.242640614509583,8.0,0.7853981591188806,1.125,0.0,5.830951690673828,54.6875,40.756,
vin test 8x8,non_urban,6,Probabilistic Foam (RBPF),classical,True,6,5,1,6,True,0.046586,10.828427076339722,11.0,0.4283989951051044,1.3636363636363635,0.0,5.099019527435303,54.6875,48.972,
vin test 8x8,non_urban,7,Probabilistic Foam (RBPF),classical,True,6,6,6,3,True,0.00341,3.0,4.0,0.0,1.0,0.0,3.0,54.6875,12.348,
vin test 8x8,non_urban,8,Probabilistic Foam (RBPF),classical,True,3,1,1,4,True,0.012326,3.8284270763397217,4.0,0.3926990731415887,1.25,0.0,3.605551242828369,54.6875,33.844,
vin test 8x8,non_urban,9,Probabilistic Foam (RBPF),classical,True,2,3,2,1,True,0.002919,2.0,3.0,0.0,1.3333333333333333,0.0,2.0,54.6875,14.556,
vin test 8x8,non_urban,10,Probabilistic Foam (RBPF),classical,True,1,1,3,1,True,0.001,2.8284270763397217,3.0,0.0,1.3333333333333333,0.0,2.0,54.6875,11.58,
vin test 8x8,non_urban,1,Probabilistic Foam (HPF),classical,True,1,5,4,1,True,0.009713,5.2426406145095825,5.0,0.1570796292566355,1.2,0.0,5.0,54.6875,59.726,
vin test 8x8,non_urban,2,Probabilistic Foam (HPF),classical,True,1,1,1,6,True,0.013882,5.828427076339722,6.0,0.3926990731415887,1.1666666666666667,0.0,5.0,54.6875,28.065,
vin test 8x8,non_urban,3,Probabilistic Foam (HPF),classical,True,3,2,2,2,True,0.004799,3.0,4.0,0.7853981633974483,1.75,0.0,1.0,54.6875,18.353,
vin test 8x8,non_urban,4,Probabilistic Foam (HPF),classical,True,2,2,5,1,True,0.000999,3.414213538169861,4.0,0.3926990902558596,1.5,0.0,3.1622776985168457,54.6875,13.081,
vin test 8x8,non_urban,5,Probabilistic Foam (HPF),classical,True,1,6,4,1,True,0.011786,6.2426406145095825,6.0,0.13089969104719623,1.1666666666666667,0.0,5.830951690673828,54.6875,33.065,
vin test 8x8,non_urban,6,Probabilistic Foam (HPF),classical,True,6,5,1,6,True,0.009065,5.414213538169861,6.0,0.1308996967519532,1.0,0.0,5.099019527435303,54.6875,28.185,
vin test 8x8,non_urban,7,Probabilistic Foam (HPF),classical,True,6,6,6,3,True,0.005805,3.0,4.0,0.0,1.0,0.0,3.0,54.6875,18.473,
vin test 8x8,non_urban,8,Probabilistic Foam (HPF),classical,True,3,1,1,4,True,0.004961,4.414213538169861,5.0,0.6283185307179586,1.4,0.0,3.605551242828369,54.6875,21.697,
vin test 8x8,non_urban,9,Probabilistic Foam (HPF),classical,True,2,3,2,1,True,0.002861,2.0,3.0,0.0,1.3333333333333333,0.0,2.0,54.6875,13.057,
vin test 8x8,non_urban,10,Probabilistic Foam (HPF),classical,True,1,1,3,1,True,0.002904,2.0,3.0,0.0,1.0,0.0,2.0,54.6875,13.825,
vin test 8x8 -2,non_urban,1,A*,classical,False,0,7,7,0,True,0.016165,12.242640614509583,12.0,0.327249236175126,1.0690355937288494,0.0,9.899495124816895,28.125,87.67,
vin test 8x8 -2,non_urban,2,A*,classical,False,1,0,4,2,True,0.005061,3.8284270763397217,4.0,0.3926990902558596,1.4125703849682212,0.0,3.605551242828369,28.125,21.745,
vin test 8x8 -2,non_urban,3,A*,classical,False,1,2,0,2,True,0.002101,1.0,2.0,0.0,1.0,0.0,1.0,28.125,10.961,
vin test 8x8 -2,non_urban,4,A*,classical,False,0,1,6,0,True,0.007012,6.414213538169861,7.0,0.22439948014620548,1.2612038749637413,0.0,6.082762718200684,28.125,28.801,
vin test 8x8 -2,non_urban,5,A*,classical,False,3,7,7,5,True,0.015136,14.485281229019165,13.0,0.30207621800780865,1.1087856586440843,0.0,4.4721360206604,28.125,53.617,
vin test 8x8 -2,non_urban,6,A*,classical,False,5,0,4,6,True,0.028907,12.656854152679443,12.0,0.327249236175126,1.0345177968644246,0.0,6.082762718200684,28.125,63.041,
vin test 8x8 -2,non_urban,7,A*,classical,False,1,4,2,0,True,0.00459,4.414213538169861,5.0,0.1570796292566355,1.282842712474619,0.0,4.123105525970459,28.125,13.489,
vin test 8x8 -2,non_urban,8,A*,classical,False,1,0,5,0,True,0.004096,4.0,5.0,0.0,1.7772699034745352,0.0,4.0,28.125,22.521,
vin test 8x8 -2,non_urban,9,A*,classical,False,7,1,0,2,True,0.010752,8.242640614509583,8.0,0.3926990902558596,1.1553300858899107,0.0,7.071067810058594,28.125,38.825,
vin test 8x8 -2,non_urban,10,A*,classical,False,3,5,6,6,True,0.018376,16.485281229019165,15.0,0.31415926307707653,1.0,0.0,3.1622776985168457,28.125,59.225,
vin test 8x8 -2,non_urban,1,SPRM,classical,False,0,7,7,0,True,1.364368,13.41421353816986,14.0,0.33659921532951653,1.1479334151332483,0.0,9.899495124816895,28.125,1888.791,
vin test 8x8 -2,non_urban,2,SPRM,classical,False,1,0,4,2,True,0.009203,3.8284270763397217,4.0,0.3926990902558596,1.4125703849682212,0.0,3.605551242828369,28.125,7.352,
vin test 8x8 -2,non_urban,3,SPRM,classical,False,1,2,0,2,True,0.008148,1.0,2.0,0.0,1.0,0.0,1.0,28.125,7.112,
vin test 8x8 -2,non_urban,4,SPRM,classical,False,0,1,6,0,True,0.008319,6.414213538169861,7.0,0.22439948014620548,1.4377850146065685,0.0,6.082762718200684,28.125,8.666,
vin test 8x8 -2,non_urban,5,SPRM,classical,False,3,7,7,5,True,1.123757,16.242640614509583,16.0,0.5399612405446714,1.166053390593274,0.0,4.4721360206604,28.125,837.998,
vin test 8x8 -2,non_urban,6,SPRM,classical,False,5,0,4,6,True,1.333345,13.828427076339722,14.0,0.44879895540261927,1.1770506189013628,0.0,6.082762718200684,28.125,1864.318,
vin test 8x8 -2,non_urban,7,SPRM,classical,False,1,4,2,0,True,0.08399,4.414213538169861,5.0,0.1570796292566355,1.282842712474619,0.0,4.123105525970459,28.125,208.422,
vin test 8x8 -2,non_urban,8,SPRM,classical,False,1,0,5,0,True,0.009713,4.0,5.0,0.0,1.7772699034745352,0.0,4.0,28.125,10.09,
vin test 8x8 -2,non_urban,9,SPRM,classical,False,7,1,0,2,True,0.132492,8.242640614509583,8.0,0.4908738628198245,1.1035533905932737,0.0,7.071067810058594,28.125,238.502,
vin test 8x8 -2,non_urban,10,SPRM,classical,False,3,5,6,6,True,0.951119,19.656854152679443,19.0,0.62005118613332,1.065402141427331,0.0,3.1622776985168457,28.125,791.302,
vin test 8x8 -2,non_urban,1,RT,classical,False,0,7,7,0,True,0.508516,14.0,15.0,0.20943951023931953,1.341932680299464,0.0,9.899495124816895,28.125,267.508,
vin test 8x8 -2,non_urban,2,RT,classical,False,1,0,4,2,True,0.01136,12.313708305358887,10.0,0.3141592653589793,1.223606797749979,0.0,3.605551242828369,28.125,28.222,
vin test 8x8 -2,non_urban,3,RT,classical,False,1,2,0,2,True,0.016237,9.242640614509583,9.0,0.785398165299034,1.4318166130414083,0.0,1.0,28.125,33.454,
vin test 8x8 -2,non_urban,4,RT,classical,False,0,1,6,0,True,0.174814,20.071067690849304,19.0,0.6613879270715354,1.4496423035192134,0.0,6.082762718200684,28.125,131.347,
vin test 8x8 -2,non_urban,5,RT,classical,False,3,7,7,5,True,0.645079,21.313708305358887,19.0,0.5373776844403648,1.4278415897101033,0.0,4.4721360206604,28.125,192.815,
vin test 8x8 -2,non_urban,6,RT,classical,False,5,0,4,6,True,1.825262,35.38477599620819,31.0,0.6080501932256723,1.1599166880399403,0.0,6.082762718200684,28.125,394.47,
vin test 8x8 -2,non_urban,7,RT,classical,False,1,4,2,0,True,0.249204,7.828427076339722,8.0,0.4908738457055536,1.176776695296637,0.0,4.123105525970459,28.125,129.79,
vin test 8x8 -2,non_urban,8,RT,classical,False,1,0,5,0,True,0.274818,8.828427076339722,9.0,0.8726646298003361,1.6612049577354062,0.0,4.0,28.125,201.01,
vin test 8x8 -2,non_urban,9,RT,classical,False,7,1,0,2,True,0.345473,10.0,11.0,0.28559933214452665,1.6480900185901781,0.0,7.071067810058594,28.125,218.526,
vin test 8x8 -2,non_urban,10,RT,classical,False,3,5,6,6,True,5.524702,32.870057225227356,26.0,0.5437371808290107,1.1631784879661264,0.0,3.1622776985168457,28.125,533.283,
vin test 8x8 -2,non_urban,1,RRT,classical,False,0,7,7,0,True,0.128992,13.41421353816986,14.0,0.33659921532951653,1.1183467321065987,0.0,9.899495124816895,28.125,117.59,
vin test 8x8 -2,non_urban,2,RRT,classical,False,1,0,4,2,True,0.196887,4.414213538169861,5.0,0.628318537563667,1.530056307974577,0.0,3.605551242828369,28.125,72.72,
vin test 8x8 -2,non_urban,3,RRT,classical,False,1,2,0,2,True,0.161239,1.0,2.0,0.0,1.0,0.0,1.0,28.125,79.774,
vin test 8x8 -2,non_urban,4,RRT,classical,False,0,1,6,0,True,0.003809,6.414213538169861,7.0,0.22439948014620548,1.4377850146065685,0.0,6.082762718200684,28.125,17.906,
vin test 8x8 -2,non_urban,5,RRT,classical,False,3,7,7,5,True,0.501181,20.242640614509583,20.0,0.47123889632704186,1.306778145705573,0.0,4.4721360206604,28.125,99.986,
vin test 8x8 -2,non_urban,6,RRT,classical,False,5,0,4,6,True,0.008033,14.41421353816986,15.0,0.2617993889401008,1.3419326802994642,0.0,6.082762718200684,28.125,23.034,
vin test 8x8 -2,non_urban,7,RRT,classical,False,1,4,2,0,True,0.003605,5.0,6.0,0.2617993877991494,1.4417135899788143,0.0,4.123105525970459,28.125,14.518,
vin test 8x8 -2,non_urban,8,RRT,classical,False,1,0,5,0,True,0.107455,4.0,5.0,0.0,1.7772699034745352,0.0,4.0,28.125,83.795,
vin test 8x8 -2,non_urban,9,RRT,classical,False,7,1,0,2,True,0.026745,11.071067690849304,10.0,0.6283185307179586,1.2064495102245982,0.0,7.071067810058594,28.125,46.29,
vin test 8x8 -2,non_urban,10,RRT,classical,False,3,5,6,6,True,0.566131,21.313708305358887,19.0,0.6613879216670288,1.2447516599933097,0.0,3.1622776985168457,28.125,122.872,
vin test 8x8 -2,non_urban,1,RRT*,classical,False,0,7,7,0,True,0.288158,12.828427076339722,13.0,0.3624914626625563,1.095587745163022,0.0,9.899495124816895,28.125,165.585,
vin test 8x8 -2,non_urban,2,RRT*,classical,False,1,0,4,2,True,0.005604,3.8284270763397217,4.0,0.3926990902558596,1.4125703849682212,0.0,3.605551242828369,28.125,13.979,
vin test 8x8 -2,non_urban,3,RRT*,classical,False,1,2,0,2,True,0.002624,1.0,2.0,0.0,1.0,0.0,1.0,28.125,9.677,
vin test 8x8 -2,non_urban,4,RRT*,classical,False,0,1,6,0,True,0.009109,6.414213538169861,7.0,0.22439948014620548,1.4377850146065685,0.0,6.082762718200684,28.125,21.891,
vin test 8x8 -2,non_urban,5,RRT*,classical,False,3,7,7,5,True,0.440792,14.485281229019165,13.0,0.30207621800780865,1.1087856586440843,0.0,4.4721360206604,28.125,74.449,
vin test 8x8 -2,non_urban,6,RRT*,classical,False,5,0,4,6,True,0.260266,14.071067690849304,13.0,0.7249829200591831,1.095587745163022,0.0,6.082762718200684,28.125,66.759,
vin test 8x8 -2,non_urban,7,RRT*,classical,False,1,4,2,0,True,0.112304,4.414213538169861,5.0,0.314159258513271,1.2,0.0,4.123105525970459,28.125,39.159,
vin test 8x8 -2,non_urban,8,RRT*,classical,False,1,0,5,0,True,0.90906,4.0,5.0,0.0,1.7772699034745352,0.0,4.0,28.125,201.615,
vin test 8x8 -2,non_urban,9,RRT*,classical,False,7,1,0,2,True,0.45711,8.242640614509583,8.0,0.4908738628198245,1.1035533905932737,0.0,7.071067810058594,28.125,77.503,
vin test 8x8 -2,non_urban,10,RRT*,classical,False,3,5,6,6,True,0.87241,16.485281229019165,15.0,0.31415926307707653,1.0,0.0,3.1622776985168457,28.125,86.328,
vin test 8x8 -2,non_urban,1,RRT-Connect,classical,False,,,,,False,,,,,,,,,,name 'n' is not defined
vin test 8x8 -2,non_urban,2,RRT-Connect,classical,False,,,,,False,,,,,,,,,,name 'n' is not defined
vin test 8x8 -2,non_urban,3,RRT-Connect,classical,False,,,,,False,,,,,,,,,,name 'n' is not defined
vin test 8x8 -2,non_urban,4,RRT-Connect,classical,False,,,,,False,,,,,,,,,,name 'n' is not defined
vin test 8x8 -2,non_urban,5,RRT-Connect,classical,False,,,,,False,,,,,,,,,,name 'n' is not defined
vin test 8x8 -2,non_urban,6,RRT-Connect,classical,False,,,,,False,,,,,,,,,,name 'n' is not defined
vin test 8x8 -2,non_urban,7,RRT-Connect,classical,False,,,,,False,,,,,,,,,,name 'n' is not defined
vin test 8x8 -2,non_urban,8,RRT-Connect,classical,False,,,,,False,,,,,,,,,,name 'n' is not defined
vin test 8x8 -2,non_urban,9,RRT-Connect,classical,False,,,,,False,,,,,,,,,,name 'n' is not defined
vin test 8x8 -2,non_urban,10,RRT-Connect,classical,False,,,,,False,,,,,,,,,,name 'n' is not defined
vin test 8x8 -2,non_urban,1,Wave-front,classical,False,0,7,7,0,True,0.02117,12.242640614509583,12.0,0.327249236175126,1.0690355937288494,0.0,9.899495124816895,28.125,73.246,
vin test 8x8 -2,non_urban,2,Wave-front,classical,False,1,0,4,2,True,0.006003,3.8284270763397217,4.0,0.1963495451279298,1.6625703849682212,0.0,3.605551242828369,28.125,18.345,
vin test 8x8 -2,non_urban,3,Wave-front,classical,False,1,2,0,2,True,0.001523,1.0,2.0,0.0,1.0,0.0,1.0,28.125,7.737,
vin test 8x8 -2,non_urban,4,Wave-front,classical,False,0,1,6,0,True,0.012308,6.414213538169861,7.0,0.22439948014620548,1.2612038749637413,0.0,6.082762718200684,28.125,27.721,
vin test 8x8 -2,non_urban,5,Wave-front,classical,False,3,7,7,5,True,0.023255,14.485281229019165,13.0,0.30207621800780865,1.1406482403650917,0.0,4.4721360206604,28.125,44.303,
vin test 8x8 -2,non_urban,6,Wave-front,classical,False,5,0,4,6,True,0.016892,12.656854152679443,12.0,0.327249236175126,1.1720412585204985,0.0,6.082762718200684,28.125,24.367,
vin test 8x8 -2,non_urban,7,Wave-front,classical,False,1,4,2,0,True,0.00843,4.414213538169861,5.0,0.1570796292566355,1.282842712474619,0.0,4.123105525970459,28.125,12.055,
vin test 8x8 -2,non_urban,8,Wave-front,classical,False,1,0,5,0,True,0.007576,4.0,5.0,0.0,1.7772699034745352,0.0,4.0,28.125,28.201,
vin test 8x8 -2,non_urban,9,Wave-front,classical,False,7,1,0,2,True,0.017224,8.242640614509583,8.0,0.1963495451279298,1.3830618877807477,0.0,7.071067810058594,28.125,31.177,
vin test 8x8 -2,non_urban,10,Wave-front,classical,False,3,5,6,6,True,0.025808,16.485281229019165,15.0,0.31415926307707653,1.0276142374915398,0.0,3.1622776985168457,28.125,48.273,
vin test 8x8 -2,non_urban,1,Dijkstra,classical,False,0,7,7,0,True,0.018045,12.242640614509583,12.0,0.327249236175126,1.0690355937288494,0.0,9.899495124816895,28.125,92.294,
vin test 8x8 -2,non_urban,2,Dijkstra,classical,False,1,0,4,2,True,0.008598,3.8284270763397217,4.0,0.1963495451279298,1.6625703849682212,0.0,3.605551242828369,28.125,25.465,
vin test 8x8 -2,non_urban,3,Dijkstra,classical,False,1,2,0,2,True,0.000998,1.0,2.0,0.0,1.0,0.0,1.0,28.125,9.889,
vin test 8x8 -2,non_urban,4,Dijkstra,classical,False,0,1,6,0,True,0.014361,6.414213538169861,7.0,0.22439948014620548,1.2612038749637413,0.0,6.082762718200684,28.125,38.825,
vin test 8x8 -2,non_urban,5,Dijkstra,classical,False,3,7,7,5,True,0.023029,14.485281229019165,13.0,0.30207621800780865,1.1406482403650917,0.0,4.4721360206604,28.125,57.753,
vin test 8x8 -2,non_urban,6,Dijkstra,classical,False,5,0,4,6,True,0.023764,12.656854152679443,12.0,0.327249236175126,1.1720412585204985,0.0,6.082762718200684,28.125,45.473,
vin test 8x8 -2,non_urban,7,Dijkstra,classical,False,1,4,2,0,True,0.011891,4.414213538169861,5.0,0.1570796292566355,1.282842712474619,0.0,4.123105525970459,28.125,18.129,
vin test 8x8 -2,non_urban,8,Dijkstra,classical,False,1,0,5,0,True,0.01214,4.0,5.0,0.0,1.7772699034745352,0.0,4.0,28.125,37.369,
vin test 8x8 -2,non_urban,9,Dijkstra,classical,False,7,1,0,2,True,0.015866,8.242640614509583,8.0,0.1963495451279298,1.3830618877807477,0.0,7.071067810058594,28.125,42.473,
vin test 8x8 -2,non_urban,10,Dijkstra,classical,False,3,5,6,6,True,0.022197,16.485281229019165,15.0,0.31415926307707653,1.0276142374915398,0.0,3.1622776985168457,28.125,60.857,
vin test 8x8 -2,non_urban,1,Potential Field,classical,False,0,7,7,0,True,0.046478,12.242640614509583,12.0,0.19634953942317282,1.1720412585204985,0.0,9.899495124816895,28.125,139.678,
vin test 8x8 -2,non_urban,2,Potential Field,classical,False,1,0,4,2,True,0.042382,3.8284270763397217,4.0,0.1963495451279298,1.3090169943749475,0.0,3.605551242828369,28.125,52.215,
vin test 8x8 -2,non_urban,3,Potential Field,classical,False,1,2,0,2,True,0.043176,1.0,2.0,0.0,1.0,0.0,1.0,28.125,30.607,
vin test 8x8 -2,non_urban,4,Potential Field,classical,False,0,1,6,0,True,0.046441,6.414213538169861,7.0,0.11219974007310274,1.6980499310532393,0.0,6.082762718200684,28.125,34.263,
vin test 8x8 -2,non_urban,5,Potential Field,classical,False,3,7,7,5,False,0.044958,4.828427076339722,5.0,0.4712388877699064,1.082842712474619,4.0,4.4721360206604,28.125,33.687,
vin test 8x8 -2,non_urban,6,Potential Field,classical,False,5,0,4,6,True,0.048609,16.656854152679443,16.0,0.5399612362661037,1.0258883476483185,0.0,6.082762718200684,28.125,40.983,
vin test 8x8 -2,non_urban,7,Potential Field,classical,False,1,4,2,0,True,0.046143,4.414213538169861,5.0,0.314159258513271,1.2,0.0,4.123105525970459,28.125,34.519,
vin test 8x8 -2,non_urban,8,Potential Field,classical,False,1,0,5,0,True,0.04556,4.0,5.0,0.0,1.7772699034745352,0.0,4.0,28.125,101.825,
vin test 8x8 -2,non_urban,9,Potential Field,classical,False,7,1,0,2,True,0.055489,9.071067690849304,8.0,0.2945243176918947,1.0,0.0,7.071067810058594,28.125,65.655,
vin test 8x8 -2,non_urban,10,Potential Field,classical,False,3,5,6,6,False,0.045923,4.828427076339722,5.0,0.4712388877699064,1.0,3.1622776985168457,3.1622776985168457,28.125,36.199,
vin test 8x8 -2,non_urban,1,Probabilistic Foam (GBPF),classical,True,0,7,7,0,True,0.069872,13.41421353816986,14.0,0.2243994752564138,1.2780658733565837,0.0,9.899495124816895,28.125,96.131,
vin test 8x8 -2,non_urban,2,Probabilistic Foam (GBPF),classical,True,1,0,4,2,True,0.002429,4.414213538169861,5.0,0.3141592653589793,1.694427190999916,0.0,3.605551242828369,28.125,11.372,
vin test 8x8 -2,non_urban,3,Probabilistic Foam (GBPF),classical,True,1,2,0,2,True,0.003998,2.414213538169861,3.0,0.26179938209439246,1.1380711874576983,0.0,1.0,28.125,13.084,
vin test 8x8 -2,non_urban,4,Probabilistic Foam (GBPF),classical,True,0,1,6,0,True,0.006883,6.414213538169861,7.0,0.11219974007310274,1.6980499310532393,0.0,6.082762718200684,28.125,20.676,
vin test 8x8 -2,non_urban,5,Probabilistic Foam (GBPF),classical,True,3,7,7,5,True,0.497522,15.071067690849304,14.0,0.504898820549379,1.1010152544552212,0.0,4.4721360206604,28.125,114.652,
vin test 8x8 -2,non_urban,6,Probabilistic Foam (GBPF),classical,True,5,0,4,6,True,0.826748,14.41421353816986,15.0,0.47123889917942036,1.2204757192910176,0.0,6.082762718200684,28.125,71.967,
vin test 8x8 -2,non_urban,7,Probabilistic Foam (GBPF),classical,True,1,4,2,0,True,0.013716,4.414213538169861,5.0,0.314159258513271,1.2,0.0,4.123105525970459,28.125,14.824,
vin test 8x8 -2,non_urban,8,Probabilistic Foam (GBPF),classical,True,1,0,5,0,True,0.005746,4.828427076339722,5.0,0.31415927220468765,1.612899020449196,0.0,4.0,28.125,18.868,
vin test 8x8 -2,non_urban,9,Probabilistic Foam (GBPF),classical,True,7,1,0,2,True,0.003011,8.242640614509583,8.0,0.4908738628198245,1.051776695296637,0.0,7.071067810058594,28.125,18.164,
vin test 8x8 -2,non_urban,10,Probabilistic Foam (GBPF),classical,True,3,5,6,6,True,0.555777,18.242640614509583,18.0,0.5235987755982988,1.0460237291525663,0.0,3.1622776985168457,28.125,151.075,
vin test 8x8 -2,non_urban,1,Probabilistic Foam (PFM),classical,True,0,7,7,0,False,0.0,0.0,1.0,0.0,1.0,9.899495124816895,9.899495124816895,28.125,39.494,
vin test 8x8 -2,non_urban,2,Probabilistic Foam (PFM),classical,True,1,0,4,2,True,0.002026,3.8284270763397217,4.0,0.1963495451279298,1.6625703849682212,0.0,3.605551242828369,28.125,12.273,
vin test 8x8 -2,non_urban,3,Probabilistic Foam (PFM),classical,True,1,2,0,2,True,0.001105,1.0,2.0,0.0,1.0,0.0,1.0,28.125,7.713,
vin test 8x8 -2,non_urban,4,Probabilistic Foam (PFM),classical,True,0,1,6,0,False,0.083841,0.0,1.0,0.0,2.0,6.082762718200684,6.082762718200684,28.125,82.393,
vin test 8x8 -2,non_urban,5,Probabilistic Foam (PFM),classical,True,3,7,7,5,False,0.004007,0.0,1.0,0.0,1.4142135623730951,4.4721360206604,4.4721360206604,28.125,9.953,
vin test 8x8 -2,non_urban,6,Probabilistic Foam (PFM),classical,True,5,0,4,6,True,0.097581,16.071067690849304,15.0,0.47123889917942036,1.3652472443079384,0.0,6.082762718200684,28.125,81.825,
vin test 8x8 -2,non_urban,7,Probabilistic Foam (PFM),classical,True,1,4,2,0,True,0.021004,4.414213538169861,5.0,0.314159258513271,1.2,0.0,4.123105525970459,28.125,22.113,
vin test 8x8 -2,non_urban,8,Probabilistic Foam (PFM),classical,True,1,0,5,0,True,0.007394,4.828427076339722,5.0,0.31415927220468765,1.612899020449196,0.0,4.0,28.125,23.385,
vin test 8x8 -2,non_urban,9,Probabilistic Foam (PFM),classical,True,7,1,0,2,False,0.022991,0.0,1.0,0.0,1.0,7.071067810058594,7.071067810058594,28.125,27.969,
vin test 8x8 -2,non_urban,10,Probabilistic Foam (PFM),classical,True,3,5,6,6,False,0.011765,0.0,1.0,0.0,1.0,3.1622776985168457,3.1622776985168457,28.125,16.585,
vin test 8x8 -2,non_urban,1,Probabilistic Foam (RBPF),classical,True,0,7,7,0,False,0.082364,0.0,1.0,0.0,1.0,9.899495124816895,9.899495124816895,28.125,108.742,
vin test 8x8 -2,non_urban,2,Probabilistic Foam (RBPF),classical,True,1,0,4,2,True,0.002182,3.8284270763397217,4.0,0.1963495451279298,1.6625703849682212,0.0,3.605551242828369,28.125,12.084,
vin test 8x8 -2,non_urban,3,Probabilistic Foam (RBPF),classical,True,1,2,0,2,True,0.002075,1.0,2.0,0.0,1.0,0.0,1.0,28.125,9.292,
vin test 8x8 -2,non_urban,4,Probabilistic Foam (RBPF),classical,True,0,1,6,0,False,0.109215,0.0,1.0,0.0,2.0,6.082762718200684,6.082762718200684,28.125,83.828,
vin test 8x8 -2,non_urban,5,Probabilistic Foam (RBPF),classical,True,3,7,7,5,False,0.006522,0.0,1.0,0.0,1.4142135623730951,4.4721360206604,4.4721360206604,28.125,7.092,
vin test 8x8 -2,non_urban,6,Probabilistic Foam (RBPF),classical,True,5,0,4,6,False,0.094328,0.0,1.0,0.0,1.0,6.082762718200684,6.082762718200684,28.125,40.548,
vin test 8x8 -2,non_urban,7,Probabilistic Foam (RBPF),classical,True,1,4,2,0,True,0.018268,5.2426406145095825,5.0,0.4712388877699064,1.282842712474619,0.0,4.123105525970459,28.125,20.708,
vin test 8x8 -2,non_urban,8,Probabilistic Foam (RBPF),classical,True,1,0,5,0,True,0.005847,4.828427076339722,5.0,0.31415927220468765,1.612899020449196,0.0,4.0,28.125,22.836,
vin test 8x8 -2,non_urban,9,Probabilistic Foam (RBPF),classical,True,7,1,0,2,False,0.024026,0.0,1.0,0.0,1.0,7.071067810058594,7.071067810058594,28.125,32.214,
vin test 8x8 -2,non_urban,10,Probabilistic Foam (RBPF),classical,True,3,5,6,6,False,0.010883,0.0,1.0,0.0,1.0,3.1622776985168457,3.1622776985168457,28.125,16.844,
vin test 8x8 -2,non_urban,1,Probabilistic Foam (HPF),classical,True,0,7,7,0,False,0.084349,0.0,1.0,0.0,1.0,9.899495124816895,9.899495124816895,28.125,113.758,
vin test 8x8 -2,non_urban,2,Probabilistic Foam (HPF),classical,True,1,0,4,2,True,0.003073,3.8284270763397217,4.0,0.1963495451279298,1.3090169943749475,0.0,3.605551242828369,28.125,13.169,
vin test 8x8 -2,non_urban,3,Probabilistic Foam (HPF),classical,True,1,2,0,2,True,0.000998,2.414213538169861,3.0,0.26179938209439246,1.1380711874576983,0.0,1.0,28.125,10.049,
vin test 8x8 -2,non_urban,4,Probabilistic Foam (HPF),classical,True,0,1,6,0,True,0.041659,11.485281229019165,10.0,0.6283185307179586,1.323606797749979,0.0,6.082762718200684,28.125,70.585,
vin test 8x8 -2,non_urban,5,Probabilistic Foam (HPF),classical,True,3,7,7,5,False,0.007891,0.0,1.0,0.0,1.4142135623730951,4.4721360206604,4.4721360206604,28.125,8.537,
vin test 8x8 -2,non_urban,6,Probabilistic Foam (HPF),classical,True,5,0,4,6,False,0.086084,0.0,1.0,0.0,1.0,6.082762718200684,6.082762718200684,28.125,41.401,
vin test 8x8 -2,non_urban,7,Probabilistic Foam (HPF),classical,True,1,4,2,0,True,0.007369,4.414213538169861,5.0,0.1570796292566355,1.282842712474619,0.0,4.123105525970459,28.125,18.169,
vin test 8x8 -2,non_urban,8,Probabilistic Foam (HPF),classical,True,1,0,5,0,True,0.007917,4.828427076339722,5.0,0.31415927220468765,1.612899020449196,0.0,4.0,28.125,26.945,
vin test 8x8 -2,non_urban,9,Probabilistic Foam (HPF),classical,True,7,1,0,2,False,0.022658,0.0,1.0,0.0,1.0,7.071067810058594,7.071067810058594,28.125,28.897,
vin test 8x8 -2,non_urban,10,Probabilistic Foam (HPF),classical,True,3,5,6,6,False,0.011636,0.0,1.0,0.0,1.0,3.1622776985168457,3.1622776985168457,28.125,19.801,
vin test 8x8 -3,non_urban,1,A*,classical,False,1,7,7,0,True,0.014367,10.656854152679443,10.0,0.47123889803846897,1.5414213562373096,0.0,9.219544410705566,26.5625,87.686,
vin test 8x8 -3,non_urban,2,A*,classical,False,1,0,4,2,True,0.005366,4.414213538169861,5.0,0.3141592653589793,1.082842712474619,0.0,3.605551242828369,26.5625,22.689,
vin test 8x8 -3,non_urban,3,A*,classical,False,1,2,0,2,True,0.001998,1.0,2.0,0.0,1.5,0.0,1.0,26.5625,11.257,
vin test 8x8 -3,non_urban,4,A*,classical,False,0,1,6,0,True,0.00561,6.414213538169861,7.0,0.22439948014620548,1.6643259342675552,0.0,6.082762718200684,26.5625,26.225,
vin test 8x8 -3,non_urban,5,A*,classical,False,4,7,0,6,True,0.004693,4.414213538169861,5.0,0.31415927220468765,1.1656854249492379,0.0,4.123105525970459,26.5625,19.601,
vin test 8x8 -3,non_urban,6,A*,classical,False,5,0,6,6,True,0.014412,10.071067690849304,9.0,0.3490658503988659,1.1373408863888654,0.0,6.082762718200684,26.5625,43.849,
vin test 8x8 -3,non_urban,7,A*,classical,False,0,5,2,0,True,0.006016,5.828427076339722,6.0,0.3926990731415887,1.1380711874576983,0.0,5.385164737701416,26.5625,27.993,
vin test 8x8 -3,non_urban,8,A*,classical,False,1,0,5,0,True,0.004748,4.0,5.0,0.0,1.412899020449196,0.0,4.0,26.5625,21.305,
vin test 8x8 -3,non_urban,9,A*,classical,False,7,1,0,2,True,0.011917,8.242640614509583,8.0,0.1963495451279298,1.5,0.0,7.071067810058594,26.5625,37.377,
vin test 8x8 -3,non_urban,10,A*,classical,False,6,5,7,6,True,0.002321,1.4142135381698608,2.0,0.0,1.5,0.0,1.4142135381698608,26.5625,10.121,
vin test 8x8 -3,non_urban,1,SPRM,classical,False,1,7,7,0,True,0.124873,10.656854152679443,10.0,0.5497787160896409,1.4414213562373095,0.0,9.219544410705566,26.5625,251.947,
vin test 8x8 -3,non_urban,2,SPRM,classical,False,1,0,4,2,True,0.152332,7.828427076339722,8.0,0.5890486268266539,1.301776695296637,0.0,3.605551242828369,26.5625,511.501,
vin test 8x8 -3,non_urban,3,SPRM,classical,False,1,2,0,2,True,0.008386,1.0,2.0,0.0,1.5,0.0,1.0,26.5625,7.112,
vin test 8x8 -3,non_urban,4,SPRM,classical,False,0,1,6,0,True,0.158558,6.414213538169861,7.0,0.22439948014620548,1.6643259342675552,0.0,6.082762718200684,26.5625,507.409,
vin test 8x8 -3,non_urban,5,SPRM,classical,False,4,7,0,6,True,0.140797,4.414213538169861,5.0,0.31415927220468765,1.1656854249492379,0.0,4.123105525970459,26.5625,445.19,
vin test 8x8 -3,non_urban,6,SPRM,classical,False,5,0,6,6,True,0.225612,14.899494767189026,13.0,0.30207621537484386,1.1588073155573833,0.0,6.082762718200684,26.5625,639.984,
vin test 8x8 -3,non_urban,7,SPRM,classical,False,0,5,2,0,True,0.158377,5.828427076339722,6.0,0.13089969104719623,1.4417135899788143,0.0,5.385164737701416,26.5625,585.478,
vin test 8x8 -3,non_urban,8,SPRM,classical,False,1,0,5,0,True,0.008076,4.0,5.0,0.0,1.412899020449196,0.0,4.0,26.5625,9.994,
vin test 8x8 -3,non_urban,9,SPRM,classical,False,7,1,0,2,True,0.120195,8.242640614509583,8.0,0.4908738628198245,1.426776695296637,0.0,7.071067810058594,26.5625,212.342,
vin test 8x8 -3,non_urban,10,SPRM,classical,False,6,5,7,6,True,0.008904,1.4142135381698608,2.0,0.0,1.5,0.0,1.4142135381698608,26.5625,7.112,
vin test 8x8 -3,non_urban,1,RT,classical,False,1,7,7,0,True,0.099405,14.656854152679443,14.0,0.7853981585076567,1.5341934760442197,0.0,9.219544410705566,26.5625,131.698,
vin test 8x8 -3,non_urban,2,RT,classical,False,1,0,4,2,True,0.010189,6.414213538169861,7.0,0.6731984208794497,1.1183467321065985,0.0,3.605551242828369,26.5625,26.29,
vin test 8x8 -3,non_urban,3,RT,classical,False,1,2,0,2,True,0.001998,1.0,2.0,0.0,1.5,0.0,1.0,26.5625,10.965,
vin test 8x8 -3,non_urban,4,RT,classical,False,0,1,6,0,True,0.05048,19.485281229019165,18.0,0.4799655452492334,1.5071661224717756,0.0,6.082762718200684,26.5625,80.184,
vin test 8x8 -3,non_urban,5,RT,classical,False,4,7,0,6,True,0.039294,24.656854152679443,24.0,0.1636246138089953,1.4762313868432386,0.0,4.123105525970459,26.5625,62.338,
vin test 8x8 -3,non_urban,6,RT,classical,False,5,0,6,6,True,2.228126,30.79898953437805,26.0,0.8760210316960524,1.4346370415286835,0.0,6.082762718200684,26.5625,484.309,
vin test 8x8 -3,non_urban,7,RT,classical,False,0,5,2,0,True,0.062269,16.313708305358887,14.0,0.6170985606224816,1.4285714285714286,0.0,5.385164737701416,26.5625,77.453,
vin test 8x8 -3,non_urban,8,RT,classical,False,1,0,5,0,True,1.466298,10.828427076339722,11.0,0.7853981618416054,1.7442647815562224,0.0,4.0,26.5625,511.969,
vin test 8x8 -3,non_urban,9,RT,classical,False,7,1,0,2,True,0.025319,14.242640614509583,14.0,0.44879895295772343,1.391336333187077,0.0,7.071067810058594,26.5625,42.818,
vin test 8x8 -3,non_urban,10,RT,classical,False,6,5,7,6,True,0.054862,3.414213538169861,4.0,0.19634953657079435,1.3535533905932737,0.0,1.4142135381698608,26.5625,79.045,
vin test 8x8 -3,non_urban,1,RRT,classical,False,1,7,7,0,True,0.026497,13.828427076339722,14.0,0.22439947281151795,1.7234993003208545,0.0,9.219544410705566,26.5625,80.935,
vin test 8x8 -3,non_urban,2,RRT,classical,False,1,0,4,2,True,0.142226,5.0,6.0,0.2617993877991494,1.1380711874576983,0.0,3.605551242828369,26.5625,68.209,
vin test 8x8 -3,non_urban,3,RRT,classical,False,1,2,0,2,True,0.166948,1.0,2.0,0.0,1.5,0.0,1.0,26.5625,76.588,
vin test 8x8 -3,non_urban,4,RRT,classical,False,0,1,6,0,True,0.035811,8.41421353816986,9.0,0.5235987794014701,1.9611423933192096,0.0,6.082762718200684,26.5625,55.762,
vin test 8x8 -3,non_urban,5,RRT,classical,False,4,7,0,6,True,0.053222,6.656854152679443,6.0,0.13089969104719623,1.2750469233121475,0.0,4.123105525970459,26.5625,64.91,
vin test 8x8 -3,non_urban,6,RRT,classical,False,5,0,6,6,True,0.157132,17.242640614509583,17.0,0.6005985925190597,1.1558989141101697,0.0,6.082762718200684,26.5625,86.378,
vin test 8x8 -3,non_urban,7,RRT,classical,False,0,5,2,0,True,0.019431,19.727921843528748,17.0,0.6005985965459469,1.415558535426234,0.0,5.385164737701416,26.5625,35.97,
vin test 8x8 -3,non_urban,8,RRT,classical,False,1,0,5,0,True,0.026507,4.0,5.0,0.0,1.412899020449196,0.0,4.0,26.5625,53.59,
vin test 8x8 -3,non_urban,9,RRT,classical,False,7,1,0,2,True,0.034753,8.828427076339722,9.0,0.34906585420203723,1.6476030138606879,0.0,7.071067810058594,26.5625,54.496,
vin test 8x8 -3,non_urban,10,RRT,classical,False,6,5,7,6,True,0.052118,2.0,3.0,0.5235987755982988,1.3333333333333333,0.0,1.4142135381698608,26.5625,59.99,
vin test 8x8 -3,non_urban,1,RRT*,classical,False,1,7,7,0,True,0.15406,10.656854152679443,10.0,0.5497787160896409,1.4414213562373095,0.0,9.219544410705566,26.5625,120.169,
vin test 8x8 -3,non_urban,2,RRT*,classical,False,1,0,4,2,True,0.362923,4.414213538169861,5.0,0.3141592653589793,1.082842712474619,0.0,3.605551242828369,26.5625,94.841,
vin test 8x8 -3,non_urban,3,RRT*,classical,False,1,2,0,2,True,0.009204,1.0,2.0,0.0,1.5,0.0,1.0,26.5625,21.919,
vin test 8x8 -3,non_urban,4,RRT*,classical,False,0,1,6,0,True,0.36401,6.414213538169861,7.0,0.22439948014620548,1.6643259342675552,0.0,6.082762718200684,26.5625,51.607,
vin test 8x8 -3,non_urban,5,RRT*,classical,False,4,7,0,6,True,0.207967,4.414213538169861,5.0,0.31415927220468765,1.1656854249492379,0.0,4.123105525970459,26.5625,45.071,
vin test 8x8 -3,non_urban,6,RRT*,classical,False,5,0,6,6,True,0.435603,12.071067690849304,11.0,0.4283989951051044,1.1123698161363444,0.0,6.082762718200684,26.5625,59.656,
vin test 8x8 -3,non_urban,7,RRT*,classical,False,0,5,2,0,True,0.671537,5.828427076339722,6.0,0.3926990731415887,1.2750469233121475,0.0,5.385164737701416,26.5625,78.687,
vin test 8x8 -3,non_urban,8,RRT*,classical,False,1,0,5,0,True,0.110878,4.0,5.0,0.0,1.412899020449196,0.0,4.0,26.5625,73.731,
vin test 8x8 -3,non_urban,9,RRT*,classical,False,7,1,0,2,True,0.147211,8.242640614509583,8.0,0.3926990902558596,1.375,0.0,7.071067810058594,26.5625,82.963,
vin test 8x8 -3,non_urban,10,RRT*,classical,False,6,5,7,6,True,0.164016,1.4142135381698608,2.0,0.0,1.5,0.0,1.4142135381698608,26.5625,57.183,
vin test 8x8 -3,non_urban,1,RRT-Connect,classical,False,,,,,False,,,,,,,,,,name 'n' is not defined
vin test 8x8 -3,non_urban,2,RRT-Connect,classical,False,,,,,False,,,,,,,,,,name 'n' is not defined
vin test 8x8 -3,non_urban,3,RRT-Connect,classical,False,,,,,False,,,,,,,,,,name 'n' is not defined
vin test 8x8 -3,non_urban,4,RRT-Connect,classical,False,,,,,False,,,,,,,,,,name 'n' is not defined
vin test 8x8 -3,non_urban,5,RRT-Connect,classical,False,,,,,False,,,,,,,,,,name 'n' is not defined
vin test 8x8 -3,non_urban,6,RRT-Connect,classical,False,,,,,False,,,,,,,,,,name 'n' is not defined
vin test 8x8 -3,non_urban,7,RRT-Connect,classical,False,,,,,False,,,,,,,,,,name 'n' is not defined
vin test 8x8 -3,non_urban,8,RRT-Connect,classical,False,,,,,False,,,,,,,,,,name 'n' is not defined
vin test 8x8 -3,non_urban,9,RRT-Connect,classical,False,,,,,False,,,,,,,,,,name 'n' is not defined
vin test 8x8 -3,non_urban,10,RRT-Connect,classical,False,,,,,False,,,,,,,,,,name 'n' is not defined
Long Wall,non_urban,1,RRT-Connect,classical,False,,,,,False,,,,,,,,,,name 'n' is not defined
Long Wall,non_urban,2,RRT-Connect,classical,False,,,,,False,,,,,,,,,,name 'n' is not defined
Long Wall,non_urban,3,RRT-Connect,classical,False,,,,,False,,,,,,,,,,name 'n' is not defined
Long Wall,non_urban,4,RRT-Connect,classical,False,,,,,False,,,,,,,,,,name 'n' is not defined
Long Wall,non_urban,5,RRT-Connect,classical,False,,,,,False,,,,,,,,,,name 'n' is not defined
Long Wall,non_urban,6,RRT-Connect,classical,False,,,,,False,,,,,,,,,,name 'n' is not defined
Long Wall,non_urban,7,RRT-Connect,classical,False,,,,,False,,,,,,,,,,name 'n' is not defined
Long Wall,non_urban,8,RRT-Connect,classical,False,,,,,False,,,,,,,,,,name 'n' is not defined
Long Wall,non_urban,9,RRT-Connect,classical,False,,,,,False,,,,,,,,,,name 'n' is not defined
Long Wall,non_urban,10,RRT-Connect,classical,False,,,,,False,,,,,,,,,,name 'n' is not defined
vin test 8x8 -3,non_urban,1,Wave-front,classical,False,1,7,7,0,True,0.019389,11.485281229019165,10.0,0.39269907998729703,1.3414213562373096,0.0,9.219544410705566,26.5625,67.398,
vin test 8x8 -3,non_urban,2,Wave-front,classical,False,1,0,4,2,True,0.007851,4.414213538169861,5.0,0.3141592653589793,1.082842712474619,0.0,3.605551242828369,26.5625,20.625,
vin test 8x8 -3,non_urban,3,Wave-front,classical,False,1,2,0,2,True,0.001872,1.0,2.0,0.0,1.5,0.0,1.0,26.5625,7.825,
vin test 8x8 -3,non_urban,4,Wave-front,classical,False,0,1,6,0,True,0.01136,6.414213538169861,7.0,0.22439948014620548,1.6643259342675552,0.0,6.082762718200684,26.5625,25.937,
vin test 8x8 -3,non_urban,5,Wave-front,classical,False,4,7,0,6,True,0.008865,4.414213538169861,5.0,0.15707963610234382,1.248528137423857,0.0,4.123105525970459,26.5625,21.447,
vin test 8x8 -3,non_urban,6,Wave-front,classical,False,5,0,6,6,True,0.019238,10.071067690849304,9.0,0.3490658503988659,1.1373408863888654,0.0,6.082762718200684,26.5625,34.953,
vin test 8x8 -3,non_urban,7,Wave-front,classical,False,0,5,2,0,True,0.012044,5.828427076339722,6.0,0.13089969104719623,1.4417135899788143,0.0,5.385164737701416,26.5625,22.055,
vin test 8x8 -3,non_urban,8,Wave-front,classical,False,1,0,5,0,True,0.008943,4.0,5.0,0.0,1.412899020449196,0.0,4.0,26.5625,31.177,
vin test 8x8 -3,non_urban,9,Wave-front,classical,False,7,1,0,2,True,0.01957,8.242640614509583,8.0,0.2945243176918947,1.5,0.0,7.071067810058594,26.5625,34.209,
vin test 8x8 -3,non_urban,10,Wave-front,classical,False,6,5,7,6,True,0.002119,1.4142135381698608,2.0,0.0,1.5,0.0,1.4142135381698608,26.5625,7.769,
vin test 8x8 -3,non_urban,1,Dijkstra,classical,False,1,7,7,0,True,0.022297,10.656854152679443,10.0,0.39269907998729703,1.3414213562373096,0.0,9.219544410705566,26.5625,94.462,
vin test 8x8 -3,non_urban,2,Dijkstra,classical,False,1,0,4,2,True,0.0104,4.414213538169861,5.0,0.3141592653589793,1.082842712474619,0.0,3.605551242828369,26.5625,30.313,
vin test 8x8 -3,non_urban,3,Dijkstra,classical,False,1,2,0,2,True,0.002748,1.0,2.0,0.0,1.5,0.0,1.0,26.5625,10.041,
vin test 8x8 -3,non_urban,4,Dijkstra,classical,False,0,1,6,0,True,0.014803,6.414213538169861,7.0,0.22439948014620548,1.6643259342675552,0.0,6.082762718200684,26.5625,42.345,
vin test 8x8 -3,non_urban,5,Dijkstra,classical,False,4,7,0,6,True,0.009235,4.414213538169861,5.0,0.15707963610234382,1.248528137423857,0.0,4.123105525970459,26.5625,32.713,
vin test 8x8 -3,non_urban,6,Dijkstra,classical,False,5,0,6,6,True,0.019886,10.071067690849304,9.0,0.3490658503988659,1.1373408863888654,0.0,6.082762718200684,26.5625,52.785,
vin test 8x8 -3,non_urban,7,Dijkstra,classical,False,0,5,2,0,True,0.013857,5.828427076339722,6.0,0.13089969104719623,1.4417135899788143,0.0,5.385164737701416,26.5625,23.577,
vin test 8x8 -3,non_urban,8,Dijkstra,classical,False,1,0,5,0,True,0.007861,4.0,5.0,0.0,1.412899020449196,0.0,4.0,26.5625,34.969,
vin test 8x8 -3,non_urban,9,Dijkstra,classical,False,7,1,0,2,True,0.015384,8.242640614509583,8.0,0.2945243176918947,1.5,0.0,7.071067810058594,26.5625,40.585,
vin test 8x8 -3,non_urban,10,Dijkstra,classical,False,6,5,7,6,True,0.002977,1.4142135381698608,2.0,0.0,1.5,0.0,1.4142135381698608,26.5625,13.657,
Long Wall,non_urban,1,Wave-front,classical,False,9,22,15,3,True,0.266008,21.485281229019165,20.0,0.03926990731415887,2.900446345900088,0.0,19.92485809326172,7.670454545454546,104.054,
Long Wall,non_urban,2,Wave-front,classical,False,25,0,15,25,True,0.406656,29.14213538169861,26.0,0.030207621010891438,6.273200299738386,0.0,26.925823211669922,7.670454545454546,34.119,
Long Wall,non_urban,3,Wave-front,classical,False,18,8,19,7,True,0.001998,1.4142135381698608,2.0,0.0,1.618033988749895,0.0,1.4142135381698608,7.670454545454546,13.817,
Long Wall,non_urban,4,Wave-front,classical,False,30,6,10,4,True,0.311772,20.82842707633972,21.0,0.03739991335770091,5.345201346806259,0.0,20.099750518798828,7.670454545454546,37.943,
Long Wall,non_urban,5,Wave-front,classical,False,10,25,5,3,True,0.217264,24.071067690849304,23.0,0.1024432364717188,3.839548498860226,0.0,22.56102752685547,7.670454545454546,36.919,
Long Wall,non_urban,6,Wave-front,classical,False,14,23,14,25,True,0.003003,2.0,3.0,0.0,6.08428328525216,0.0,2.0,7.670454545454546,21.049,
Long Wall,non_urban,7,Wave-front,classical,False,4,30,12,19,True,0.128361,14.313708305358887,12.0,0.06544984552359812,9.064567432242175,0.0,13.601470947265625,7.670454545454546,128.287,
Long Wall,non_urban,8,Wave-front,classical,False,23,2,25,20,True,0.234761,18.82842707633972,19.0,0.04133674454121986,5.016411406316447,0.0,18.11077117919922,7.670454545454546,33.511,
Long Wall,non_urban,9,Wave-front,classical,False,25,14,32,0,True,0.081194,16.899494767189026,15.0,0.052359876418878494,8.736787720691515,0.0,15.65247631072998,7.670454545454546,23.753,
Long Wall,non_urban,10,Wave-front,classical,False,30,0,29,2,True,0.002006,2.414213538169861,3.0,0.26179938209439246,13.961662541912034,0.0,2.2360680103302,7.670454545454546,15.961,
vin test 8x8 -3,non_urban,1,Potential Field,classical,False,1,7,7,0,True,0.058001,10.656854152679443,10.0,0.31415926193612514,1.5650281539872886,0.0,9.219544410705566,26.5625,134.318,
vin test 8x8 -3,non_urban,2,Potential Field,classical,False,1,0,4,2,True,0.063411,4.414213538169861,5.0,0.3141592653589793,1.082842712474619,0.0,3.605551242828369,26.5625,57.047,
vin test 8x8 -3,non_urban,3,Potential Field,classical,False,1,2,0,2,True,0.04877,1.0,2.0,0.0,1.5,0.0,1.0,26.5625,30.607,
vin test 8x8 -3,non_urban,4,Potential Field,classical,False,0,1,6,0,True,0.04488,6.414213538169861,7.0,0.11219974007310274,1.7234993003208543,0.0,6.082762718200684,26.5625,34.263,
vin test 8x8 -3,non_urban,5,Potential Field,classical,False,4,7,0,6,True,0.043158,5.2426406145095825,5.0,0.15707963610234382,1.082842712474619,0.0,4.123105525970459,26.5625,33.687,
vin test 8x8 -3,non_urban,6,Potential Field,classical,False,5,0,6,6,True,0.048062,12.656854152679443,12.0,0.5235987755982988,1.1863389981249826,0.0,6.082762718200684,26.5625,38.431,
vin test 8x8 -3,non_urban,7,Potential Field,classical,False,0,5,2,0,True,0.041214,6.656854152679443,6.0,0.5235987641887849,1.0,0.0,5.385164737701416,26.5625,35.127,
vin test 8x8 -3,non_urban,8,Potential Field,classical,False,1,0,5,0,True,0.042734,4.0,5.0,0.0,1.412899020449196,0.0,4.0,26.5625,98.657,
vin test 8x8 -3,non_urban,9,Potential Field,classical,False,7,1,0,2,True,0.043927,8.242640614509583,8.0,0.2945243176918947,1.25,0.0,7.071067810058594,26.5625,68.663,
vin test 8x8 -3,non_urban,10,Potential Field,classical,False,6,5,7,6,True,0.04165,1.4142135381698608,2.0,0.0,1.5,0.0,1.4142135381698608,26.5625,34.327,
Long Wall,non_urban,1,Dijkstra,classical,False,9,22,15,3,True,0.304219,21.485281229019165,20.0,0.03926990731415887,2.900446345900088,0.0,19.92485809326172,7.670454545454546,406.721,
Long Wall,non_urban,2,Dijkstra,classical,False,25,0,15,25,True,0.357209,29.14213538169861,26.0,0.030207621010891438,6.273200299738386,0.0,26.925823211669922,7.670454545454546,327.024,
Long Wall,non_urban,3,Dijkstra,classical,False,18,8,19,7,True,0.004337,1.4142135381698608,2.0,0.0,1.618033988749895,0.0,1.4142135381698608,7.670454545454546,20.009,
Long Wall,non_urban,4,Dijkstra,classical,False,30,6,10,4,True,0.188887,20.82842707633972,21.0,0.03739991335770091,5.345201346806259,0.0,20.099750518798828,7.670454545454546,214.617,
Long Wall,non_urban,5,Dijkstra,classical,False,10,25,5,3,True,0.316766,24.071067690849304,23.0,0.1024432364717188,3.839548498860226,0.0,22.56102752685547,7.670454545454546,338.121,
Long Wall,non_urban,6,Dijkstra,classical,False,14,23,14,25,True,0.00878,2.0,3.0,0.0,6.08428328525216,0.0,2.0,7.670454545454546,26.553,
Long Wall,non_urban,7,Dijkstra,classical,False,4,30,12,19,True,0.101582,14.313708305358887,12.0,0.06544984552359812,9.064567432242175,0.0,13.601470947265625,7.670454545454546,217.425,
Long Wall,non_urban,8,Dijkstra,classical,False,23,2,25,20,True,0.179984,18.82842707633972,19.0,0.04133674454121986,5.016411406316447,0.0,18.11077117919922,7.670454545454546,205.001,
Long Wall,non_urban,9,Dijkstra,classical,False,25,14,32,0,True,0.227703,16.899494767189026,15.0,0.052359876418878494,8.736787720691515,0.0,15.65247631072998,7.670454545454546,241.873,
Long Wall,non_urban,10,Dijkstra,classical,False,30,0,29,2,True,0.005931,2.414213538169861,3.0,0.26179938209439246,13.961662541912034,0.0,2.2360680103302,7.670454545454546,23.553,
vin test 8x8 -3,non_urban,1,Probabilistic Foam (GBPF),classical,True,1,7,7,0,True,0.071323,14.656854152679443,14.0,0.44879894317814006,1.6939126172942047,0.0,9.219544410705566,26.5625,98.324,
vin test 8x8 -3,non_urban,2,Probabilistic Foam (GBPF),classical,True,1,0,4,2,True,0.022234,7.2426406145095825,7.0,0.6731984257692414,1.2612038749637413,0.0,3.605551242828369,26.5625,31.829,
vin test 8x8 -3,non_urban,3,Probabilistic Foam (GBPF),classical,True,1,2,0,2,True,0.001082,2.414213538169861,3.0,0.26179938209439246,1.4714045207910316,0.0,1.0,26.5625,9.949,
vin test 8x8 -3,non_urban,4,Probabilistic Foam (GBPF),classical,True,0,1,6,0,True,0.016625,6.414213538169861,7.0,0.22439948014620548,1.6643259342675552,0.0,6.082762718200684,26.5625,30.717,
vin test 8x8 -3,non_urban,5,Probabilistic Foam (GBPF),classical,True,4,7,0,6,True,0.004711,4.414213538169861,5.0,0.31415927220468765,1.1656854249492379,0.0,4.123105525970459,26.5625,16.133,
vin test 8x8 -3,non_urban,6,Probabilistic Foam (GBPF),classical,True,5,0,6,6,True,0.856842,17.82842707633972,18.0,0.3054326181482148,1.2754120738465642,0.0,6.082762718200684,26.5625,117.761,
vin test 8x8 -3,non_urban,7,Probabilistic Foam (GBPF),classical,True,0,5,2,0,True,0.017914,6.414213538169861,7.0,0.4487989456230359,1.1775200981598977,0.0,5.385164737701416,26.5625,23.229,
vin test 8x8 -3,non_urban,8,Probabilistic Foam (GBPF),classical,True,1,0,5,0,True,0.011005,4.0,5.0,0.0,1.412899020449196,0.0,4.0,26.5625,24.637,
vin test 8x8 -3,non_urban,9,Probabilistic Foam (GBPF),classical,True,7,1,0,2,True,0.068094,10.242640614509583,10.0,0.47123890146132313,1.4650281539872885,0.0,7.071067810058594,26.5625,52.887,
vin test 8x8 -3,non_urban,10,Probabilistic Foam (GBPF),classical,True,6,5,7,6,True,0.002926,2.0,3.0,0.5235987755982988,1.3333333333333333,0.0,1.4142135381698608,26.5625,11.413,
vin test 8x8 -3,non_urban,1,Probabilistic Foam (PFM),classical,True,1,7,7,0,False,0.004447,0.0,1.0,0.0,1.4142135623730951,9.219544410705566,9.219544410705566,26.5625,39.406,
vin test 8x8 -3,non_urban,2,Probabilistic Foam (PFM),classical,True,1,0,4,2,False,0.039412,0.0,1.0,0.0,1.4142135623730951,3.605551242828369,3.605551242828369,26.5625,46.153,
vin test 8x8 -3,non_urban,3,Probabilistic Foam (PFM),classical,True,1,2,0,2,True,0.001008,2.414213538169861,3.0,0.26179938209439246,1.74535599249993,0.0,1.0,26.5625,10.585,
vin test 8x8 -3,non_urban,4,Probabilistic Foam (PFM),classical,True,0,1,6,0,True,0.030565,7.2426406145095825,7.0,0.22439948014620548,1.68977530353517,0.0,6.082762718200684,26.5625,55.041,
vin test 8x8 -3,non_urban,5,Probabilistic Foam (PFM),classical,True,4,7,0,6,True,0.035854,11.242640614509583,11.0,0.7139983396963735,1.128564869306645,0.0,4.123105525970459,26.5625,61.753,
vin test 8x8 -3,non_urban,6,Probabilistic Foam (PFM),classical,True,5,0,6,6,True,0.066289,10.656854152679443,10.0,0.6283185307179586,1.123606797749979,0.0,6.082762718200684,26.5625,39.345,
vin test 8x8 -3,non_urban,7,Probabilistic Foam (PFM),classical,True,0,5,2,0,True,0.024879,7.2426406145095825,7.0,0.560998680806347,1.4040610178208843,0.0,5.385164737701416,26.5625,24.737,
vin test 8x8 -3,non_urban,8,Probabilistic Foam (PFM),classical,True,1,0,5,0,False,0.07988,0.0,1.0,0.0,1.4142135623730951,4.0,4.0,26.5625,93.953,
vin test 8x8 -3,non_urban,9,Probabilistic Foam (PFM),classical,True,7,1,0,2,False,0.011805,0.0,1.0,0.0,2.0,7.071067810058594,7.071067810058594,26.5625,18.673,
vin test 8x8 -3,non_urban,10,Probabilistic Foam (PFM),classical,True,6,5,7,6,True,0.001598,2.0,3.0,0.5235987755982988,1.3333333333333333,0.0,1.4142135381698608,26.5625,9.737,
vin test 8x8 -3,non_urban,1,Probabilistic Foam (RBPF),classical,True,1,7,7,0,False,0.005508,0.0,1.0,0.0,1.4142135623730951,9.219544410705566,9.219544410705566,26.5625,41.598,
vin test 8x8 -3,non_urban,2,Probabilistic Foam (RBPF),classical,True,1,0,4,2,False,0.001508,0.0,1.0,0.0,1.4142135623730951,3.605551242828369,3.605551242828369,26.5625,6.204,
vin test 8x8 -3,non_urban,3,Probabilistic Foam (RBPF),classical,True,1,2,0,2,True,0.002014,2.414213538169861,3.0,0.26179938209439246,1.4714045207910316,0.0,1.0,26.5625,11.916,
vin test 8x8 -3,non_urban,4,Probabilistic Foam (RBPF),classical,True,0,1,6,0,True,0.04342,7.2426406145095825,7.0,0.44879896029241095,1.6306019374818708,0.0,6.082762718200684,26.5625,60.804,
vin test 8x8 -3,non_urban,5,Probabilistic Foam (RBPF),classical,True,4,7,0,6,True,0.012154,5.2426406145095825,5.0,0.15707963610234382,1.082842712474619,0.0,4.123105525970459,26.5625,26.444,
vin test 8x8 -3,non_urban,6,Probabilistic Foam (RBPF),classical,True,5,0,6,6,True,0.056171,12.899494767189026,11.0,0.3569991636248155,1.1123698161363444,0.0,6.082762718200684,26.5625,78.54,
vin test 8x8 -3,non_urban,7,Probabilistic Foam (RBPF),classical,True,0,5,2,0,True,0.019679,7.2426406145095825,7.0,0.673198415989658,1.4632343838741837,0.0,5.385164737701416,26.5625,20.292,
vin test 8x8 -3,non_urban,8,Probabilistic Foam (RBPF),classical,True,1,0,5,0,False,0.05786,0.0,1.0,0.0,1.4142135623730951,4.0,4.0,26.5625,86.036,
vin test 8x8 -3,non_urban,9,Probabilistic Foam (RBPF),classical,True,7,1,0,2,True,0.020005,8.242640614509583,8.0,0.4908738628198245,1.551776695296637,0.0,7.071067810058594,26.5625,42.972,
vin test 8x8 -3,non_urban,10,Probabilistic Foam (RBPF),classical,True,6,5,7,6,True,0.00151,2.0,3.0,0.5235987755982988,1.3333333333333333,0.0,1.4142135381698608,26.5625,9.852,
vin test 8x8 -3,non_urban,1,Probabilistic Foam (HPF),classical,True,1,7,7,0,False,0.005108,0.0,1.0,0.0,1.4142135623730951,9.219544410705566,9.219544410705566,26.5625,39.886,
vin test 8x8 -3,non_urban,2,Probabilistic Foam (HPF),classical,True,1,0,4,2,False,0.075132,0.0,1.0,0.0,1.4142135623730951,3.605551242828369,3.605551242828369,26.5625,74.489,
vin test 8x8 -3,non_urban,3,Probabilistic Foam (HPF),classical,True,1,2,0,2,True,0.002001,2.414213538169861,3.0,0.26179938209439246,1.4714045207910316,0.0,1.0,26.5625,11.769,
vin test 8x8 -3,non_urban,4,Probabilistic Foam (HPF),classical,True,0,1,6,0,True,0.012449,7.2426406145095825,7.0,0.22439948014620548,1.68977530353517,0.0,6.082762718200684,26.5625,30.041,
vin test 8x8 -3,non_urban,5,Probabilistic Foam (HPF),classical,True,4,7,0,6,True,0.027986,12.656854152679443,12.0,0.5235987784506774,1.1523689270621826,0.0,4.123105525970459,26.5625,57.345,
vin test 8x8 -3,non_urban,6,Probabilistic Foam (HPF),classical,True,5,0,6,6,True,0.031771,11.242640614509583,11.0,0.6425984957693421,1.1123698161363444,0.0,6.082762718200684,26.5625,33.497,
vin test 8x8 -3,non_urban,7,Probabilistic Foam (HPF),classical,True,0,5,2,0,True,0.019842,7.828427076339722,8.0,0.4908738457055536,1.5080618877807477,0.0,5.385164737701416,26.5625,26.385,
vin test 8x8 -3,non_urban,8,Probabilistic Foam (HPF),classical,True,1,0,5,0,False,0.060454,0.0,1.0,0.0,1.4142135623730951,4.0,4.0,26.5625,96.609,
vin test 8x8 -3,non_urban,9,Probabilistic Foam (HPF),classical,True,7,1,0,2,True,0.014841,9.656854152679443,9.0,0.6981317084040745,1.627809059985876,0.0,7.071067810058594,26.5625,38.665,
vin test 8x8 -3,non_urban,10,Probabilistic Foam (HPF),classical,True,6,5,7,6,True,0.001199,2.0,3.0,0.5235987755982988,1.3333333333333333,0.0,1.4142135381698608,26.5625,10.001,
vin test 16x16 -1,non_urban,1,A*,classical,False,9,12,12,1,True,0.023946,15.071067690849304,14.0,0.44879894317814006,1.4595698857292985,0.0,11.401754379272461,16.796875,110.358,
vin test 16x16 -1,non_urban,2,A*,classical,False,6,0,5,14,True,0.011547,14.41421353816986,15.0,0.10471975283775699,1.8860845243106892,0.0,14.03566837310791,16.796875,57.433,
vin test 16x16 -1,non_urban,3,A*,classical,False,11,4,3,4,True,0.007449,8.0,9.0,0.0,1.8331637224951285,0.0,8.0,16.796875,37.465,
vin test 16x16 -1,non_urban,4,A*,classical,False,14,3,3,2,True,0.021248,12.242640614509583,12.0,0.1963495451279298,1.6571957931143897,0.0,11.045360565185547,16.796875,63.457,
vin test 16x16 -1,non_urban,5,A*,classical,False,4,14,10,1,True,0.026226,15.485281229019165,14.0,0.3926990731415887,1.4627649046156483,0.0,14.317821502685547,16.796875,49.665,
vin test 16x16 -1,non_urban,6,A*,classical,False,4,13,5,14,True,0.001999,1.4142135381698608,2.0,0.0,1.2071067811865475,0.0,1.4142135381698608,16.796875,10.969,
vin test 16x16 -1,non_urban,7,A*,classical,False,10,10,6,1,True,0.023025,16.313708305358887,14.0,0.3926990853660679,1.0714285714285714,0.0,9.848857879638672,16.796875,47.273,
vin test 16x16 -1,non_urban,8,A*,classical,False,12,11,8,7,True,0.028849,12.242640614509583,12.0,0.327249236175126,1.0,0.0,5.656854152679443,16.796875,91.553,
vin test 16x16 -1,non_urban,9,A*,classical,False,8,0,7,0,True,0.001372,1.0,2.0,0.0,2.0,0.0,1.0,16.796875,13.665,
vin test 16x16 -1,non_urban,10,A*,classical,False,7,1,12,3,True,0.007877,5.828427076339722,6.0,0.3926990902558596,1.4417135899788143,0.0,5.385164737701416,16.796875,35.537,
vin test 16x16 -1,non_urban,1,SPRM,classical,False,9,12,12,1,True,0.232149,18.727921843528748,16.0,0.44178646370213887,1.4427662462551916,0.0,11.401754379272461,16.796875,630.125,
vin test 16x16 -1,non_urban,2,SPRM,classical,False,6,0,5,14,True,0.180618,16.071067690849304,15.0,0.5235987641887849,1.617493701663758,0.0,14.03566837310791,16.796875,436.683,
vin test 16x16 -1,non_urban,3,SPRM,classical,False,11,4,3,4,True,0.010233,8.0,9.0,0.0,1.8331637224951285,0.0,8.0,16.796875,12.17,
vin test 16x16 -1,non_urban,4,SPRM,classical,False,14,3,3,2,True,0.171371,17.656854152679443,17.0,0.4619989236724451,2.4513967986837404,0.0,11.045360565185547,16.796875,485.617,
vin test 16x16 -1,non_urban,5,SPRM,classical,False,4,14,10,1,True,0.157651,18.41421353816986,19.0,0.16534697996638165,1.5668408699620744,0.0,14.317821502685547,16.796875,197.462,
vin test 16x16 -1,non_urban,6,SPRM,classical,False,4,13,5,14,True,0.007349,1.4142135381698608,2.0,0.0,1.2071067811865475,0.0,1.4142135381698608,16.796875,8.378,
vin test 16x16 -1,non_urban,7,SPRM,classical,False,10,10,6,1,True,0.502653,42.21320307254791,37.0,0.5731283890436984,1.991732605482193,0.0,9.848857879638672,16.796875,874.312,
vin test 16x16 -1,non_urban,8,SPRM,classical,False,12,11,8,7,True,0.541239,27.899494767189026,26.0,0.5739448097387965,1.7022300157301504,0.0,5.656854152679443,16.796875,809.558,
vin test 16x16 -1,non_urban,9,SPRM,classical,False,8,0,7,0,True,0.012051,1.0,2.0,0.0,2.0,0.0,1.0,16.796875,8.33,
vin test 16x16 -1,non_urban,10,SPRM,classical,False,7,1,12,3,True,0.01167,5.828427076339722,6.0,0.5235987870078128,1.4023689270621826,0.0,5.385164737701416,16.796875,10.546,
Long Wall,non_urban,1,Potential Field,classical,False,9,22,15,3,True,2.52892,30.213203072547913,25.0,0.3455751898411647,1.9080573395005218,0.0,19.92485809326172,7.670454545454546,465.327,
Long Wall,non_urban,2,Potential Field,classical,False,25,0,15,25,True,2.628307,37.870057225227356,31.0,0.2786896692267457,3.1586005018217755,0.0,26.925823211669922,7.670454545454546,413.655,
Long Wall,non_urban,3,Potential Field,classical,False,18,8,19,7,True,2.526602,1.4142135381698608,2.0,0.0,1.618033988749895,0.0,1.4142135381698608,7.670454545454546,403.279,
Long Wall,non_urban,4,Potential Field,classical,False,30,6,10,4,True,2.541802,20.82842707633972,21.0,0.03739991335770091,6.699084041851491,0.0,20.099750518798828,7.670454545454546,450.903,
Long Wall,non_urban,5,Potential Field,classical,False,10,25,5,3,True,2.611493,24.071067690849304,23.0,0.03414774549057293,6.652774745150701,0.0,22.56102752685547,7.670454545454546,557.495,
Long Wall,non_urban,6,Potential Field,classical,False,14,23,14,25,True,2.462635,2.0,3.0,0.0,6.08428328525216,0.0,2.0,7.670454545454546,430.983,
Long Wall,non_urban,7,Potential Field,classical,False,4,30,12,19,True,2.652595,14.313708305358887,12.0,0.06544984552359812,8.218568287688045,0.0,13.601470947265625,7.670454545454546,443.228,
Long Wall,non_urban,8,Potential Field,classical,False,23,2,25,20,True,2.482188,18.82842707633972,19.0,0.04133674454121986,6.508771515299801,0.0,18.11077117919922,7.670454545454546,463.624,
Long Wall,non_urban,9,Potential Field,classical,False,25,14,32,0,True,2.577785,16.899494767189026,15.0,0.052359876418878494,11.745841293919353,0.0,15.65247631072998,7.670454545454546,495.135,
Long Wall,non_urban,10,Potential Field,classical,False,30,0,29,2,True,2.478785,2.414213538169861,3.0,0.26179938209439246,13.708647089752638,0.0,2.2360680103302,7.670454545454546,402.583,
Long Wall,non_urban,1,Probabilistic Foam (GBPF),classical,True,9,22,15,3,True,0.017812,35.72792184352875,33.0,0.4997988255481649,2.570599924198287,0.0,19.92485809326172,7.670454545454546,108.063,
Long Wall,non_urban,2,Probabilistic Foam (GBPF),classical,True,25,0,15,25,True,0.007056,29.97056245803833,26.0,0.2718685890980229,6.066885337036203,0.0,26.925823211669922,7.670454545454546,40.013,
Long Wall,non_urban,3,Probabilistic Foam (GBPF),classical,True,18,8,19,7,True,0.001377,2.0,3.0,0.5235987755982988,1.74535599249993,0.0,1.4142135381698608,7.670454545454546,13.869,
Long Wall,non_urban,4,Probabilistic Foam (GBPF),classical,True,30,6,10,4,True,0.009623,25.313708305358887,23.0,0.4780684517499956,7.680334350117975,0.0,20.099750518798828,7.670454545454546,29.885,
Long Wall,non_urban,5,Probabilistic Foam (GBPF),classical,True,10,25,5,3,True,0.010923,24.071067690849304,23.0,0.30732970941515636,6.278792422806253,0.0,22.56102752685547,7.670454545454546,31.653,
Long Wall,non_urban,6,Probabilistic Foam (GBPF),classical,True,14,23,14,25,True,0.001927,8.0,9.0,0.0,7.734342117957198,0.0,2.0,7.670454545454546,17.037,
Long Wall,non_urban,7,Probabilistic Foam (GBPF),classical,True,4,30,12,19,True,0.003751,16.313708305358887,14.0,0.5048988083248998,7.647042610955288,0.0,13.601470947265625,7.670454545454546,18.997,
Long Wall,non_urban,8,Probabilistic Foam (GBPF),classical,True,23,2,25,20,True,0.004501,25.55634891986847,22.0,0.5354987392138522,7.655958465722025,0.0,18.11077117919922,7.670454545454546,41.405,
Long Wall,non_urban,9,Probabilistic Foam (GBPF),classical,True,25,14,32,0,True,0.008531,18.656854152679443,18.0,0.4363323129985824,9.520413895955228,0.0,15.65247631072998,7.670454545454546,43.597,
Long Wall,non_urban,10,Probabilistic Foam (GBPF),classical,True,30,0,29,2,True,0.007866,9.485281229019165,8.0,0.39269908169872414,11.881140772725471,0.0,2.2360680103302,7.670454545454546,28.477,
Long Wall,non_urban,1,Probabilistic Foam (PFM),classical,True,9,22,15,3,True,0.120179,50.21320307254791,45.0,0.47123889309434647,8.901511259087357,0.0,19.92485809326172,7.670454545454546,126.134,
Long Wall,non_urban,2,Probabilistic Foam (PFM),classical,True,25,0,15,25,True,0.123487,49.76955199241638,40.0,0.5890486131352375,9.95991461190718,0.0,26.925823211669922,7.670454545454546,44.083,
Long Wall,non_urban,3,Probabilistic Foam (PFM),classical,True,18,8,19,7,True,0.002078,2.0,3.0,0.5235987755982988,1.5500938466242948,0.0,1.4142135381698608,7.670454545454546,14.713,
Long Wall,non_urban,4,Probabilistic Foam (PFM),classical,True,30,6,10,4,True,0.050255,24.14213538169861,21.0,0.6731984404386167,7.352509628627557,0.0,20.099750518798828,7.670454545454546,28.457,
Long Wall,non_urban,5,Probabilistic Foam (PFM),classical,True,10,25,5,3,True,0.066589,38.55634891986847,35.0,0.2468394174032843,9.957571603534493,0.0,22.56102752685547,7.670454545454546,36.817,
Long Wall,non_urban,6,Probabilistic Foam (PFM),classical,True,14,23,14,25,True,0.002556,10.485281229019165,9.0,0.3490658503988659,7.887468177266186,0.0,2.0,7.670454545454546,18.273,
Long Wall,non_urban,7,Probabilistic Foam (PFM),classical,True,4,30,12,19,False,0.323722,0.0,1.0,0.0,15.264337522473747,13.601470947265625,13.601470947265625,7.670454545454546,43.097,
Long Wall,non_urban,8,Probabilistic Foam (PFM),classical,True,23,2,25,20,True,0.028015,29.313708305358887,27.0,0.5235987679919565,9.628338386782685,0.0,18.11077117919922,7.670454545454546,70.459,
Long Wall,non_urban,9,Probabilistic Foam (PFM),classical,True,25,14,32,0,True,0.029597,24.899494767189026,23.0,0.23903421843401051,11.540278952003058,0.0,15.65247631072998,7.670454545454546,68.639,
Long Wall,non_urban,10,Probabilistic Foam (PFM),classical,True,30,0,29,2,False,0.404243,0.0,1.0,0.0,14.866068747318506,2.2360680103302,2.2360680103302,7.670454545454546,65.033,
vin test 16x16 -1,non_urban,1,RT,classical,False,9,12,12,1,True,2.389148,66.87005722522736,60.0,0.49741883738885984,2.3465495708122135,0.0,11.401754379272461,16.796875,580.145,
vin test 16x16 -1,non_urban,2,RT,classical,False,6,0,5,14,True,1.057071,35.72792184352875,33.0,0.5235987683376994,2.2869135101304696,0.0,14.03566837310791,16.796875,308.909,
vin test 16x16 -1,non_urban,3,RT,classical,False,11,4,3,4,True,0.959576,15.071067690849304,14.0,0.504898820549379,2.5460630884228292,0.0,8.0,16.796875,298.458,
vin test 16x16 -1,non_urban,4,RT,classical,False,14,3,3,2,True,0.422973,46.14213538169861,43.0,0.4748919127519457,2.6353558317788828,0.0,11.045360565185547,16.796875,198.714,
vin test 16x16 -1,non_urban,5,RT,classical,False,4,14,10,1,True,0.119354,34.55634891986847,31.0,0.5067084892020434,2.588283597950989,0.0,14.317821502685547,16.796875,106.418,
vin test 16x16 -1,non_urban,6,RT,classical,False,4,13,5,14,True,2.083476,36.72792184352875,34.0,0.6467984804567284,1.6413414497594536,0.0,1.4142135381698608,16.796875,455.031,
vin test 16x16 -1,non_urban,7,RT,classical,False,10,10,6,1,True,0.065568,35.14213538169861,32.0,0.6626797062496278,1.9096233266794636,0.0,9.848857879638672,16.796875,88.199,
vin test 16x16 -1,non_urban,8,RT,classical,False,12,11,8,7,True,1.457115,23.071067690849304,22.0,0.49979882658539326,2.204337295789476,0.0,5.656854152679443,16.796875,414.8,
vin test 16x16 -1,non_urban,9,RT,classical,False,8,0,7,0,True,0.056281,10.656854152679443,10.0,0.7853981736660108,1.8828427124746192,0.0,1.0,16.796875,64.766,
vin test 16x16 -1,non_urban,10,RT,classical,False,7,1,12,3,True,0.032282,11.242640614509583,11.0,0.5711986674007389,2.0232575286669885,0.0,5.385164737701416,16.796875,48.066,
Long Wall,non_urban,1,Probabilistic Foam (RBPF),classical,True,9,22,15,3,True,0.174373,59.870057225227356,53.0,0.5334779990710422,8.292760056685216,0.0,19.92485809326172,7.670454545454546,131.31,
Long Wall,non_urban,2,Probabilistic Foam (RBPF),classical,True,25,0,15,25,True,0.062163,35.870057225227356,29.0,0.5416539010701658,8.235561883392597,0.0,26.925823211669922,7.670454545454546,32.318,
Long Wall,non_urban,3,Probabilistic Foam (RBPF),classical,True,18,8,19,7,True,0.002998,1.4142135381698608,2.0,0.0,1.618033988749895,0.0,1.4142135381698608,7.670454545454546,15.876,
Long Wall,non_urban,4,Probabilistic Foam (RBPF),classical,True,30,6,10,4,True,0.106668,24.14213538169861,21.0,0.6731984404386167,7.352509628627557,0.0,20.099750518798828,7.670454545454546,37.14,
Long Wall,non_urban,5,Probabilistic Foam (RBPF),classical,True,10,25,5,3,True,0.087378,35.485281229019165,34.0,0.3233992437518905,9.350251913474649,0.0,22.56102752685547,7.670454545454546,36.228,
Long Wall,non_urban,6,Probabilistic Foam (RBPF),classical,True,14,23,14,25,True,0.00401,8.828427076339722,9.0,0.3490658427925233,7.807723845436352,0.0,2.0,7.670454545454546,19.868,
Long Wall,non_urban,7,Probabilistic Foam (RBPF),classical,True,4,30,12,19,False,0.231409,0.0,1.0,0.0,15.264337522473747,13.601470947265625,13.601470947265625,7.670454545454546,36.82,
Long Wall,non_urban,8,Probabilistic Foam (RBPF),classical,True,23,2,25,20,True,0.139734,25.313708305358887,23.0,0.3073297138797488,9.339002444340027,0.0,18.11077117919922,7.670454545454546,133.028,
Long Wall,non_urban,9,Probabilistic Foam (RBPF),classical,True,25,14,32,0,True,0.028599,22.071067690849304,21.0,0.4487989456230359,9.879655431568375,0.0,15.65247631072998,7.670454545454546,30.246,
Long Wall,non_urban,10,Probabilistic Foam (RBPF),classical,True,30,0,29,2,False,0.275989,0.0,1.0,0.0,14.866068747318506,2.2360680103302,2.2360680103302,7.670454545454546,41.05,
Long Wall,non_urban,1,Probabilistic Foam (HPF),classical,True,9,22,15,3,True,0.094889,41.14213538169861,38.0,0.5373776889441205,8.210779667593485,0.0,19.92485809326172,7.670454545454546,121.222,
Long Wall,non_urban,2,Probabilistic Foam (HPF),classical,True,25,0,15,25,True,0.084345,40.21320307254791,35.0,0.6058785807474217,9.731880623703253,0.0,26.925823211669922,7.670454545454546,39.081,
Long Wall,non_urban,3,Probabilistic Foam (HPF),classical,True,18,8,19,7,True,0.002527,2.0,3.0,0.5235987755982988,1.5500938466242948,0.0,1.4142135381698608,7.670454545454546,14.825,
Long Wall,non_urban,4,Probabilistic Foam (HPF),classical,True,30,6,10,4,True,0.023316,23.313708305358887,21.0,0.5609987003655138,7.805751693943675,0.0,20.099750518798828,7.670454545454546,24.841,
Long Wall,non_urban,5,Probabilistic Foam (HPF),classical,True,10,25,5,3,True,0.039599,33.38477599620819,29.0,0.4604058157916112,8.513566501944295,0.0,22.56102752685547,7.670454545454546,32.027,
Long Wall,non_urban,6,Probabilistic Foam (HPF),classical,True,14,23,14,25,True,0.002556,10.828427076339722,11.0,0.5711986705124246,6.316069178950387,0.0,2.0,7.670454545454546,17.641,
Long Wall,non_urban,7,Probabilistic Foam (HPF),classical,True,4,30,12,19,False,0.280275,0.0,1.0,0.0,15.264337522473747,13.601470947265625,13.601470947265625,7.670454545454546,37.897,
Long Wall,non_urban,8,Probabilistic Foam (HPF),classical,True,23,2,25,20,True,0.029763,21.313708305358887,19.0,0.4133674454121986,7.768608865681403,0.0,18.11077117919922,7.670454545454546,65.873,
Long Wall,non_urban,9,Probabilistic Foam (HPF),classical,True,25,14,32,0,True,0.024285,23.727921843528748,21.0,0.4113990338952655,9.801916921948083,0.0,15.65247631072998,7.670454545454546,65.665,
Long Wall,non_urban,10,Probabilistic Foam (HPF),classical,True,30,0,29,2,False,0.314313,0.0,1.0,0.0,14.866068747318506,2.2360680103302,2.2360680103302,7.670454545454546,74.345,
Labyrinth,non_urban,1,A*,classical,False,9,18,19,2,True,0.041994,22.485281229019165,21.0,0.2991992970820239,2.1594852492923113,0.0,18.867961883544922,11.052631578947368,160.606,
Labyrinth,non_urban,2,A*,classical,False,12,0,7,7,True,0.011815,9.071067690849304,8.0,0.2945243048561915,3.8838834764831844,0.0,8.602325439453125,11.052631578947368,45.809,
Labyrinth,non_urban,3,A*,classical,False,11,6,19,5,True,0.012163,8.41421353816986,9.0,0.17453292900260425,2.7007928654850293,0.0,8.062257766723633,11.052631578947368,34.849,
Labyrinth,non_urban,4,A*,classical,False,14,3,14,2,True,0.001587,1.0,2.0,0.0,5.5,0.0,1.0,11.052631578947368,11.169,
Labyrinth,non_urban,5,A*,classical,False,19,15,6,2,True,0.041921,20.727921843528748,18.0,0.39269908645268825,2.2777777777777777,0.0,18.384777069091797,11.052631578947368,70.865,
Labyrinth,non_urban,6,A*,classical,False,3,17,0,12,True,0.007386,6.2426406145095825,6.0,0.3926990731415887,3.8333333333333335,0.0,5.830951690673828,11.052631578947368,24.425,
Labyrinth,non_urban,7,A*,classical,False,16,0,15,0,True,0.001513,1.0,2.0,0.0,8.031128874149275,0.0,1.0,11.052631578947368,10.281,
Labyrinth,non_urban,8,A*,classical,False,9,2,16,5,True,0.013457,8.242640614509583,8.0,0.4908738628198245,4.270284707521047,0.0,7.6157732009887695,11.052631578947368,61.297,
Labyrinth,non_urban,9,A*,classical,False,4,6,7,14,True,0.044586,17.242640614509583,17.0,0.1385996728735019,1.0,0.0,8.5440034866333,11.052631578947368,114.788,
Labyrinth,non_urban,10,A*,classical,False,10,17,13,0,True,0.064056,23.071067690849304,22.0,0.32129924477298544,2.347740069994222,0.0,17.262676239013672,11.052631578947368,112.601,
vin test 16x16 -1,non_urban,1,RRT,classical,False,9,12,12,1,True,0.230425,25.071067690849304,24.0,0.39269908169872414,1.901306692503345,0.0,11.401754379272461,16.796875,178.694,
vin test 16x16 -1,non_urban,2,RRT,classical,False,6,0,5,14,True,1.060542,17.242640614509583,17.0,0.5543986975343385,1.7081959977915075,0.0,14.03566837310791,16.796875,238.408,
vin test 16x16 -1,non_urban,3,RRT,classical,False,11,4,3,4,True,1.813255,11.656854152679443,11.0,0.7853981742883479,2.555265608277482,0.0,8.0,16.796875,211.32,
vin test 16x16 -1,non_urban,4,RRT,classical,False,14,3,3,2,True,0.680589,15.656854152679443,15.0,0.6283185398455697,2.4433627645185196,0.0,11.045360565185547,16.796875,172.947,
vin test 16x16 -1,non_urban,5,RRT,classical,False,4,14,10,1,True,6.904189,29.14213538169861,26.0,0.7853981607644838,2.3084647959094955,0.0,14.317821502685547,16.796875,266.458,
vin test 16x16 -1,non_urban,6,RRT,classical,False,4,13,5,14,True,1.365999,4.0,5.0,0.6283185307179586,1.612899020449196,0.0,1.4142135381698608,16.796875,197.95,
vin test 16x16 -1,non_urban,7,RRT,classical,False,10,10,6,1,True,0.348349,38.55634891986847,35.0,0.538558739637435,2.179321253085711,0.0,9.848857879638672,16.796875,236.518,
vin test 16x16 -1,non_urban,8,RRT,classical,False,12,11,8,7,True,0.737629,34.97056245803833,31.0,0.4813730629200994,2.133570353028659,0.0,5.656854152679443,16.796875,228.749,
vin test 16x16 -1,non_urban,9,RRT,classical,False,8,0,7,0,True,0.714672,1.0,2.0,0.0,2.0,0.0,1.0,16.796875,174.502,
vin test 16x16 -1,non_urban,10,RRT,classical,False,7,1,12,3,True,0.690416,10.41421353816986,11.0,0.42839899821678995,2.5643059605182477,0.0,5.385164737701416,16.796875,166.954,
Labyrinth,non_urban,1,SPRM,classical,False,9,18,19,2,True,0.095128,23.656854152679443,23.0,0.3414774653231116,3.273066790471458,0.0,18.867961883544922,11.052631578947368,144.065,
Labyrinth,non_urban,2,SPRM,classical,False,12,0,7,7,True,0.009393,9.071067690849304,8.0,0.3926990731415887,4.258883476483184,0.0,8.602325439453125,11.052631578947368,15.943,
Labyrinth,non_urban,3,SPRM,classical,False,11,6,19,5,True,0.01032,8.41421353816986,9.0,0.17453292900260425,2.890052180305739,0.0,8.062257766723633,11.052631578947368,13.802,
Labyrinth,non_urban,4,SPRM,classical,False,14,3,14,2,True,0.006972,1.0,2.0,0.0,5.5,0.0,1.0,11.052631578947368,8.282,
Labyrinth,non_urban,5,SPRM,classical,False,19,15,6,2,True,0.12805,22.485281229019165,21.0,0.5235987853778823,3.173822930470137,0.0,18.384777069091797,11.052631578947368,193.377,
Labyrinth,non_urban,6,SPRM,classical,False,3,17,0,12,True,0.01207,6.2426406145095825,6.0,0.5235987641887849,3.5,0.0,5.830951690673828,11.052631578947368,15.864,
Labyrinth,non_urban,7,SPRM,classical,False,16,0,15,0,True,0.009839,1.0,2.0,0.0,8.031128874149275,0.0,1.0,11.052631578947368,9.05,
Labyrinth,non_urban,8,SPRM,classical,False,9,2,16,5,True,0.008843,8.242640614509583,8.0,0.5890486353837894,4.145284707521047,0.0,7.6157732009887695,11.052631578947368,15.81,
Labyrinth,non_urban,9,SPRM,classical,False,4,6,7,14,True,0.862614,43.485281229019165,42.0,0.4113990412299532,1.2816292172558617,0.0,8.5440034866333,11.052631578947368,838.534,
Labyrinth,non_urban,10,SPRM,classical,False,10,17,13,0,True,0.28828,37.65685415267944,37.0,0.25472372681925126,2.744280893768849,0.0,17.262676239013672,11.052631578947368,708.814,
vin test 16x16 -1,non_urban,1,RRT*,classical,False,9,12,12,1,True,0.845691,17.313708305358887,15.0,0.4712388946156148,1.444669758513998,0.0,11.401754379272461,16.796875,190.923,
vin test 16x16 -1,non_urban,2,RRT*,classical,False,6,0,5,14,True,16.609064,14.41421353816986,15.0,0.10471975283775699,1.8860845243106892,0.0,14.03566837310791,16.796875,281.357,
vin test 16x16 -1,non_urban,3,RRT*,classical,False,11,4,3,4,True,3.331929,8.0,9.0,0.0,1.8331637224951285,0.0,8.0,16.796875,126.419,
vin test 16x16 -1,non_urban,4,RRT*,classical,False,14,3,3,2,True,2.682442,12.242640614509583,12.0,0.3926990902558596,1.5887079251871652,0.0,11.045360565185547,16.796875,117.259,
vin test 16x16 -1,non_urban,5,RRT*,classical,False,4,14,10,1,True,5.044226,15.485281229019165,14.0,0.4487989407332442,1.5341934760442197,0.0,14.317821502685547,16.796875,165.627,
vin test 16x16 -1,non_urban,6,RRT*,classical,False,4,13,5,14,True,0.061634,1.4142135381698608,2.0,0.0,1.2071067811865475,0.0,1.4142135381698608,16.796875,30.503,
vin test 16x16 -1,non_urban,7,RRT*,classical,False,10,10,6,1,True,4.77985,16.313708305358887,14.0,0.3926990853660679,1.1010152544552212,0.0,9.848857879638672,16.796875,354.323,
vin test 16x16 -1,non_urban,8,RRT*,classical,False,12,11,8,7,True,5.819249,15.071067690849304,14.0,0.5609986856961386,1.206637301928012,0.0,5.656854152679443,16.796875,182.643,
vin test 16x16 -1,non_urban,9,RRT*,classical,False,8,0,7,0,True,4.981125,1.0,2.0,0.0,2.0,0.0,1.0,16.796875,160.511,
vin test 16x16 -1,non_urban,10,RRT*,classical,False,7,1,12,3,True,3.098878,5.828427076339722,6.0,0.5235987870078128,1.4023689270621826,0.0,5.385164737701416,16.796875,124.915,
vin test 16x16 -1,non_urban,1,RRT-Connect,classical,False,,,,,False,,,,,,,,,,name 'n' is not defined
vin test 16x16 -1,non_urban,2,RRT-Connect,classical,False,,,,,False,,,,,,,,,,name 'n' is not defined
vin test 16x16 -1,non_urban,3,RRT-Connect,classical,False,,,,,False,,,,,,,,,,name 'n' is not defined
vin test 16x16 -1,non_urban,4,RRT-Connect,classical,False,,,,,False,,,,,,,,,,name 'n' is not defined
vin test 16x16 -1,non_urban,5,RRT-Connect,classical,False,,,,,False,,,,,,,,,,name 'n' is not defined
vin test 16x16 -1,non_urban,6,RRT-Connect,classical,False,,,,,False,,,,,,,,,,name 'n' is not defined
vin test 16x16 -1,non_urban,7,RRT-Connect,classical,False,,,,,False,,,,,,,,,,name 'n' is not defined
vin test 16x16 -1,non_urban,8,RRT-Connect,classical,False,,,,,False,,,,,,,,,,name 'n' is not defined
vin test 16x16 -1,non_urban,9,RRT-Connect,classical,False,,,,,False,,,,,,,,,,name 'n' is not defined
vin test 16x16 -1,non_urban,10,RRT-Connect,classical,False,,,,,False,,,,,,,,,,name 'n' is not defined
vin test 16x16 -1,non_urban,1,Wave-front,classical,False,9,12,12,1,True,0.067975,15.899494767189026,14.0,0.16829960521986242,1.4468452010954909,0.0,11.401754379272461,16.796875,124.39,
vin test 16x16 -1,non_urban,2,Wave-front,classical,False,6,0,5,14,True,0.08034,14.41421353816986,15.0,0.10471975283775699,1.8860845243106892,0.0,14.03566837310791,16.796875,31.975,
vin test 16x16 -1,non_urban,3,Wave-front,classical,False,11,4,3,4,True,0.045034,8.0,9.0,0.0,1.8331637224951285,0.0,8.0,16.796875,17.143,
vin test 16x16 -1,non_urban,4,Wave-front,classical,False,14,3,3,2,True,0.05766,12.242640614509583,12.0,0.1963495451279298,1.6571957931143897,0.0,11.045360565185547,16.796875,19.975,
vin test 16x16 -1,non_urban,5,Wave-front,classical,False,4,14,10,1,True,0.072886,15.485281229019165,14.0,0.11219973518331106,1.4627649046156483,0.0,14.317821502685547,16.796875,21.311,
vin test 16x16 -1,non_urban,6,Wave-front,classical,False,4,13,5,14,True,0.002026,1.4142135381698608,2.0,0.0,1.2071067811865475,0.0,1.4142135381698608,16.796875,8.537,
vin test 16x16 -1,non_urban,7,Wave-front,classical,False,10,10,6,1,True,0.07239,16.313708305358887,14.0,0.28049934529296516,1.0,0.0,9.848857879638672,16.796875,21.071,
vin test 16x16 -1,non_urban,8,Wave-front,classical,False,12,11,8,7,True,0.081794,12.242640614509583,12.0,0.327249236175126,1.0,0.0,5.656854152679443,16.796875,98.697,
vin test 16x16 -1,non_urban,9,Wave-front,classical,False,8,0,7,0,True,0.001036,1.0,2.0,0.0,2.0,0.0,1.0,16.796875,10.281,
vin test 16x16 -1,non_urban,10,Wave-front,classical,False,7,1,12,3,True,0.019421,5.828427076339722,6.0,0.1308996967519532,1.6477249195621126,0.0,5.385164737701416,16.796875,26.463,
vin test 16x16 -1,non_urban,1,Dijkstra,classical,False,9,12,12,1,True,0.087212,15.071067690849304,14.0,0.2804993404031735,1.5060185671487905,0.0,11.401754379272461,16.796875,216.406,
vin test 16x16 -1,non_urban,2,Dijkstra,classical,False,6,0,5,14,True,0.072839,14.41421353816986,15.0,0.10471975283775699,1.8860845243106892,0.0,14.03566837310791,16.796875,85.62,
vin test 16x16 -1,non_urban,3,Dijkstra,classical,False,11,4,3,4,True,0.04023,8.0,9.0,0.0,1.8331637224951285,0.0,8.0,16.796875,57.385,
vin test 16x16 -1,non_urban,4,Dijkstra,classical,False,14,3,3,2,True,0.060448,12.242640614509583,12.0,0.1963495451279298,1.6571957931143897,0.0,11.045360565185547,16.796875,69.937,
vin test 16x16 -1,non_urban,5,Dijkstra,classical,False,4,14,10,1,True,0.086356,15.485281229019165,14.0,0.11219973518331106,1.4627649046156483,0.0,14.317821502685547,16.796875,91.737,
vin test 16x16 -1,non_urban,6,Dijkstra,classical,False,4,13,5,14,True,0.004972,1.4142135381698608,2.0,0.0,1.2071067811865475,0.0,1.4142135381698608,16.796875,17.193,
vin test 16x16 -1,non_urban,7,Dijkstra,classical,False,10,10,6,1,True,0.076381,16.313708305358887,14.0,0.28049934529296516,1.0,0.0,9.848857879638672,16.796875,89.873,
vin test 16x16 -1,non_urban,8,Dijkstra,classical,False,12,11,8,7,True,0.058657,12.242640614509583,12.0,0.327249236175126,1.0,0.0,5.656854152679443,16.796875,140.928,
vin test 16x16 -1,non_urban,9,Dijkstra,classical,False,8,0,7,0,True,0.000999,1.0,2.0,0.0,2.0,0.0,1.0,16.796875,12.649,
vin test 16x16 -1,non_urban,10,Dijkstra,classical,False,7,1,12,3,True,0.022744,5.828427076339722,6.0,0.1308996967519532,1.6477249195621126,0.0,5.385164737701416,16.796875,61.817,
vin test 16x16 -1,non_urban,1,Potential Field,classical,False,9,12,12,1,True,0.349219,15.071067690849304,14.0,0.336599207994829,1.4595698857292985,0.0,11.401754379272461,16.796875,224.198,
vin test 16x16 -1,non_urban,2,Potential Field,classical,False,6,0,5,14,True,0.350365,14.41421353816986,15.0,0.052359876418878494,1.9136987618022292,0.0,14.03566837310791,16.796875,113.815,
vin test 16x16 -1,non_urban,3,Potential Field,classical,False,11,4,3,4,True,0.341453,8.0,9.0,0.0,1.8331637224951285,0.0,8.0,16.796875,112.727,
vin test 16x16 -1,non_urban,4,Potential Field,classical,False,14,3,3,2,True,0.34207,12.242640614509583,12.0,0.32724924187988297,1.8238624597810562,0.0,11.045360565185547,16.796875,117.13,
vin test 16x16 -1,non_urban,5,Potential Field,classical,False,4,14,10,1,True,0.362512,15.485281229019165,14.0,0.16829960277496658,1.3372392394098829,0.0,14.317821502685547,16.796875,120.279,
vin test 16x16 -1,non_urban,6,Potential Field,classical,False,4,13,5,14,True,0.341591,1.4142135381698608,2.0,0.0,1.2071067811865475,0.0,1.4142135381698608,16.796875,114.135,
vin test 16x16 -1,non_urban,7,Potential Field,classical,False,10,10,6,1,True,0.349352,16.313708305358887,14.0,0.16829960521986242,1.2775963940980481,0.0,9.848857879638672,16.796875,220.599,
vin test 16x16 -1,non_urban,8,Potential Field,classical,False,12,11,8,7,False,0.334632,3.8284270763397217,4.0,0.3926990731415887,1.0,3.605551242828369,5.656854152679443,16.796875,114.663,
vin test 16x16 -1,non_urban,9,Potential Field,classical,False,8,0,7,0,True,0.373667,1.0,2.0,0.0,2.0,0.0,1.0,16.796875,121.999,
vin test 16x16 -1,non_urban,10,Potential Field,classical,False,7,1,12,3,True,0.341999,5.828427076339722,6.0,0.2617993935039064,1.3333333333333333,0.0,5.385164737701416,16.796875,103.991,
vin test 16x16 -1,non_urban,1,Probabilistic Foam (GBPF),classical,True,9,12,12,1,True,0.688047,23.071067690849304,22.0,0.6425984957693422,1.9781993606336494,0.0,11.401754379272461,16.796875,210.254,
vin test 16x16 -1,non_urban,2,Probabilistic Foam (GBPF),classical,True,6,0,5,14,True,0.006242,14.41421353816986,15.0,0.10471975283775699,1.8860845243106892,0.0,14.03566837310791,16.796875,29.997,
vin test 16x16 -1,non_urban,3,Probabilistic Foam (GBPF),classical,True,11,4,3,4,True,0.022408,8.0,9.0,0.0,1.8331637224951285,0.0,8.0,16.796875,34.437,
vin test 16x16 -1,non_urban,4,Probabilistic Foam (GBPF),classical,True,14,3,3,2,True,0.019841,14.242640614509583,14.0,0.5609986905859303,1.7780658733565835,0.0,11.045360565185547,16.796875,31.413,
vin test 16x16 -1,non_urban,5,Probabilistic Foam (GBPF),classical,True,4,14,10,1,True,0.254005,21.485281229019165,20.0,0.5497787041096512,1.731373185347406,0.0,14.317821502685547,16.796875,93.135,
vin test 16x16 -1,non_urban,6,Probabilistic Foam (GBPF),classical,True,4,13,5,14,True,0.002391,1.4142135381698608,2.0,0.0,1.2071067811865475,0.0,1.4142135381698608,16.796875,9.925,
vin test 16x16 -1,non_urban,7,Probabilistic Foam (GBPF),classical,True,10,10,6,1,True,0.157573,20.899494767189026,19.0,0.5373776952493781,1.846307096005822,0.0,9.848857879638672,16.796875,65.781,
vin test 16x16 -1,non_urban,8,Probabilistic Foam (GBPF),classical,True,12,11,8,7,True,0.883473,20.242640614509583,20.0,0.6283185272951044,1.563227655930171,0.0,5.656854152679443,16.796875,204.757,
vin test 16x16 -1,non_urban,9,Probabilistic Foam (GBPF),classical,True,8,0,7,0,True,0.002044,2.414213538169861,3.0,0.26179938209439246,1.6666666666666667,0.0,1.0,16.796875,15.301,
vin test 16x16 -1,non_urban,10,Probabilistic Foam (GBPF),classical,True,7,1,12,3,True,0.011131,5.828427076339722,6.0,0.5235987870078128,1.4023689270621826,0.0,5.385164737701416,16.796875,26.685,
vin test 16x16 -1,non_urban,1,Probabilistic Foam (PFM),classical,True,9,12,12,1,True,0.32013,17.071067690849304,16.0,0.5890486204088023,2.0129173396847206,0.0,11.401754379272461,16.796875,191.99,
vin test 16x16 -1,non_urban,2,Probabilistic Foam (PFM),classical,True,6,0,5,14,True,0.141608,20.071067690849304,19.0,0.4133674544197096,2.3161076056199583,0.0,14.03566837310791,16.796875,54.443,
vin test 16x16 -1,non_urban,3,Probabilistic Foam (PFM),classical,True,11,4,3,4,True,0.05648,9.656854152679443,9.0,0.2617993935039064,1.9244808797314283,0.0,8.0,16.796875,28.841,
vin test 16x16 -1,non_urban,4,Probabilistic Foam (PFM),classical,True,14,3,3,2,True,0.130745,17.899494767189026,16.0,0.4417864658414227,2.524452795325524,0.0,11.045360565185547,16.796875,65.177,
vin test 16x16 -1,non_urban,5,Probabilistic Foam (PFM),classical,True,4,14,10,1,True,0.285129,24.899494767189026,23.0,0.5122161883113839,2.667160980955992,0.0,14.317821502685547,16.796875,87.767,
vin test 16x16 -1,non_urban,6,Probabilistic Foam (PFM),classical,True,4,13,5,14,True,0.002382,3.414213538169861,4.0,0.19634953657079435,1.4571067811865475,0.0,1.4142135381698608,16.796875,10.545,
vin test 16x16 -1,non_urban,7,Probabilistic Foam (PFM),classical,True,10,10,6,1,True,0.127114,21.14213538169861,18.0,0.5235987755982988,1.7917448721869123,0.0,9.848857879638672,16.796875,51.465,
vin test 16x16 -1,non_urban,8,Probabilistic Foam (PFM),classical,True,12,11,8,7,True,0.312256,17.313708305358887,15.0,0.523598773316396,1.4161760458079524,0.0,5.656854152679443,16.796875,196.545,
vin test 16x16 -1,non_urban,9,Probabilistic Foam (PFM),classical,True,8,0,7,0,True,0.001341,3.0,4.0,0.7853981633974483,2.0,0.0,1.0,16.796875,10.457,
vin test 16x16 -1,non_urban,10,Probabilistic Foam (PFM),classical,True,7,1,12,3,True,0.017457,7.828427076339722,8.0,0.39269908169872414,2.236615278374021,0.0,5.385164737701416,16.796875,19.385,
vin test 16x16 -1,non_urban,1,Probabilistic Foam (RBPF),classical,True,9,12,12,1,True,0.248391,29.55634891986847,26.0,0.4229067046843392,2.762732504806396,0.0,11.401754379272461,16.796875,189.374,
vin test 16x16 -1,non_urban,2,Probabilistic Foam (RBPF),classical,True,6,0,5,14,True,0.08559,27.727921843528748,25.0,0.534070746318269,3.0455276884806195,0.0,14.03566837310791,16.796875,46.326,
vin test 16x16 -1,non_urban,3,Probabilistic Foam (RBPF),classical,True,11,4,3,4,True,0.08546,13.313708305358887,11.0,0.4283990013284756,2.068573301617548,0.0,8.0,16.796875,49.5,
vin test 16x16 -1,non_urban,4,Probabilistic Foam (RBPF),classical,True,14,3,3,2,True,0.045615,19.313708305358887,17.0,0.5543987035746694,2.6533955281078683,0.0,11.045360565185547,16.796875,34.876,
vin test 16x16 -1,non_urban,5,Probabilistic Foam (RBPF),classical,True,4,14,10,1,True,0.187698,27.727921843528748,25.0,0.534070746318269,2.756185961070523,0.0,14.317821502685547,16.796875,72.682,
vin test 16x16 -1,non_urban,6,Probabilistic Foam (RBPF),classical,True,4,13,5,14,True,0.001364,1.4142135381698608,2.0,0.0,1.2071067811865475,0.0,1.4142135381698608,16.796875,9.932,
vin test 16x16 -1,non_urban,7,Probabilistic Foam (RBPF),classical,True,10,10,6,1,True,0.135971,23.727921843528748,21.0,0.5609986873260693,2.3768611404002162,0.0,9.848857879638672,16.796875,58.38,
vin test 16x16 -1,non_urban,8,Probabilistic Foam (RBPF),classical,True,12,11,8,7,True,0.181553,39.55634891986847,36.0,0.5235987736967134,2.696663243937864,0.0,5.656854152679443,16.796875,183.476,
vin test 16x16 -1,non_urban,9,Probabilistic Foam (RBPF),classical,True,8,0,7,0,True,0.00336,3.0,4.0,0.7853981633974483,2.0,0.0,1.0,16.796875,13.084,
vin test 16x16 -1,non_urban,10,Probabilistic Foam (RBPF),classical,True,7,1,12,3,True,0.058904,7.828427076339722,8.0,0.39269908169872414,2.236615278374021,0.0,5.385164737701416,16.796875,33.564,
vin test 16x16 -1,non_urban,1,Probabilistic Foam (HPF),classical,True,9,12,12,1,True,0.099202,19.313708305358887,17.0,0.64679848146345,1.9053762193793133,0.0,11.401754379272461,16.796875,148.462,
vin test 16x16 -1,non_urban,2,Probabilistic Foam (HPF),classical,True,6,0,5,14,True,0.047602,18.313708305358887,16.0,0.5399612277089683,1.945394650500289,0.0,14.03566837310791,16.796875,58.401,
vin test 16x16 -1,non_urban,3,Probabilistic Foam (HPF),classical,True,11,4,3,4,True,0.03355,10.242640614509583,10.0,0.4712389048841773,2.3444448022961835,0.0,8.0,16.796875,28.975,
vin test 16x16 -1,non_urban,4,Probabilistic Foam (HPF),classical,True,14,3,3,2,True,0.030464,13.656854152679443,13.0,0.362491465295521,2.3448158136731716,0.0,11.045360565185547,16.796875,29.475,
vin test 16x16 -1,non_urban,5,Probabilistic Foam (HPF),classical,True,4,14,10,1,True,0.105711,18.899494767189026,17.0,0.64679848146345,1.6546464826171743,0.0,14.317821502685547,16.796875,56.699,
vin test 16x16 -1,non_urban,6,Probabilistic Foam (HPF),classical,True,4,13,5,14,True,0.001508,1.4142135381698608,2.0,0.0,1.2071067811865475,0.0,1.4142135381698608,16.796875,9.929,
vin test 16x16 -1,non_urban,7,Probabilistic Foam (HPF),classical,True,10,10,6,1,True,0.143387,20.899494767189026,19.0,0.62005118613332,1.5951124099665932,0.0,9.848857879638672,16.796875,74.399,
vin test 16x16 -1,non_urban,8,Probabilistic Foam (HPF),classical,True,12,11,8,7,True,0.131539,17.899494767189026,16.0,0.39269908169872414,1.6696735401324292,0.0,5.656854152679443,16.796875,153.129,
vin test 16x16 -1,non_urban,9,Probabilistic Foam (HPF),classical,True,8,0,7,0,True,0.000985,3.0,4.0,0.7853981633974483,2.0,0.0,1.0,16.796875,13.457,
vin test 16x16 -1,non_urban,10,Probabilistic Foam (HPF),classical,True,7,1,12,3,True,0.013363,7.2426406145095825,7.0,0.44879895540261927,1.68977530353517,0.0,5.385164737701416,16.796875,28.825,
vin test 16x16 -2,non_urban,1,A*,classical,False,0,13,12,1,True,0.052549,19.313708305358887,17.0,0.27719934977389105,1.0730965110070168,0.0,16.970561981201172,19.53125,169.894,
vin test 16x16 -2,non_urban,2,A*,classical,False,6,0,15,14,True,0.047438,19.485281229019165,18.0,0.2617993897007351,1.5107491837076636,0.0,16.6433162689209,19.53125,92.529,
vin test 16x16 -2,non_urban,3,A*,classical,False,15,4,7,4,True,0.006425,8.0,9.0,0.0,1.275412073846564,0.0,8.0,19.53125,23.977,
vin test 16x16 -2,non_urban,4,A*,classical,False,2,4,4,2,True,0.004496,3.414213538169861,4.0,0.39269908169872414,1.1035533905932737,0.0,2.8284270763397217,19.53125,17.153,
vin test 16x16 -2,non_urban,5,A*,classical,False,14,14,10,1,True,0.025906,15.242640614509583,15.0,0.20943951023931953,1.5190562969322896,0.0,13.601470947265625,19.53125,45.681,
vin test 16x16 -2,non_urban,6,A*,classical,False,10,13,15,14,True,0.006777,5.414213538169861,6.0,0.2617993935039064,1.5107491837076632,0.0,5.099019527435303,19.53125,23.281,
vin test 16x16 -2,non_urban,7,A*,classical,False,15,10,6,1,True,0.031051,15.071067690849304,14.0,0.3926990853660679,1.4345899957202188,0.0,12.727922439575195,19.53125,45.625,
vin test 16x16 -2,non_urban,8,A*,classical,False,2,12,3,8,True,0.006468,5.828427076339722,6.0,0.5235987698935419,1.0,0.0,4.123105525970459,19.53125,37.697,
vin test 16x16 -2,non_urban,9,A*,classical,False,8,0,7,0,True,0.002511,1.0,2.0,0.0,2.0,0.0,1.0,19.53125,14.337,
vin test 16x16 -2,non_urban,10,A*,classical,False,7,1,0,4,True,0.007979,8.242640614509583,8.0,0.0981747725639649,1.4571067811865475,0.0,7.6157732009887695,19.53125,41.633,
